:020000022000DC
:1070000000A0012065B90200ED76040051B902002C
:1070100051B9020051B9020051B90200000000004C
:107020000000000000000000000000009DB9020008
:1070300051B902000000000071BC020051B9020009
:1070400025BD0200E5C0030025BD020025BD0200EC
:1070500025BD020025BD020025BD020025BD0200A0
:1070600025BD020025BD020025BD020025BD020090
:1070700025BD020025BD020025BD020025BD020080
:1070800025BD020025BD020025BD020025BD020070
:1070900025BD020025BD020025BD020025BD020060
:1070A00025BD020025BD020025BD020025BD020050
:1070B00025BD020025BD020025BD020025BD020040
:1070C00025BD020025BD020025BD020025BD020030
:1070D00025BD020025BD020025BD020025BD020020
:1070E00025BD020025BD020025BD020025BD020010
:1070F00025BD020025BD020025BD020025BD020000
:107100004FEA4102B2F1E04324BFB3F5001CDCF1C9
:10711000FE5C0DD901F0004C4FEAC0024CEA507001
:10712000B2F1004F40EB830008BF20F00100704730
:1071300011F0804F21D113F13872BCBF01F0004033
:10714000704741F480114FEA5252C2F11802C2F165
:10715000200C10FA0CF320FA02F018BF40F00100E6
:107160004FEAC1234FEAD32303FA0CFC40EA0C0098
:1071700023FA02F34FEA4303CCE77FEA625307D1D5
:1071800050EA01331EBF4FF0FE4040F4400070470C
:1071900001F0004040F0FE4040F40000704700BFA6
:1071A00053B94AB9002908BF00281CBF4FF0FF316E
:1071B0004FF0FF3000F00CB8ADF1080C6DE904CED3
:1071C00000F022F8DDF804E0DDE9022304B07047A6
:1071D000704700BF10F8012B11F8013B012A28BFAE
:1071E0009A42F7D0D01A7047034611F8012B03F8E2
:1071F000012B002AF9D17047034613F8012B002A0E
:10720000FBD1181A013870472DE9F0478C468E469D
:10721000089E154604461946002B40F0D080724562
:1072200047D9B2FA82F74FB1C7F120030EFA07FC33
:1072300020FA03F3BD4043EA0C0CBC404FEA154E64
:10724000A8B2BCFBFEF8230C0EFB18CC08FB00F91F
:1072500043EA0C43994528D9EB1808F1FF3204D2D0
:10726000994502D9A8F102022B44A3EB0903A4B269
:10727000B3FBFEFC0EFB1C330CFB00F044EA0344A2
:10728000A04214D92C190CF1FF3304D2A04202D928
:10729000ACF102032C44241A43EA02401EB1FC4024
:1072A000002334607360BDE8F0874246DDE7634643
:1072B000F1E7002A79D0B2FA82F3002B3FD01946C9
:1072C000C1F1200302FA01F52EFA03F20EFA01FED3
:1072D00020FA03F343EA0E034FEA154E00FA01F4D5
:1072E000B2FBFEFCAFB20EFB1C201A0C0CFB07F825
:1072F00042EA004290455AD9AA180CF1FF3004D254
:10730000904502D9ACF102002A44A2EB08029BB2DC
:10731000B2FBFEFC0EFB1C220CFB07F743EA024308
:107320009F4246D9EB180CF1FF3204D29F4202D99A
:10733000ACF102022B44DB1B42EA004202E0AEEB5E
:10734000020301224FEA154EAFB2B3FBFEFC200C44
:107350000EFB1C330CFB07F840EA034398452AD97F
:10736000EB180CF1FF3004D2984502D9ACF10200C1
:107370002B44A3EB0803A4B2B3FBFEFC0EFB1C33AF
:107380000CFB07F744EA0344A74216D92C190CF169
:10739000FF3304D2A74202D9ACF102032C44E41B10
:1073A00043EA00400F46114678E71F2188E7604610
:1073B000ABE76246BFE76046DBE76346EFE773454E
:1073C00006D916B9002108466DE7C6E9000EF9E7AF
:1073D000B3FA83F787B9734501D3824207D8841A79
:1073E0006EEB030301209C461EB900215BE7384683
:1073F000FAE7C6E9004CF8E7C7F1200CBB4022FAD7
:107400000CF51D4320FA0CF12EFA0CF30EFA07FED0
:1074100041EA0E014FEA154900FA07F4B3FBF9F807
:107420001FFA85FE09FB18300B0C08FB0EFA43EA25
:1074300000439A4502FA07F240D9EB1808F1FF30F1
:1074400004D29A4502D9A8F102002B44A3EB0A0307
:1074500089B2B3FBF9F809FB183308FB0EFE41EAC9
:1074600003418E452CD9691808F1FF3304D28E45AB
:1074700002D9A8F10203294443EA0040A0FB029884
:10748000A1EB0E014145CE46434602D306D14C4501
:1074900004D2B9EB020E68EB05030138002EA4D02C
:1074A000B4EB0E0261EB030101FA0CFC22FA07F3C4
:1074B0004CEA0303F940C6E9003196E74046C5E7C8
:1074C0004346D9E7000000002DE9F843D0E907382A
:1074D000856903EB08042F34A5420F46164619D8D8
:1074E000DFF87080A3FB080117A3D3E90023FFF79F
:1074F00057FE0346601BA0FB080123F07F4412A344
:10750000D3E90023FFF74CFE20F07F403C60306061
:10751000BDE8F883DFF83C900BA3D3E90023A5FB7B
:107520000901FFF73DFE20F07F4409480A2106A328
:10753000D3E90023E8FB0901FFF732FE20F07F408A
:107540003C603060BDE8F8838D49FD1A07000000FB
:1075500000166BF100CA9A3B9FED097B0E4B0F4A58
:107560000F4983ED007B9FED087B82ED007B9FED53
:10757000087B0C4B002281ED007B1A600EF0A4BA50
:10758000FFFFFFFFFF1F00000000000000000000E1
:107590001F0000000000000028020020C01600208C
:1075A000200200204CA50020002800F044812DE995
:1075B000F04FC74C94F85E30DA078DB000F1378198
:1075C000627F94F8293004EB820204EB8303166A8D
:1075D000D3F82C800EB3354615F8020BC0F380109B
:1075E0000DF04EF90368C6F802308388AB8033781B
:1075F0005B0606D5062128460BF0CCFD002800F0DE
:107600004C81454615F8020BC0F380100DF038F997
:107610000368C8F802308388AB80337813F00E0F0C
:1076200040F0918063691BB10C200DB0BDE8F08F74
:107630000DF0AAFD8146002800F038810DF0B0FD64
:107640008246002800F02F810FF0C8FF0546002871
:1076500000F03381D0F888004FF6FF73AB8405F15A
:10766000100B002800F0248105F17C0205F178015F
:107670000BF09CFDB5F8763023F4EF6323F007039D
:1076800043F48C7343F00103A5F8763095F8373056
:1076900003F03F0363F07F0385F8373095F88E30B1
:1076A00023F0070385F88E3095F83C3023F00F0364
:1076B000002785F83C304FF4C023C5F88E312846AA
:1076C000C5E91277C5F88870A5F88C7085F839700F
:1076D0006F85C5F82E702F65A5F86071A5F89471B7
:1076E000A5F88A7111F00EFF85F86471C5F86891EC
:1076F00010F038FA95F89C3160F3020385F89C315C
:1077000010F036FA95F89C3160F3C50385F89C318A
:1077100095F8623167F34103012185F8623128460B
:1077200010F0C8FD05F1E00011F00CFDC4E9159A58
:10773000C4F814B0C5E902772F702D6115F078F9FF
:10774000002840F0AC80237E0121C3F342030DF1F9
:107750002B008DF82B300BF0CDFE024600286CD0AC
:10776000414630460FF054FB5A4A5B4BB4F85C80FC
:107770000721E0FB023100251846C4E9025552A357
:10778000D3E900232570FFF70BFD60600DF03CF896
:1077900000F10907B8F1000F07D1357805F00F05A2
:1077A000A5F10105B5FA85F56D09207E636865F3DD
:1077B000000010F00105207646D0484A09920020CA
:1077C00010600225464ADFF8248104930BAE019332
:1077D00005920321CDE90200069400903B46CDF8C6
:1077E0001C8008962A460B950CF032FF31460DF0AE
:1077F0004DFD10BB3B4905914AF2D8330093CDE9CA
:107800000300CDE90100CDF81C80089606943B46A4
:10781000012203210B950CF0FFFE31460DF036FDE1
:1078200058B994F85E3043F0010384F85E300020CC
:107830000DB0BDE8F08F0FF085BA6369002B3FF4FF
:10784000F3AE0FF055FAEFE6244A2748049303F20B
:1078500047130694029591211360A8FB000301FBD6
:107860000831224B07931E4B05934FF6FF73099285
:107870004FF0020803930BAE13A3D3E90023CDF816
:107880002C800896FFF78CFC3B46CDE90050424621
:10789000284603210CF0DCFEBFE71220C5E60FF0FE
:1078A00027FA0320C1E648460DF074FC0720BCE629
:1078B00005F18000C5F88800D6E650460DF076FC4C
:1078C00048460DF067FCF1E78D49FD1A07000000FE
:1078D00074A5002000CA9A3B8C49FD1A68A50020B7
:1078E000896E0300AD6B0300002AE784054903009D
:1078F00070B5037E8AB0C3F342030D4604460121EE
:107900000DF1230016468DF823300BF0F3FD3146C0
:10791000024628460FF07CFA1D4A1E4B0721E0FB69
:107920000231184618A3D3E90023FFF739FC636836
:107930009842054621D21B1A00220192164A029350
:10794000164BA21AA3FB02320221920900230A4419
:1079500009AE099112490591CDE903330321069639
:10796000D2B2009318460CF0C9FE31460DF08EFCE1
:1079700038B9656000200AB070BDFBD9C21A002377
:10798000DBE70C200AB070BD8D49FD1A070000002E
:1079900000CA9A3B8C49FD1A74A50020ABAAAAAA7A
:1079A00005490300000000002DE9F04F05468BB0AB
:1079B0008B46012002219946144616F0B3FC0022A2
:1079C0000221824601200BF045FC2F494FF4D4726E
:1079D00028460BF0CBFBC61C2C4B0093F6B201954E
:1079E0004B463246012100200CF0D6FE10F0FD0F70
:1079F00042D1274BA4FB0348204621A3D3E900230F
:107A00004146FFF7CDFB089506956B680493214B23
:107A100020F07F47A7FB0331E01A1F4B07934FF07D
:107A200007021E4B059302FB07114FF6FE7368EB2E
:107A3000010103934FF47A720023FFF7B1FBCDF8F5
:107A400000B0CDE901704B463246012100200CF018
:107A5000E3FD10F0FD0F0DD1BAF1000F02D10BB014
:107A6000BDE8F08F0122022110460BB0BDE8F04FB7
:107A70000BF0F0BB00DEEFE700DEBAE7AFF300800B
:107A80008D49FD1A07000000D816002099740300E4
:107A900000CA9A3B8D49FD1A8174030029BE030078
:107AA0002DE9F0418468A28C4FF6FF739A428CB0A6
:107AB00000F0C0800546204611F0A0FF2B7D012B71
:107AC00000F0E680022B00F0B88033B994F88E30D5
:107AD00003F01803182B00F01C8194F86471002F38
:107AE00040F0AE802B8AE68D94F93720CDE90A77F5
:107AF000002B00F0AC80002AC0F221810023A4F802
:107B00009031AB7CA28D03F00303551C012BADB269
:107B100000F0BA80B4F89431002B00F0BF80AB4283
:107B200040F237815B1B9BB2062BA4F894314FF0D7
:107B300000028CBF00230123E2851F4694F83C20FD
:107B400063F3820284F83C2029460DF12702204687
:107B500011F014FD743000F01681B4F88E312BB1A1
:107B6000AB4240F2BF805B1BA4F88E31B4F88A317F
:107B70002BB1AB4240F2C6805B1BA4F88A31E58D85
:107B800017B9AE4200F0AC800135ADB294F8D130F7
:107B900013F0010609D1DDE90AC3B3BBBCF1000F44
:107BA00000F0E9801E46194630E094F9372023F0B2
:107BB0000103002A84F8D130C0F28A8094F876005C
:107BC000C0F3C00100F0070014F0B4FDB4F86E205B
:107BD000B4F86C301344E28B03F23F13134418449F
:107BE0008D4A8E4B0721E0FB0231184688A3D3E96A
:107BF0000023FFF7D5FA616820F07F408142DDE97C
:107C00000AC380F0B280461A60600021A28C246909
:107C10000694CDE903570332814D0291CDE900C6A8
:107C2000D2B20121002005950CF068FD10F0FD0F87
:107C300040F0B4800CB0BDE8F0813D2784F8647159
:107C4000394620460CB0BDE8F04110F04BB8002A90
:107C5000B8BF84F8D570AB7CA28D03F00303551C2C
:107C6000012BADB210D0B4F89031002B3FF452AFDD
:107C7000AB4240F29A805B1BA4F89031B4F8943187
:107C8000002B7FF44CAF59E70023A4F8943155E75B
:107C90000023A4F88E31A4F88A311EE7E38C052B6B
:107CA0008BBF40F2E2424FF4FA725A4303FB0222C6
:107CB000B4F8923142F2107101FB0323013BB3FB94
:107CC000F2F39BB2A4F89431002B7FF428AF35E790
:107CD00094F87700012100F0070014F02DFD75E7FE
:107CE0003D4653E70DF0A2FA0146002864D0002378
:107CF000A4F88E31A38CC3801B23037100680DF0A0
:107D000067FA33E70023A4F88A31204611F0C8FC53
:107D100035E7218DB4F88C218B1D9A42C4BF931F87
:107D20005B1AB4F88811CCBF9BB21346994256D067
:107D3000A4F88831A4F88A31A4F88E21CDE694F80D
:107D4000D530002B3CD0013B84F8D53004F1E0085D
:107D5000404611F039FA002855D0404611F034FA67
:107D6000002842D00023E385C8E6091A6060A3BB5F
:107D700051EA0C021ED115B9002F3FF45BAF00266B
:107D80003146334642E79DF8271020460FF0AAFF00
:107D900050E7082120460FF0A5FF4BE70DF0A0FAB1
:107DA00084423FF447AF00DE44E73E2120460FF017
:107DB00099FF3FE71E4629E70123A4F88E31D5E657
:107DC0000AAA0BA92846FFF77FFBDDE90A23134324
:107DD000BCD0237884F8D530B8E7002616E7B4F88D
:107DE0008E1100297FF479AEA4E70246D4E91E0182
:107DF0000BF0F4F90028B5D194F83C301B0744BFD0
:107E0000238DE3857AE6FF200FF02EFFA5E700BF64
:107E10008D49FD1A0700000000CA9A3B8C49FD1AE3
:107E2000D9740300000000002DE9F04F87B0B0F8CE
:107E30006071BDF84C900091CDE90423B0F8243175
:107E4000BDF840A01F44BFB20446A7EB090390F859
:107E50007600D4F81C819EB2BDF844300193C0F383
:107E6000C001BDF84830039600F00700029314F0FB
:107E700061FCE58C052D40F2A38015FB06F5ADB243
:107E800040F2E24BBAF1050F40F28E80B4F86E205A
:107E9000B4F86C30134403F2D5130344764A7748A0
:107EA0000721E3FB02014FF09613E361962323843D
:107EB0006FA3D3E90023FFF773F9564620F07F4004
:107EC00040F2E2430BFB05F203FB06F6531E33447C
:107ED000B3FBF6F31FFA83FB60600BFB06F08242F4
:107EE0005D4653D26449801AA0FB010160A3D3E927
:107EF0000023FFF755F920F07F408044B4F8242197
:107F0000B4F86031A9EB07094D44ADB213442B44DA
:107F1000A4F86031638D13441D4494F837306585AF
:107F2000DB0955D100DE00273546019B2385029BE6
:107F3000A4F8923131462046A4F826A011F04AFB5D
:107F40004F4B218D3344881DB3FBF6F39AB2904218
:107F5000A4F88C2104D2C1F57F41FA310A4492B2CF
:107F6000009BA4F8882113B10023A4F89431434660
:107F70002A4639462046FFF717FD94F8623143F050
:107F8000010384F8623107B0BDE8F08F121A3A4855
:107F9000A2FB000136A3D3E90023FFF701F920F08B
:107FA0007F40A8EB0008A9E74FF096130AF10106FD
:107FB000E36196232384B6B20A204FF4FA7381E773
:107FC000039B013515FB03F5ADB24FF4FA7B59E77E
:107FD000216CA36C284F01FB0233039A01FB12337F
:107FE000A3640023C4F8DC3014F074FD054694F853
:107FF000D400C0F3420014F06FFD054406FB05F504
:10800000204B1E4805F5742505F23F25A3FB0535D9
:10801000AD0CA36C25640BFB05FB72085B44963A20
:10802000934228BF1346C4E91123049B40F2E2495E
:1080300009FB03F307212365EBFB07010CA3D3E93D
:108040000023FFF7ADF8104B059AA8EB0008A3FB3F
:108050000230800A09FB00F0A0FB070104A3D3E96A
:108060000023FFF79DF8751B20F07F475DE700BFF9
:108070008D49FD1A0700000000CA9A3B8C49FD1A81
:108080007FC3C90183DE1B435917B7D1000000002D
:108090002DE9F04F0D460968B0F82EE0D1F80090B8
:1080A0000146144651F82EAB52F8086B91F802C005
:1080B000834691B0D0F81E00BBF822109BF81C70CC
:1080C000A4F808E082F802C0DBF82A206260DBF83E
:1080D0003A20C4F82220ADF83C109BF83E100E90D8
:1080E00084F8261010AB13E9030004F122020C906F
:1080F000ADF83410104605210BF0FCF994F8272058
:1081000000F03F0060F3050284F827209BF83F2031
:10811000C2F3040184F82810BBF83410E18201286E
:10812000C7F380170DD902F01F021B3202F01F02A5
:108130000B2A06D889B2063989B240F67A429142B2
:1081400019D90021C9F8081094F82C2061F3000215
:1081500084F82C200125DBF80C408BF804505046A5
:1081600059460DF029F820682571214611B0BDE867
:10817000F04F0DF02DB82A6800215160BBF8362071
:108180002283B4F81680BBF832300A9340F2E24200
:10819000304602FB08F811F031FA9BF83F1096F8D0
:1081A000D400490961F3430086F8D40014F092FC2E
:1081B0000B9096F8D400C0F3420014F08DFC0B999C
:1081C000084408FB00F0984900F5742000F23F20B5
:1081D000A1FB00104FEA5801800C963920636163BF
:1081E0009BF8311040F2E24201FB02F26264BBF8FC
:1081F0003820A6F892214146304611F0EBF98B4A1F
:108200008B49C6F898114244B2FBF8F290B2A6F836
:108210008C01218B01F1060C604504DDC1F57F4125
:10822000FA31014488B25946A6F8880111F81C2F8A
:10823000C907C2F3401200F1E680BDF83410ABF874
:1082400023100C988BF81E704FF48071CBF81F0030
:10825000ABF81C10E18AABF82610218BABF8281084
:10826000B6F89211ABF82A1096F8D4100B92C1F31D
:1082700042018BF82C1030460FF0BCF95946A08211
:10828000ABF8060050466F680CF096FF0B9AA18A77
:10829000D7F800A0F9801C233B71002A40F09F8092
:1082A0003A77394650460CF093FF94F86700B4F8DB
:1082B0005CA0B4F85E70012100F0070014F03CFAF5
:1082C000574407F2D5173B1882465A4F5A480721A0
:1082D000E3FB07014FF09613C4E9033350A3D3E93E
:1082E0000023FEF75DFF20F07F407060EB680A9886
:1082F000226B40F2E24101FB003404F2B34402215C
:10830000A41A0120A8EB020800220AF0A3FF4846A5
:108310000EF04AFFA4EB0A0441A3D3E900238246EE
:10832000A4FB0701FEF73CFFCDF80490AB6843497E
:10833000009120F07F470AF10202363BD2B23B4463
:10834000012100200CF028FA01285ED099F818309D
:10835000DB0750D430460FF04DF9364CA8FB0448EB
:108360002FA3D3E90023834641462046FEF718FF9A
:10837000AB68334A0792A3F1360A324B069620F0D7
:108380007F49A9FB0331E01A2F4B05934FF4F87393
:108390000893736804934FF0070303FB091168EB1C
:1083A000010100244FF47A7200230394FEF7F8FED3
:1083B0000BF10305EDB2CDE90190009753462A4633
:1083C000012120460CF028F910F0FD0F23D10122E5
:1083D0000221104611B0BDE8F04F0AF03BBF94F8FF
:1083E000273043F0400384F82730201D13F00CFEA3
:1083F0000122208554E700230122009318461146EC
:108400000CF094F9A6E700DE17E70CF069FF814550
:108410009CD000DE9AE700DED9E700BFAFF3008012
:108420008D49FD1A0700000083DE1B437FC3C9018D
:10843000404B4C0000CA9A3B8C49FD1AB1BE030068
:1084400001BE03008D49FD1A29BE03000000000093
:10845000F0B5C468636883B00546002B40D115F0C1
:108460007BFB002015F09EFB0021084615F08CFBDD
:1084700000222521082015F0F3FB374B019301A8BA
:1084800015F0DAFB354940F25B6015F08DFC237A7C
:10849000C3F3420262F306132372204614F0A0FCD9
:1084A00027682E68384614F0FFF806446A6806F11B
:1084B0000901012015F0A0FD15F060FE20460EF028
:1084C0007FFE811C3246C9B2384614F0EFF80546EB
:1084D00098B9204614F0C4F868B9002003B0F0BD84
:1084E00093F82C309B07BAD01D48214615F008FBA5
:1084F00015F002FCF1E700DEEFE71A4A1A491B48C3
:1085000040F211431EF017FB194B0721A5FB030393
:1085100001FB05310EA3D3E90023FEF741FE154907
:10852000024615481EF007FB002585F31188BFF3AE
:108530006F8F0323184602DF1048214615F0E0FA3A
:1085400015F0DAFB6FF08B00C8E700BFAFF30080D7
:1085500000CA9A3B00000000D6BE898E55555500D2
:10856000E9C70300E4DB040030DC040088DB04001E
:108570008D49FD1A78DD040034DC0400E5CA0300EF
:108580002DE9F043C468A28A4FF6FF739A4283B084
:1085900000F0FD80064614F049FE3389628B208C82
:1085A00094F82710A3831A4492B2104480B2431C5B
:1085B00023840023638301F03F034906E28300F133
:1085C000A48094F82810009304F1290004F12203F8
:1085D00013F0DCFC0546D4E90C31A26BA08BA3633D
:1085E00003FB0022E36B8A4294BF9B185B188B420B
:1085F00028BF0B46626CE363236C94F867101A443F
:1086000094F82C3061F306130021C4E9101294F899
:108610007E2084F82C3012F0040200F0898015F0DE
:108620009BFA002015F0BEFA201D15F005FB2389EA
:10863000A17A40F25B6043EA014115F0B5FB2846A0
:1086400014F044F82146584815F05AFAA08915F05C
:10865000C7FC94F8662094F86700C2F3C0030021B9
:1086600002F0070200F0070015F004FC204614F0A9
:1086700077FED4F800803768404614F015F80744B8
:10868000726807F10901002015F0B6FC814615F06B
:1086900049FD002015F060FDE36B94F8670003F1DD
:1086A0002F02636C012100F0070003EB420515F077
:1086B00015FB4D44054494F8670000F007000228BC
:1086C00034D004280CBF4FF4BC73282301211D446F
:1086D00015F006FB284415F017FDA18A03313A4630
:1086E000C9B2404613F0E2FF0546A8B1B37A13F0D1
:1086F00002062BD000252D48214615F001FA15F071
:10870000FBFA284603B0BDE8F083218D04F1220274
:1087100013F07EFC05465EE7204613F0A1FF00281B
:108720003CD10025284603B0BDE8F0831823CDE7EF
:10873000D4E91A010AF052FD00287FF470AF94F8D2
:108740007E3043F0040384F87E3068E7184A194904
:1087500019484FF4AC731EF0EEF918480721A5FB39
:10876000000301FB05310EA3D3E90023FEF718FD3A
:108770001349024613481EF0DEF986F31188BFF351
:108780006F8F0323184602DF6FF08B05B3E70E48A7
:10879000214615F0B5F915F0AFFAC2E700DEC0E7E3
:1087A00000CA9A3B0000000085D50300C9C703003A
:1087B00060DC040030DC040088DB04008D49FD1A15
:1087C00084DD040034DC0400E9C70300000000007D
:1087D00010B510EE103A33F000422DED028B06D1A9
:1087E000BDEC028B0120BDE810401DF0FBBB002B4F
:1087F00005DABDEC028BBDE810401DF003BCB3F1FF
:10880000FF4F06DB30EE008AB0EE480ABDEC028B6B
:1088100010BDB3F5000FB8BFDFED5F7A5F49BEBF93
:1088200060EE277A6FF0180217EE903A4FEAE354A1
:10883000C3F316031944A8BF00227F3C144401F47B
:10884000000282F07E521A4307EE102A544A04EBCB
:10885000D15403F10F01F7EE007A0A4037EE678A30
:10886000B2BBB5EE408AF1EE10FA0FD1002C00F049
:108870008C8007EE904A9FED4B0A9FED4B7AF8EE05
:10888000E77A27EE808A07EE878ABDE740A1D1E923
:108890000001FEF735FC07EE900AB6EE007A07EE0F
:1088A000C87A68EE087A27EE277A14B938EE478A34
:1088B000AAE707EE904ADFED3B6AF8EEE77A07EEAB
:1088C000E67A37EE488A9FED387A17EE878A9BE77B
:1088D000F0EE007A78EE277A9FED345ADFED344AD5
:1088E000344A88EE276A1A44C3F5571303F52273F6
:1088F0001343002B07EE904A66EE065AF8EEE76A3D
:1089000025EEA57ADFED2C7A07EE275ADFED2B7ADC
:1089100045EE077A9FED2A5A07EE875ADFED297A4E
:1089200047EE274ADFED287A44EE877A67EE877AAA
:1089300045EE257A1ADDB6EE007A28EE077A27EEA4
:10894000087A77EE877A67EE867A14B937EE677A17
:10895000ACE79FED146A46EE867A37EE677A37EE1B
:10896000488ADFED117A16EEA78A4DE778EE677A2E
:1089700067EE867A14B938EE678A45E79FED097A83
:1089800046EEC77A37EEC88AEBE79FED108A3BE7E1
:10899000555555555555D53F0000004C20FB4A0014
:1089A000F0FF7F00D1F717378071313F25333A3E12
:1089B000298E633E305CCFFF9788173E2549923E53
:1089C000ABAA2A3F4FD01C3ECDCCCC3E00000000CD
:1089D000F8B510EE904A34F000472DED048B10EE00
:1089E000103AB0EE609A0DD183F480035B0013F56A
:1089F000000F40F2AD8230EE098AB0EE480ABDECBD
:108A0000048BF8BD23F00041B1F1FF4F184602D8A6
:108A1000B7F1FF4F08D9B3F17E5FECD184F4800445
:108A2000640014F5000FE4E7002B25DAB7F1974F47
:108A300080F09782B7F17E5F3CD3FA15C2F19602BF
:108A400047FA02F505FA02F2BA422CD105F0010507
:108A5000C5F10205B7F17E5F2DD1002C80F27E8238
:108A6000B5EE400AF1EE10FA1FD1D80FBDEC048B21
:108A7000BDE8F8401DF0B6BAB7F1FF4F13D1B1F120
:108A80007E5F00F0658208D9DFEDD57A002CB4BF97
:108A9000B0EE678AB0EE498AAFE7002C80F25B82C5
:108AA000B1EE498AA9E70025D4E7B7EE007A87EE50
:108AB000008AA2E70025B4F1804F0A4640F05782B1
:108AC000B1F1BF4F0DD2B1F1D05F02D920EE008AD3
:108AD00093E7B0EEC08A69BB012D08BFB0EE408AB3
:108AE0008BE723F04046B6F17E5FB0EEC08A18D126
:108AF000002CBCBFB7EE007A87EE088A002BBFF6C9
:108B00007CAFA1F17E51294305D1BDEC048BBDE8BA
:108B1000F8401DF077BA012D7FF46FAFB1EE488AAF
:108B20006BE739B9002CD7DA002B9FD06B1E584267
:108B300058419BE7DE0F013E55EA0600E5D0B7F14C
:108B40009A4F72D9A74B994208D8002C0BDA002013
:108B5000BDEC048BBDE8F8401DF034BAA24B99423D
:108B600008D9002CF3DC0020BDEC048BBDE8F840F4
:108B70001DF018BAB7EE007A38EE478ADFED9B7A1F
:108B8000DFED9B9A94A1D1E9000168EE278AFEF7F8
:108B9000B7FA07EE900AB5EE007A48EE477AB6EEDD
:108BA000007A07EEC87A68EE087ADFED926A27EE5F
:108BB000277AF0EE687A47EE667A68EE299A39EEFF
:108BC000A77A17EE103A6FF30B0307EE103A77EE21
:108BD000699A77EEE97A013D3543F7EE006ABFEE18
:108BE000008A6FF30B0418BFB0EE668A06EE904A57
:108BF00039EE666A67EE890A46EE070A67EE267A5C
:108C000030EEA77A17EE101A002921F0004340F346
:108C10001581B3F1864F40F2CD80B5EEC08AF1EEFA
:108C200010FA4CBF0120002092E713F0FF4F01BF64
:108C30009FED717A68EE077A6FF0170117EE902AB0
:108C40004FEAE25318BF00217F3B0B446B49C2F34C
:108C500016028A4242F07E5006DD69498A4240F39C
:108C6000A7800133A0F500000021664A02EB8102D3
:108C7000D2ED005A06EE100A75EE867AF7EE006A1B
:108C8000C6EEA74A36EE657A27EE245A15EE102A6C
:108C90006FF30B0206EE902A5B4A02EA600242F092
:108CA000005202F5800202EB415207EE902A06EED6
:108CB000E77A77EEE57ADFED555A36EE676A65EECC
:108CC000057A06EE667A9FED526A47EE865A9FED68
:108CD000516A05EEA76ADFED505A46EE275A9FED1E
:108CE0004F6A05EEA76ADFED4E5A46EE275A27EE89
:108CF000247A36EE856A67EEA77A26EE076A05EED5
:108D0000A76A66EEA64AF0EE085A74EEA57A77EEE8
:108D1000867A17EE902A6FF30B0207EE902A77EE11
:108D2000E55A27EE277A75EEE45A66EEA76A36EE24
:108D3000656A06EE057A9FED3B6A76EE877A17EE56
:108D4000902A6FF30B0207EE902A77EEE66A27EE81
:108D5000866A37EE667ADFED346A344A67EEA67AC1
:108D6000DFED336A47EE267A02EB810292ED007A5C
:108D700077EE877A07EE103A2E4B03EB8103F8EE7D
:108D8000C76AD3ED005A36EE277A37EE257A37EEEA
:108D9000267A17EE103A6FF30B0307EE103A77EED0
:108DA000666A76EEE56A76EEC66A77EEE67A12E7EE
:108DB00001215AE756D1DFED206A37EE677A70EE6F
:108DC000A66AF4EEC76AF1EE10FA3FF726AF8623E3
:108DD0004CE000BFAFF30080E13D55555555D53F00
:108DE00000000000F3FF7F3F0700803F70A5EC36D6
:108DF00000AAB83F3BAAB83F0000804B71C41C00DA
:108E0000D6B35D00BC14060000F0FFDF55326C3EA7
:108E100042F1533E05A38B3EABAAAA3EB76DDB3EA3
:108E20009A99193F0040763FC623F6B8AC14060065
:108E30004F38763FB41406003CAA3833514A934267
:108E400007D9B5EEC08AF1EE10FA4CBF0120002020
:108E50008AE607D137EE677AB4EEE07AF1EE10FADF
:108E6000B5DBEEE7B3F17C5F6DD9DB157E3B4FF4EC
:108E7000000018410844C0F3C753434A7F3B1A41DE
:108E8000024007EE102AC0F3160040F40000C3F1C0
:108E900017031841002977EEC77AB8BF404237EE72
:108EA000A07ADFED3A6ADFED3A5A9FED3A6A17EEA3
:108EB000103A6FF30B0307EE103A77EE677A67EE1E
:108EC000266A70EEE70ADFED347A27EE277ADFEDC7
:108ED000337A00EEA77AB7EE000A76EE877A77EE5D
:108EE000E66A37EE667A67EEA76A07EE877A16EECD
:108EF000A56ADFED2B5A46EE265A9FED2A6A15EE3B
:108F0000A66ADFED295A46EE265AB0EE676A05EEEC
:108F1000E66AF0EE006A67EE865A36EE666AC5EEDD
:108F2000866A36EEC77A77EE677A30EE670A10EE19
:108F3000103A03EBC053B3F5000F06DA1CF0ECFF58
:108F400020EE088A59E50020A9E700EE103AF7E77D
:108F5000B7EE008A51E59FED158A4EE5B0EE408AE6
:108F60004BE5B7F1FF4F3FF48AAD0A460225B4F155
:108F70007C5F7FF4B6AD002BFFF6B3ADB1EEC08AD7
:108F80003BE500BF00001643000080FF0072313F48
:108F90004CBB31330EEADD358CBEBF351872313F24
:108FA00055B38A38610B363BABAA2A3E000000005D
:108FB00030B50C4D0FCD89B003AC0FC42B682360C6
:108FC0000124094B09490094022203A806F01CFA67
:108FD000034620B1064A074821461DF06CFB09B044
:108FE00030BD00BF00D1040008D4040010D4040038
:108FF000F6180600DCCF040013B519F0D7FE0022E6
:109000000621072002F00CFD072002F0D9FC062003
:1090100019F030FD034640B1104A114801211DF0FE
:109020004AFB6FF0040002B010BD0E4822F0F6FDBE
:10903000034608B10C4AF0E74FF0FA6301240093AD
:109040006A460A4BADF804400221204619F05AFD49
:1090500003460028E7D0064ADFE700BF06190600EE
:10906000DCCF0400EC3C06001E190600259402002B
:10907000351906000346024A024802211DF01BBBB7
:109080004F190600DCCF0400032A08B5084606D1B4
:10909000034923F07BFB10B9024B01221A7008BD73
:1090A000661906000660012007B519F07FFE084B1F
:1090B0001B68084ABFF35B8F1268BFF35B8F0648DB
:1090C00000920321054A1EF016FA03B05DF804FB76
:1090D000F41C0020EC1C0020DCCF04006A19060000
:1090E00070B50D4698B00446A8B914230093184BE8
:1090F000184A1B68302103A81BF0D8FC86B2314601
:1091000003A81DF0DAFA0C30012819D94FF42470A5
:1091100000211DF007FB5022294604A8ADF80C40A1
:10912000ADF80E2023F003FB542103A81DF0C5FA6F
:109130000C30012809D8422000211DF0F3FAF3E792
:10914000A42000211DF0EEFAD9E718B070BD00BFD1
:1091500030020020951906002DE9F0412E4EC0B0D6
:1091600000252E4F2E48DFF8D0804FF0FF334FF010
:10917000FF321AF017FB3B7883F001031D40B8F86B
:109180000040043CA4B2012C04D8A42000211DF00E
:10919000C9FAE6E7234A936812699B1A1AD13B7809
:1091A000002BDED17DB9204809211DF086FA0C3054
:1091B00001280AD933881D4A1D4803211DF07BFA76
:1091C0001C481AF0BBFA0125CBE7422000211DF014
:1091D000A9FAE8E79C4203D93A78002AC1D19CB2A7
:1091E00033881048ADF80640224602A9ADF8043095
:1091F0001EF0A7F80434A4B2214601A81DF05DFAC0
:109200000C30012803D9338801333380B7E742207B
:1092100000211DF087FAEFE7A4BB002007600120C2
:109220000409002048020020A7190600B119060011
:10923000DCCF0400540900208007002008B5054851
:109240001DF072FA04481DF04EFABDE808400348CC
:109250001DF049BA30D4040028D4040020D40400FE
:1092600070B5104D2B780C460BB1FFF71DFF0E4B60
:1092700000222A701A700D4B1A700D4B1A700D4B8C
:10928000F4221A80FFF7DAFF0B4A0C48234602212A
:109290001DF011FABDE8704009484FF480420023E8
:1092A0001AF0A2BC076001200560012006600120C1
:1092B0000460012080070020CC190600DCCF0400E8
:1092C000680B002008B505481DF00DFA04481DF094
:1092D0002BFABDE8084003481DF005BA30D404005D
:1092E00028D4040020D4040010B50446084619B15F
:1092F000BDE81040FFF7BEBE0C4B01221A700C4BAC
:109300001970FFF7DFFF0B4920461FF0DEFF0A4907
:10931000204620F021F80949204609F0F5FB084ACB
:109320000848BDE8104003211EF0D2B805600120B6
:10933000046001209C1806009418060044020020D6
:10934000DE190600DCCF040008B505481DF0ECF975
:1093500004481DF0E9F9BDE8084003481DF0C3B911
:1093600030D4040028D4040020D4040010B5032411
:10937000FFF7EAFF002141F69A101DF0D3F90A48E1
:109380001DF0B1F909481DF0AEF909481DF0ABF91F
:1093900041F69A1000211DF0C5F9013CE8D1BDE865
:1093A0001040FFF7D1BF00BF30D4040028D4040020
:1093B00020D40400F0B583B0154E02AF0D46E9B9D4
:1093C00020F0ECFFC41EA4B234806E468AB002AA1C
:1093D000104BD461C2E90530043C0523146242F805
:1093E000103F0D482B464FF4235101F0A1FCB54628
:1093F0000A4B012204371A70BD46F0BD3388084A73
:10940000009305480B4602211EF075F8F0E700BFF7
:1094100080070020E8190600DCCF0400046001206A
:10942000091A060070B503787BB1032B0CD1254CCB
:10943000254B20784FF4007103EB802019F0B2FB2C
:10944000237883F00103237070BD44681F480368CC
:10945000A21E04F2FE3532F9021FCE1A03EB2623B8
:10946000C91A95421180F6D1194D03604FF400716D
:10947000204600F057FB4FF48062214628461DF03D
:1094800040FFB0F5806F13D0BFF35B8F114B53E8F3
:10949000001F013143E80012002AF8D1BFF35B8FAF
:1094A0000D481AF04BF90D48BDE870401AF046B966
:1094B0002A69AB689B1A0A4A11688B4288BF1360FD
:1094C000EEE700BF93070020A6BB0020F01C0020A1
:1094D00048020020EC1C0020240900200409002080
:1094E000E81C00202DE9F041AA4896B01DF000F9D3
:1094F000A9481DF0FDF8A9481DF0FAF8A5481DF08F
:1095000013F9A5481DF010F9A4481DF00DF9A44960
:10951000A44822F04CFE00F0C3F960B1A24AA3486F
:1095200001211DF0D5FFFFF721FF4FF0FF3420464A
:1095300016B0BDE8F081FFF75FFD58B19C4A9B482B
:109540006FF0040301211DF0B6F86FF00404FFF77B
:109550000DFFECE705F05EFA044630B1954A03468C
:10956000924801211DF0A7F8E1E79349024621F056
:109570000FF8044610B1914A0346F1E7904D0FCD24
:1095800009AC0FC42B68236001258E4B8E490095D2
:10959000022209A805F038FF044610B18B4A0346A1
:1095A000DEE700220023CDE906230523CDE90203EF
:1095B000CDE900000490864B864987484FF400624D
:1095C0001AF036FC8549844822F023FEFFF736FE68
:1095D000834A7648834E844D03211DF079FF40F67F
:1095E000CD4000211DF09EF83378002BF7D07F4B43
:1095F0001B78002BF3D07E4B1A78002AEFD02A7804
:1096000002F0FF04002AEAD11C704FF4FA570A2333
:10961000784A6648009703211DF06DFF764BC3E939
:109620000244C3E905445C601C61744BBFF35B8F6B
:1096300053E8002F43E800410029F9D1BFF35B8FC5
:109640006F4B1C606F4B1C806F481AF0D1F86F484D
:109650001AF0CEF86E4B6F4A20210EA81BF026FAA6
:109660000EA8FDF7C9FD81B20EA81DF026F8002155
:109670004FF4A4701DF056F846481DF034F84648E3
:109680001DF052F845481DF04FF8634B4FF00108AC
:1096900085F800801C60614B4FF400621A6000F096
:1096A00033FAFFF7A9FC80BB5D4B5E4883F800806E
:1096B0004FF4007119F076FA38BB19F0B3FA04468A
:1096C00018BB594A39483B4603211CF0F4FF4E4869
:1096D00041F69A1200231AF065F80746F0B1534A92
:1096E0003248234601211CF0E6FF00232B70FFF7D0
:1096F000DBFC4F481AF022F844484FF4A022002324
:109700001AF050F84B480B2105E000232B70FFF7AF
:109710002DFE494809211CF0D0FF60E701349D2C43
:10972000D5D1FFF7C1FC2F7041481AF007F8374830
:109730004FF4A02200231AF035F820B13F4A1B480D
:1097400002211DF0C5FE3E4A184803211DF0C0FE4F
:1097500010481CF0E9FF10481CF0C5FF0F481CF032
:10976000E3FF384B384840F233521A6000F020FAD9
:10977000041E6FDC354A0D48234601211CF09BFF77
:10978000072133481CF099FFFFF7F0FDFFF79AFD22
:1097900025E700BF30D4040028D4040020D40400FE
:1097A000B18F0200680B00202E1A0600DCCF0400E7
:1097B000431A0600591A060034020020671A0600F0
:1097C00000D1040008D4040010D404007E1A06005E
:1097D0005991020000610120980B0020921A0600A6
:1097E000991A06000560012007600120046001202D
:1097F00006600120D11A060048020020EC1C00205F
:10980000E81C0020A4BB00202409002054090020EB
:1098100000710200F61A0600F41C0020F01C002063
:1098200093070020A6BB0020001B06002A1B060091
:1098300004090020431B0600201B06004F1B0600E6
:10984000771B060030020020E19002009F1B0600FB
:10985000BA1B06004FF4247000211CF063FF0C4873
:1098600009211CF02AFF0C3001280FD91423094AC2
:1098700009480093032123461DF03DFEFFF722FD1A
:10988000064A054803211DF023FEA8E6A420E3E7CD
:10989000C21B0600CC1B0600DCCF0400F91B06002F
:1098A0002DE9F0412DED068B96B07E4B7E4A7F4828
:1098B0007F4DDFED809A9FED809A9FED808ADFEDEE
:1098C000808A00AF042117F035FA002407EE904A91
:1098D000B8EEE70A013420EE290A80EE090A1CF0EE
:1098E000B7F9322CF0EE687A40EE487AE5EC017A6E
:1098F000ECD1DFED749A9FED749ADFED748A3C46EB
:109900003E46002507EE905AF8EEE77AB3EE057A68
:1099100067EEA97AB2EE040AC7EE870A0135B7EE00
:10992000008A70EE890AC0EEA80AFFF751F8162DDA
:10993000DFED677A9FED677A30EE480A20EE270A5E
:10994000C0EE077A9FED647A67EE877AE6EC017ADB
:10995000D8D16248614D45F25002002122F00EFF3D
:10996000DFED5F6A002340F2011645F25000D4EDAE
:10997000005A94ED016A94ED025A043459190022F8
:1099800007EE902AF8EEE77AF4EEE75AF1EE10FAD5
:109990005BD8B4EEE76AF1EE10FA56DB76EE654A74
:1099A000F5EEC04AF1EE10FA63DD77EEE57A87EE68
:1099B000A47A0132B242A1EC017AE1D103F204436C
:1099C0008342D4D1474E9FED489A9FED48AADFEDE0
:1099D00048AADFED489A002507EE905AF8EEE78A8C
:1099E000B04668EE8A8A002407EE904AB8EEE70A8D
:1099F000013430EE000A30EE080A20EE280A80EE2C
:109A00002A0A1CF025F9142C20EE090AA8EC010AF8
:109A1000EAD10135142D06F15006B0EE699ADBD17A
:109A200035484FF4007118F065F9044620B3334A05
:109A30000346012132481DF054FD4FF0FF305837E6
:109A4000BD46BDEC068BBDE8F081B4EEE76AF1EEF1
:109A500010FA0ED5B4EEE75AF1EE10FA09DB75EE06
:109A6000464AF5EEC04AF1EE10FA02DD75EE677A6D
:109A70009DE7B0EE667A9CE76E468AB06A46214B57
:109A800005933223CDE906350523089542F8103FAA
:109A90004FF4235103461A4801F04AF92046B546CF
:109AA000CDE700BF1C91002038D4040010910020A5
:109AB00044900020DB0FC940000048421F85EB3E68
:109AC000713D0A3FF9FF754485C67F41003022454C
:109AD00000002F4400007A4400008043F43F00203F
:109AE00000000000B43900202EF9643EDB0F49402D
:109AF000000020429BE8A13EF81C0020221C06002A
:109B000064D004004C1C060008B520220348002144
:109B100022F034FE024B00221A6008BD1C91002086
:109B20000C910020F8B5B1F5007F1C4D9FED1C7A1B
:109B3000A8BF4FF400710C462A4600239C4211DC5A
:109B4000164A1848184F1146234617F0B5F817481B
:109B500000230268194644F61F668C420EDC03B1EE
:109B60000260F8BD30F9131007EE901AF8EEE77AAC
:109B7000013367EE877AE2EC017ADFE7B24209DC73
:109B8000D5ED007AFEEEE87A17EE903A27F812301B
:109B90000132012304311035DFE700BFB43100206A
:109BA0000000003810910020A6C300200C91002076
:109BB0002DE9F04F2DED028B83B0804602AF68B9DE
:109BC000694A6A4801211DF083FC4FF0FF342046AA
:109BD0000437BD46BDEC028BBDE8F08FDFF8D0A1A5
:109BE000DAF80030624A6148624DDFED638A634E05
:109BF00003211DF076FC0024DAF80030C4EB0411D8
:109C000001F1310293421ADC6D468AB002AA5C4827
:109C1000C2E907130523C2E9050442F8103F53487F
:109C200000234FF4225101F083F8AD461423009332
:109C3000544A4E48234603211DF05DFCC7E75249B4
:109C4000524AAB1E05F1620033F902CFB1EC017A42
:109C500007EE90CAF8EEE77A834267EEA87A67EEDD
:109C6000877AE2EC017AEFD1DFF8489148484FF467
:109C7000E762002122F082FD00234A46434945481D
:109C800017F07EFFD9ED007A434B67EEA77AA3F574
:109C90007F72C6ED007AD9ED017A67EEA77AC3ED3F
:109CA000007A0123D9ED037A99ED027A67EEA77A5B
:109CB00047EE077A0133B3F5807F09F10809E2EC3A
:109CC000017AEFD1354A9FED368A93464FF000096D
:109CD00040F20110334B29499FED330A09EB030E83
:109CE0000023BEEC017AF1EC017A0133834207EEE6
:109CF000270AF6D1B4EEC80AF1EE10FAD8BFB0EEDA
:109D0000480AFEF765FD09F2044945F250039945FA
:109D1000224AABEC010A40F20110DBD12348DFF804
:109D200098900023DFED207A03EB090E9446002182
:109D3000FEEC016ABCEC017A0131142946EE877A07
:109D4000F6D15033B3F5C86FE0EC017AEAD1204682
:109D50001649C047013440F233539C4205F11E05B9
:109D60007FF44AAF62E700BF8A1C060064D004009B
:109D7000AC1C0600A6C3002000000038B01D002067
:109D8000D81C0600141D060044900020B4290020B1
:109D90007C2A0020F81C0020B0210020601D00203B
:109DA000BD378635F43F002000000000101D002064
:109DB0000C910020B4210020B43900202DE9F84F87
:109DC0008A4600AF002974D004680E1F361BF508C0
:109DD00026F0070604EB0608B8F802B01BF0010BEA
:109DE00016D1E94688B06A46334BCDE905310323E5
:109DF00042F8103F31485B464FF4C25100F098FFE3
:109E0000CD468BF31188BFF36F8F0423184602DF12
:109E1000294620461CF08DFC284434F83030C01A06
:109E2000854217D0E94688B06A46254BCDE9053A08
:109E3000032342F8103F214800234FF4C25100F0A1
:109E400077FF0023CD4683F31188BFF36F8F042380
:109E5000184602DFB8F8023023F00103A8F80230F8
:109E6000294620461CF065FC05EB000804EBC803FE
:109E70005B88DA0708D4414620461CF0A3FC424622
:109E8000294620461CF0E3FCA65BAE1B04EBC60390
:109E90005B88DB0709D4314620461CF093FC2A4638
:109EA000314620461CF0D3FC3546294620461CF09E
:109EB00045FCBD46BDE8F88F921D0600ACD00400FD
:109EC000691D06002DE9F04F91B08407009302F060
:109ED00004030293C2F3C20303F10103DDF868A097
:109EE000039205460E46059340F09D81041D00280F
:109EF0004AD101F00706341DC6F10806009B002771
:109F00005A1E4FF004084FF0FF3301930497B946EF
:109F1000BB4643460DB1009820600598002800F329
:109F2000D78090480099814203D38F488142C0F086
:109F3000CF80039911F0020CA4EB050040F0D6800D
:109F4000B9F10F0F00F2CF80002D00F0D68009F19B
:109F500040010DEB010EC0F3870001990EF8200CB3
:109F60000EF8101CBCF1000F00F0C38060F07F0001
:109F70000EF8200C013709F10109C5F1080104347C
:109F800006914FF6DA7E8CE00729B7D86FF01B00F8
:109F900011B0BDE8F08F7A285BD84B280FD847283E
:109FA00057D829282ED8252850D052D8202818BF75
:109FB00023280CBF4FF0010B4FF0000B71E04C3821
:109FC0002E2846D8DFE800F06D4545454545454516
:109FD000454545454845454545454545455645481A
:109FE000485656566D486A456D4518481845457F90
:109FF0007C48454548457C0000204FF0000B4FF061
:10A00000040835E02A38C0B2012101FA00F010EA54
:10A010000E0F46D110F0625C2CD110EA010B40D03B
:10A020006046013C4444B4FBF8F408FB04F425B159
:10A03000A3EB050CA444B445A8D8002870D005981B
:10A04000013805905AF8040B009063E70199013933
:10A0500001914FF0000B24E012F8010C6C2834D170
:10A0600012F8023C00206C2B8346C8D14FF0080840
:10A070004346D6E70AF1070A2AF0070A0734BAEC82
:10A08000027B24F0070435B106982044B0423FF625
:10A090007DAF84ED007B08344FF0000B4FF00808D3
:10A0A000434612F8010F002853D0BBF1000F7FF494
:10A0B00072AF2528F5D1019B013301934FF0010BBD
:10A0C0004FF00408ECE7584697E700208346A8E7DE
:10A0D000039988077FF551AF601B4FF0010CB0F575
:10A0E000007FFFF42DAF6FF0150051E74FF0000C2B
:10A0F000F5E70498013004903DE7BCF1000F01D072
:10A10000013638E70299023600297FF434AF00980F
:10A11000CDE90632FDF770F8DDE9063206442AE79C
:10A12000042B08D10AF1040015B1DAF800102160FF
:10A1300004348246B5E70AF1070323F0070303F16D
:10A14000080A1DB193ED007B84ED007B08340823E1
:10A15000A7E7631BB3F5806FC5D23DB9A6F108042C
:10A16000E01815E728CB04005C3E0600029A286040
:10A170009B082B709DF81030AAB1EB70AF702FB117
:10A1800008A80022C5F1010C91450ED1C5F10103CB
:10A190000DF120084FF0000A01930DF1300BD1456D
:10A1A00012D1601BF4E66B70E8E710F8013B19066A
:10A1B00008D50CEB040EB64503F07F033FF6E6AE80
:10A1C00004F8013B0132DFE71FB198F90020002AB3
:10A1D00017DB029BD3B11AF80B2004F8012B0022E5
:10A1E000019B18191044B0423FF6D0AE98F8000019
:10A1F00004F8010B00990392204622F098FA039A82
:10A2000014440AF1010A08F10108C8E798F800208F
:10A2100055F822300093029B45F822300098FCF755
:10A22000EBFF421CDCE76FF00D00B1E62DE9F04FCB
:10A2300097B000AFC7E90A3205468A4649B90378A4
:10A240004678807800EB83002844564524D8A0EB5C
:10A25000050AD7F8803095F80280D7F8804003F0DF
:10A260000103FB61EB787B62B8F1000F0CBF0024A7
:10A2700004F001041BB1D7F880309A0715D4A4B9B3
:10A28000FB6A1BB1BA6A5146284698475646304683
:10A290005C37BD46BDE8F08F441C2046FCF7ACFFA0
:10A2A000013020440AF1010ACFE7D7F88030C3F328
:10A2B000C0033B622B78BB619B003B616B687B6199
:10A2C000BB6905EB830BFB6A002B77D15646D8445C
:10A2D000BCB11C461BF8013B55F82300FCF78CFF72
:10A2E000D7F88430013043B1D7F88830A34282BF19
:10A2F000D7F8843023F814000134C3450644E9D16B
:10A30000D846D7F8803013F0050F0CBF4FF0020B82
:10A310004FF0010B4FF000097B6A9945B7D298F8CE
:10A32000013055F823A0AF4B9A4508F10208C0F060
:10A330004C81AD4B3A6A9A452CBF002301230AB3E6
:10A3400018F8021C7869FB621CF0C7FBFB6AC8B1F5
:10A35000EA468AB06A46A54B05937B69CDE906318A
:10A360004FF40073ADF82030A14B42F8103FA148E4
:10A3700000234FF4125100F0DBFC023ED54609F1F8
:10A380000109C9E723B1FB6933B9A6EB0B06F6E770
:10A39000D7F880309B07F2D55046FCF72DFFD7F851
:10A3A00084304BB1D7F888309C423FBFD7F8842027
:10A3B000431C22F8143001340644E0E7002C69D134
:10A3C000B8F1000F6CD0D7F880305E076BD5C1466E
:10A3D00007F148004246594622F0A9F90BEB080361
:10A3E000FB6000220233796A8A425ED3D7F880206C
:10A3F00095F801B0F969920704EB0B03DBB254BF87
:10A400004FEA59020022002940F0A780D7F88010B7
:10A4100011F0040F14BF494600216B70A970EA7057
:10A420003969BA6AFB6A28469847061EFFF62FAFBD
:10A43000BB692B707B6AEB704946BA6AFB6A85F888
:10A4400001B085F8028007F148009847B0F1000993
:10A45000C0F2B7803B697A6A786A03EB4201FB6815
:10A46000BA6A414403EB4000AAEB0101FB6A98473A
:10A470000028C0F2A880B14409EB00064FF0000BA1
:10A4800007F1380AA3456AD30021BA6AFB6A084675
:10A490009847FCE6444607F138004FF0000999E779
:10A4A0004446C1469AE7A14698E713F8016C13F8B1
:10A4B000021C55F82600B9604A498842C0F08B80DA
:10A4C00049498842396A2CBF4FF0000B4FF0010B0D
:10A4D00041B1B9687869C7E900321CF0FEFAD7E9E2
:10A4E0000032F0B9BBF1000F1ED0F96949B1611C0F
:10A4F00004F1280007F13004041904F8206CCCB2F0
:10A500000FE0D7F8801048070BD509F1280007F1B4
:10A51000300C09F1010100EB0C0909F8106C5FFA2D
:10A5200081F9013202335EE7D7F880108907DED463
:10A5300009F1280107F1300C8C44B9680CF8101CA3
:10A5400009F1010007F1580151FA80F009F10209FF
:10A550005FFA89F900F8106CE3E700215DE71BF86A
:10A560000A3087F8373055F82390D7F884302BB36A
:10A57000D7F888309B4521D2D7F8843033F81B8038
:10A58000BA6AFB6A012107F13700984700281ADBF5
:10A590000644B8F1000F06D14846FCF72DFE00F145
:10A5A00001081FFA88F8BA6AFB6A4146484698478C
:10A5B000002808DB06440BF1010B63E74FF00008AD
:10A5C000DEE74E4663E6064661E63B6A002B3FF453
:10A5D000DFAE0023B4E6396A0029A5D04FF0000BA6
:10A5E00077E700BF28CB04005C3E0600BF1D0600D5
:10A5F0000400000154D00400014B1860704700BFF4
:10A60000680200202DE9F047058B0446280717460D
:10A610000CD501290CBF45F0100545F02005258318
:10A6200087F31188BFF36F8FBDE8F087022905F02B
:10A63000070540F0948020461CF010FD052864D8E2
:10A6400001A353F820F000BF21A602005FA702007B
:10A650000BA70200CDA60200E7A60200F9A60200A1
:10A6600001F007035A1F012A1FD8002221F0070119
:10A67000062BD4F8008089B2C4E9002209D14346F0
:10A6800003E0628B013262831B68002BF9D141F039
:10A690000201218320461CF0E1FC4FF00009002854
:10A6A0006DD041F02001218369E0042B0AD121F013
:10A6B000070189B2218320461CF0D0FC10B141F083
:10A6C000200121834FF00008C14658E02369D3F8E8
:10A6D0000090238B23F0070343F0060323834FF0FE
:10A6E000000846464BE02369D3F80490238B23F0FF
:10A6F000070343F00403F1E72369D3F80890238BA1
:10A7000023F0070343F00503E8E74FF00008C146D4
:10A71000E7E7012243F00803238387F31188BFF39F
:10A720006F8F002A3BD1B8F1000F4AD1B9F1000F69
:10A7300002D02D492046C847EFF31187202383F329
:10A740001288BFF36F8F238B23F008039BB2238300
:10A75000D9063FD523F01002228303F0070566696E
:10A76000218B002EBFF67CAF0023D4F8008021F0AF
:10A770000701C4E9003341F0010121839946238B8D
:10A7800003F0070AAA4502D0A268002AC1D1B8F195
:10A79000000F02D1B9F1000FDAD00022BAE7A168A8
:10A7A0000029C0D00D680029BDD04F6833465246FD
:10A7B0002046B8471DB12B6829461D46F3E72B46B6
:10A7C000FAE74146334652462046D8F800801CF04E
:10A7D00071FCA8E79A067FF523AF23F020022283BD
:10A7E00003F0070527E700BFE17004002DE9F047FB
:10A7F000DFF85480044607464FF0010994FAA4F5A7
:10A80000B5FA85F509FA05F32E0108EB05156FEA8F
:10A81000030A24EA03042B7B63B158F806301B6952
:10A820006BB94644042273682846196807EA0A0788
:10A830001CF0DEFD002CE1D13846BDE8F08728464B
:10A8400098470028F6D1ECE7E4D0040010B5104991
:10A85000104888B0002221F0D3FE4FF400320023CC
:10A86000CDE9062300240E23CDE90334CDE90144CC
:10A87000094B0A4900944FF44072094819F0D8FA7C
:10A880000849074821F0C5FC204608B010BD00BFAC
:10A89000A9A8020030110020D9AB02008069012074
:10A8A000600C00207E1E0600014818F047BF00BF64
:10A8B000340900202DE9F047804621480F461CF05E
:10A8C00077FD0646002833D000252846BDE8F087EE
:10A8D000237B83B12368DB680BB12046984763680C
:10A8E00083F8069023681B69D3B96368042219684A
:10A8F00020461CF07DFD013610345445E8D3B8F1F4
:10A90000000FE2D0002DDFD02846FFF76FFF05468D
:10A91000002FF7D000214FF4A47021F060FDF1E783
:10A92000204698470028E0D009FA06F31D43E2E7E5
:10A93000044CDFF814A005464FF00109DDE700BF25
:10A940004C910020E4D00400F4D00400014B53F8F3
:10A95000200070479CD4040008B5034608462BB17C
:10A96000044A136000F042FC002008BD6FF015009F
:10A97000FBE700BF6C02002010B5044C237813B92C
:10A98000034818F0DBFE0123237010BD086001208E
:10A990003409002010B504460B481CF009FD5CB1D9
:10A9A000BFF35B8F094B53E8001F013943E80012E6
:10A9B000002AF8D1BFF35B8F054819F0F1FF054875
:10A9C000BDE8104018F0BABE449100204891002024
:10A9D0003011002034090020064BBFF35B8F0022AA
:10A9E00053E8000F43E800210029F9D1BFF35B8F42
:10A9F000704700BF4491002070B5FFF7EDFF084C91
:10AA0000084E0546B44200D370BD63685B792BB134
:10AA100023685B6813B12946204698471034F1E754
:10AA2000E4D00400F4D0040010B5044C04492046DE
:10AA30001CF08EF9034B1C6010BD00BF08080020FD
:10AA400088D404003C9100200D4A0E48002310B524
:10AA500013700D4A13600D4A4FF400411360FFF765
:10AA60007BFFFFF7E1FF0A4B0A4918468B4200D3F0
:10AA700010BD1A1A5C681211013222711033F5E709
:10AA800009600120AD73040044910020489100202A
:10AA9000E4D00400F4D00400014600220148002361
:10AAA0001CF077B90808002001481CF00EBA00BF5E
:10AAB00008080020024B014618681CF061BA00BF6C
:10AAC0003C91002001481CF096BA00BF0808002005
:10AAD00070B52A4B1B78002B4ED0FFF7E5FF0446DC
:10AAE000002846D1264B274D1B68002B19DD21F08D
:10AAF0003FFD4FF47A76A0FB063206FB0121D5E933
:10AB00000020DB0B43EA41439B1A4FEAD13140F26C
:10AB1000E93261EB0001934271F1000101D3FFF7CB
:10AB20006BFFD5E9003213F57A7342F10002C5E9F3
:10AB300000320CB3BDE87040FFF7C4BF6B685B79AF
:10AB400023B12B6821461B68284698471035B5422B
:10AB5000F4D32046FFF7AEFFBFF35B8F0A4B53E8F9
:10AB6000001F013943E80012002AF8D1BFF35B8FC0
:10AB7000B8E7064D064EEAE7002070BD08600120E8
:10AB8000449100202811002048910020E4D00400C6
:10AB9000F4D0040070B50D4D297861B90120FFF79C
:10ABA00089FE0B4C0B4EB44206D3FFF791FF0028F1
:10ABB000FBD101232B7070BD63685B791BB12368E7
:10ABC00020469B6898471034EDE700BF09600120DC
:10ABD000E4D00400F4D0040000212DE9F843084635
:10ABE000FFF768FE044648B340F267684FF000097B
:10ABF00001F0AAF81A4B1B4A1B58136033B11A4BC9
:10AC00001B68092B02DD194818F098FD184F002524
:10AC100044B12046FFF7EAFD044618B94FF0FF386B
:10AC20004FF0FF39FFF754FF064628B9B5B90F4872
:10AC300042464B4618F0B6FD3546E9E74FF0FF387F
:10AC40004FF0FF39D4E72B689B691BB100221146F6
:10AC5000284698471035BD42F5D3E8E7054DFAE799
:10AC60000800000040910020489100203409002095
:10AC7000F4D00400E4D0040013B518481CF098FB8D
:10AC8000174B1B7873B1EFF31184202383F31288E1
:10AC9000BFF36F8FFFF71CFF84F31188BFF36F8F33
:10ACA00002B010BD0F4B1B68002BF9D050B9002229
:10ACB0000023CDE900230C484FF40042002319F093
:10ACC00037FEEDE70928EBD1074819F069FE074880
:10ACD00002B0BDE8104018F031BD00BF489100201F
:10ACE000096001204091002030110020340900202B
:10ACF00010B5064B1B68044698472146A0600448DF
:10AD00001CF0C4F8BDE81040FFF7B6BF6C0200208D
:10AD100008080020044A054B9B1AB1EBD30F34BF3F
:10AD200052F8310000207047DCCF0400E4D004006A
:10AD30002DE9F04F8FB004AFC1F34A26B8600D463D
:10AD400090467B600C0D002E61D04FF000090A2365
:10AD50004FF0040B07F1140AFE60C7E90799C7F822
:10AD600024900093CDF808B0CDF804A007F11C039F
:10AD7000F9684A464046FFF759FAB0F5006F0346B6
:10AD80001CD36C468AB0D8F8041004AB2448C3E93D
:10AD9000050140F2FF71D9611A464FF40071198420
:10ADA000204B42F8103F20484B464FF41251FFF71A
:10ADB000BFFFA5462C37BD46BDE8F08FC0F30A069D
:10ADC00004F11700184420F0070080083B60FFF7EB
:10ADD00063FE66F35325044680B13B68134A00F1D5
:10ADE0001001C7E90839F961CDE901AB0A230093E5
:10ADF000F96807F11C034046FFF718FA66F353257C
:10AE00007B68B9682A4620461CF012FBD2E704F1A1
:10AE1000170020F007008008FFF73EFE0446EDE72C
:10AE2000931E0600040000016CD0040003740400AB
:10AE30002DE9F04F87B0DDE9127ADDE9106B0546A8
:10AE4000884614469946BFB11021CDF800A03B4674
:10AE50005A460020CDF814A0FFF734F8B0F5006F83
:10AE600001460BD3194A1A4840F2FF73022107B07A
:10AE7000BDE8F04F1CF035BB3946384604F00703F7
:10AE800005F00704E40044EA831444EA402444EA59
:10AE9000065406F11700084420F0070080080391CB
:10AEA000FFF7FAFD054640B13FB10399CDF800A088
:10AEB0003B465A461030FFF705F84B4622464146BE
:10AEC000284607B0BDE8F04F1CF0B2BAD21E06000B
:10AED0006CD00400406820B1034BC01A40F3CF008F
:10AEE00070474FF0FF307047DCCF04000EB403B55D
:10AEF00003AB014653F8042B0448019301F0B0F86A
:10AF000002B05DF804EB03B0704700BF4575040064
:10AF1000CA0605D48B064CBF02490349FFF7E6BFBA
:10AF2000704700BF0B1F06000A1F06002DE9F04FF7
:10AF300089B09846159B0693DDE916A39DF85090BD
:10AF4000189F059204460D460493B9F1000F00F0D6
:10AF5000AE8007F4807307931CF048FA07F0020BE9
:10AF60000246002872D077492046FFF7BFFF064609
:10AF7000BBF1000F08D017F0440F69D172492A467F
:10AF80002046FFF7B3FF064407F0010353B16F4BB0
:10AF90006F4953F829206F4B2046002A08BF1A46F4
:10AFA000FFF7A4FF07F48073002B07F0080318BF16
:10AFB0004FF00008002B77D0674B684953F82920E1
:10AFC0002046FFF793FF0546059B2BB164491A46BF
:10AFD0002046FFF78BFF0544B8F1000F05D061490B
:10AFE00042462046FFF782FF05445F483544069BF2
:10AFF0001BB15E4922461BF03FFD049B002B00F075
:10B000008C80049B102B28BF10233946204698467D
:10B01000FFF77EFF0026B54250DC002633461AF8C3
:10B02000032053492046FFF761FF0136102E4BD015
:10B03000710703D14F492046FFF758FF4645334675
:10B04000EDD34D492046FFF751FFEEE706468FE767
:10B050004A4B1868002896D0494B4FF47A7B1B68FE
:10B06000B5FBF3F54FF46163B5FBF0F100FB11554F
:10B070000BFB05F54FF03C0CB1FBF3F203FB121197
:10B08000B5FBF0FEB1FBFCF300FB1E550CFB1311EE
:10B090000BFB05F50091B5FBF0F53A49CDE901E56B
:10B0A0002046FFF723FF6EE707F008058CE7B8F1AD
:10B0B000010F0CBF2C4834484D4698E72D492046D7
:10B0C000FFF714FF0136A6E7304920460026FFF7B8
:10B0D0000DFF33461AF803202D49A2F120035F2B00
:10B0E00028BF2E222046FFF701FF0136102E0DD07B
:10B0F000720703D11F492046FFF7F8FEB0453346DB
:10B10000E8D81C492046FFF7F1FEEEE7049BB3EBBD
:10B110000803C24404937FF474AFB9F1000F0AD05E
:10B12000FB0704D50B4A0A492046FFF7DFFE3946E4
:10B130002046FFF7EDFE204609B0BDE8F04F1CF0B9
:10B14000F4B900BF121F0600161F0600ACD404009D
:10B15000CA2906000D1F0600C0D404003B1F0600CC
:10B16000411F0600451F06004575040061C002002E
:10B170004A1F0600521F0600501F0600549100206F
:10B18000509100201F1F06007B750400541F06000D
:10B19000561F060073B542F20F738B4228BF0B4651
:10B1A00005680F4A04460521684619F07FFC63686C
:10B1B0000C495B6806460B2228461CF0A8F9636818
:10B1C0003246694628465B681CF0A1F96368064967
:10B1D0005B681B2228461CF09AF902B070BD00BFC4
:10B1E000B71B0600123D0600F63C0600074A002188
:10B1F0000123904206D8064A01B901231360054B8A
:10B200001860704740085B000121F2E740420F00E0
:10B210005091002054910020F8B5074F0D46044688
:10B220004618B44201D12846F8BD14F8011BBB688A
:10B2300001485B689847F4E72CCC0400014B03609D
:10B240000020704708D5040007B51B491B481CF0B7
:10B2500071FC70BB1A4919481CF06CFC48BB1949B9
:10B2600016481CF067FC20BB174914481CF062FC10
:10B27000F8B90146154A11481CF043FFC8B9024607
:10B2800013490E4801231DF016F890B901230093CD
:10B29000014602230948EF221CF056FB48B9074833
:10B2A0001CF07BFB28B9054803B05DF804EB1CF0EB
:10B2B000A4BB03B05DF804FBEC020020D40A00201C
:10B2C000D4020020BC020020A4020020780200204A
:10B2D000931F060010B5DFF824C086B04FF4281481
:10B2E000CDE904C40824029404AC0194BDF82040C4
:10B2F00000941EF0A8FF06B010BD00BF1800280083
:10B3000080B505460E461746984619F0C5F803461F
:10B3100000F01AFDDFF81890044649F80030424664
:10B3200030463946A84754F8090000F08BFC00BFAE
:10B330000800000008B50348034A0021121A1CF057
:10B34000CDF908BD680B0020D46001200748084AE9
:10B35000084908B5121A1CF0C3F90748074A0849FA
:10B36000BDE80840121A1CF0BBB900BF0000002065
:10B37000680B00205C3E060000000020000000205A
:10B380005C3E06002DE9F84F804600AF0C460029D0
:10B3900065D0E9468AB0D1E90012A3686D46394804
:10B3A0006E464FF0050ACDE90501CDE9072346F8C1
:10B3B00010AF3548324600234FF42151FFF7B8FC57
:10B3C000CD46D4E903126369AD463048C5F810A0F4
:10B3D000C5E90501C5E907232B48002332464FF490
:10B3E0002151FFF7A5FCCD46E369294A2648DFF83D
:10B3F000B0B001211CF075F8264600254FF00A0A6E
:10B40000E9468EB0D6E908C0D6E90A136A46CDF8F7
:10B410001CC005F1010CCDE908C0A81CCDE90A014A
:10B42000E91CCDE905B5CDE90C1342F810AF16487B
:10B43000002345F240010435FFF77AFC102DCD467C
:10B4400006F11006DCD1236E124A0F4801211CF0D0
:10B4500048F8A369104A0C4801211CF042F8B8F1E1
:10B46000010F07D1EFF305830C4A0748103B414613
:10B470001CF037F82146404617F0B4FDBD46BDE844
:10B48000F88F00BFAC1F0600A4D00400DB1F06002D
:10B490000A2006005C2006006B20060099200600AA
:10B4A0001920060030BFFFF7FDBF00BF2DE9F041B6
:10B4B0000B4EDFF8348006EB0807CC1B05463246FE
:10B4C0000849204621F033F9A01942460021083CE2
:10B4D00021F054F9AC6707F10800BDE8F08100BF26
:10B4E00000000000F4D004000800000010B5204C5B
:10B4F000204921481CF001F9A36A990136D51E485C
:10B500001E491CF0FAF81E20A36ADA0104D51A4875
:10B510001B491CF0F2F81F20154CA36A1B0304D52D
:10B52000154818491CF0E9F82120A36A590304D5ED
:10B53000114815491CF0E1F822200D4CA36A9A032A
:10B5400004D50D4811491CF0D8F82320A36ADB0369
:10B5500004D509480E491CF0D0F82420044A936A07
:10B560006FEA03436FEA1343936210BD1D20CBE7DC
:10B5700000ED00E0AC200600A4D00400C4200600CA
:10B58000D7200600F12006000F2106003421060016
:10B590004E21060070B506460D46284C284929481C
:10B5A0001CF0ABF8A36AD9043CD5264826491CF008
:10B5B000A4F81720A36A1A0504D5224823491CF0D1
:10B5C0009CF818201D4CA36A9B0512D51D482049E4
:10B5D0001CF093F8A36BA26A100409D51D4A194800
:10B5E00001211BF07EFF1EB1A36A23F40043A36276
:10B5F0001920124CA36A590504D5124816491CF0AB
:10B600007CF81A20A36ADA050ED50E4813491CF0FF
:10B6100074F81B20094A936A43F47F439362002322
:10B620002B7070BD1620C5E7A36A9B04F2D50548B0
:10B630000B491CF062F81C20ECE700BF00ED00E0B5
:10B6400079210600A4D004008F210600A021060065
:10B65000B3210600CC210600E1210600FC210600F2
:10B66000142206002DE9F843804689461746354DD9
:10B67000354936481CF041F8AB6ADE0627D5344917
:10B6800032481CF03AF81124AB6A1D0704D5314941
:10B690002E481CF032F812242A4DAB6A980718D5B0
:10B6A0002D492A481CF029F86E6BAB6A190646D55D
:10B6B0002A4A2648334601211BF013FFB9F1000F37
:10B6C00003D0AB6A23F08003AB62132403E01024A1
:10B6D000DAE76FF015061B4DAB6ADA0704D520498F
:10B6E0001A481CF00AF81424AB6A9B0604D51D49BD
:10B6F00016481CF002F81524124B9A6AD50602D49B
:10B700009A6A90070AD55B68190507D54146304605
:10B7100000F01CFA10B180F309880224094B9A6AE0
:10B72000920642BF5A6A22F400525A629A6A42F062
:10B73000FF029A6200233B702046BDE8F8836FF059
:10B740001506C2E700ED00E043220600A4D0040085
:10B7500059220600A02106008C220600A422060021
:10B76000BA220600142206002DE9F041654B9CB078
:10B77000D3F8048000AF0546C8F30804002686F31A
:10B780001188BFF36F8F02F07F43B3F17F4F07D172
:10B7900002F00C03082B12D15B495C481BF0ADFF93
:10B7A000002635460023FB71E31E092B00F2898039
:10B7B000DFE803F00A7F827B87878787878510070A
:10B7C0004CBF0D460126EDE7514950484D4C1BF04A
:10B7D00094FF0023FB71E36A9A0705D54D494B4856
:10B7E0001BF08BFF00242DE0E36A002B01DA4A49AD
:10B7F000F5E7E36A5B00F5D5484944481BF07DFF57
:10B800006369AA6943F480736361BFF34F8FBFF329
:10B810006F8F32F8023C626922F480726261BFF37A
:10B820004F8FBFF36F8F03F47F42B2F55F4F25D187
:10B83000DBB2022B22D12B68394A344801211BF09C
:10B8400050FE2C68FB79ABB96822294607F1080045
:10B8500020F06DFF7B6A002E50D0C3F3080222B99E
:10B860006FEA53236FEA43237B6207F10801204606
:10B87000FFF788FD7037BD46BDE8F081214B9A6A1D
:10B88000D2B22AB1FA1D01212846FFF7EBFE0EE0E5
:10B890009A6A12F47F4F04D0F91D0120FFF77AFE57
:10B8A00005E09B6AB3F5803F9CD3FFF71FFE04467B
:10B8B000C8E7FA1D0021E7E7F91D0020EEE7194966
:10B8C0008DE7194A194B18F4F87FE8468AB008BF8B
:10B8D00013466A461649CDE905134FF40073ADF8D7
:10B8E0002030103C134B079442F8103F07480023C8
:10B8F0004FF41151FFF71CFAC54673E76FF30803C5
:10B90000B2E700BF00ED00E007230600A4D004006A
:10B9100032230600492306006A2306007823060026
:10B9200097230600B3230600D9220600EE22060064
:10B93000D723060004000001044B5A6942F01002AC
:10B940005A615A6922F008025A61704700ED00E01E
:10B95000EFF30880EFF3098101B57246FFF704FFAA
:10B9600001BD00BF0B4880F3088816F043FA202081
:10B9700080F3118808484FF40861401880F3098863
:10B98000EFF314800221084380F31488BFF36F8F14
:10B9900000F06CF800A00120808501201EF0040F4B
:10B9A0000CBFEFF30880EFF30980816911F8021CE6
:10B9B0000229FFD001B572461BF094FE01BD00BF05
:10B9C00040B2002807DB044A4109012300F01F00B0
:10B9D000834042F82130704700E100E040B2002887
:10B9E0000CDB4309064900F01F002033012282408E
:10B9F00041F82320BFF34F8FBFF36F8F704700BF15
:10BA000000E100E0054B420900F01F0053F822203E
:10BA1000012303FA00F01040704700BF00E100E08E
:10BA200040B20028A8BF00F1604001F10101B8BF99
:10BA3000064B4FEA4111ACBF00F5614000F00F002A
:10BA4000C9B2B4BF195480F80013704714ED00E078
:10BA5000044B054A23F07F039360BFF34F8FBFF37E
:10BA60006F8F70470070020000ED00E008B5FFF72F
:10BA7000EFFF104BD3F8882022F47002C3F888201F
:10BA8000D3F8882042F4A002C3F888204FF0404247
:10BA9000C3F83422BFF34F8FBFF36F8F0023E1EE63
:10BAA000103AFFF747FCFFF751FC00F02FF917F0B1
:10BAB000BDFB00BF00ED00E04FF47D41C0F8C410B5
:10BAC00042F8203C009B42F81C3C0A49019B42F88A
:10BAD000183C029B42F8143C21F001014FF08073A6
:10BAE00042F8043C42F8081C0023203A0265C36770
:10BAF000704700BF01B30200838913F0020F124B9D
:10BB000003D190F8C520D20611D45A6B42F080427E
:10BB10005A63D0F8C43019075CBF43F00803C0F87B
:10BB2000C430838943F002038381802070475A6BBD
:10BB300022F080425A63D0F8C4301A0744BF23F081
:10BB40000803C0F8C430F0E700EF00E0094A0346FC
:10BB5000906870B113F1160F806E05D0A0F18002CD
:10BB6000934205D3834203D2814228BF002070470D
:10BB7000002070476CBB0020104B9B6883421AD199
:10BB8000EFF30580B8B9EFF31181202282F3128818
:10BB9000BFF36F8F9A8922F002029A81EFF3148328
:10BBA00023F0040383F31488BFF36F8F81F31188AC
:10BBB000BFF36F8F70476FF0150070476CBB0020AC
:10BBC00008B515460E460022E1EE102AEFF3148266
:10BBD00022F0040282F31488BFF36F8FBFF36F8FDC
:10BBE0000B4A0C4B9060826F1A6000F0BFF82C4635
:10BBF00086F309880020044B984720460021002244
:10BC00000023024C204700000F77040001B302001C
:10BC10006CBB00207C910020014B10221A61704700
:10BC200000ED00E0054B9A699B689A421FBF044AE9
:10BC3000536843F080535360704700BF6CBB0020D3
:10BC400000ED00E0084B9B6883420BD1EFF30583C6
:10BC500043B1064B5A6842F080525A605A6A22F445
:10BC600000425A6220F0DABA6CBB002000ED00E01E
:10BC700023498A6882F8C5E04FF030001044EFF3A2
:10BC8000098C80E8F01F1EF0100F03D102F1840030
:10BC900080EC108A202080F31288BFF36F8F194F39
:10BCA0004FF000668A698A603E60906F164C206093
:10BCB00092F9C5E0D06F0023D36780F311881EF09E
:10BCC000100F03D00023E1EE103A03E002F18400EC
:10BCD00090EC108AEFF3148323F0040383F31488A9
:10BCE000BFF36F8F04B5104600F040F8BDE8044084
:10BCF00002F1300090E8F01F8CF3098870470000D3
:10BD00006CBB002004ED00E07C910020044800237F
:10BD10002021C2180133302B82F80013F9D170476B
:10BD200000E100E008B5EFF30583064A103B02EBA3
:10BD3000C30152F8330049688847BDE80840FFF75F
:10BD400071BF00BFF0CC04000148006870470000DC
:10BD50007C910020024B034A0348012100F090B877
:10BD6000000004200000002094D5040010B5044613
:10BD7000FFF7C2FEA26E03460548D21AC0E90023AF
:10BD8000044B8360BDE81040012100F083B800BF80
:10BD90008091002000000B1508B503461048D0F82C
:10BDA0009020C2F30722013A934207D90D480E4A68
:10BDB00001211BF096FB6FF0150008BDC0F898300C
:10BDC0000A6822F01F021A4342F01002C0F89C20B9
:10BDD0008A6842F00102C0F8A0201846EDE700BFD3
:10BDE00000ED00E084D00400EE230600F0B50E461E
:10BDF00085B01F4604460025B5420DDA606810B3D1
:10BE000097B1431E18420AD0104A11482B4601210F
:10BE10001BF067FB6FF01502104605B0F0BD7F28E0
:10BE2000F2D921680B42EFD1236801931BF092FCF9
:10BE3000A36801A90343D0B20393FFF7ADFF10F14C
:10BE4000160FE7D0421C01350C34D5E71424060048
:10BE500084D00400044B0522C3F89420BFF34F8F15
:10BE6000BFF36F8F704700BF00ED00E0BFF35F8F3F
:10BE7000024B0022C3F89420704700BF00ED00E0A1
:10BE800010B5034C01232278FFF7B0FF207010BDDE
:10BE90000B60012008B50B4A00231278FFF7A6FFBC
:10BEA00010F1160F07D0084A0021D2F89030C3F3E2
:10BEB0000723984200DB08BDC2F89800C2F8A01022
:10BEC0000130F2E70B60012000ED00E02DE9F043C6
:10BED0005D485E49D0F890300C68C3F307239C425C
:10BEE00085B000F2AE80FFF7C1FF4968002294429E
:10BEF00001F10C011AD1564F564D3C706846FFF7C0
:10BF00009DF9554C554E81464FF00008C14520D152
:10BF10003B784D490020D1F89020C2F3072293428C
:10BF2000C0F28980FFF796FF002050E0C0F898200B
:10BF300051F80C3C23F01F03134343F01003C0F8E7
:10BF40009C3051F8043C43F00103C0F8A0300132AA
:10BF5000CDE7009800EB08114FEA081CCB6823409E
:10BF6000B3F5000F49D00BD8B3F5001F32D0B3F5AD
:10BF7000800F37D0B3F5801F14D008F10108C5E752
:10BF8000B3F1007F42D0B3F1805F48D0B3F1807F3E
:10BF9000F3D150F80C3088684A681BF0DBFB40F0A6
:10BFA000887009E050F80C3088684A681BF0D2FBB2
:10BFB00040F0885040F43020039001A93878CDE952
:10BFC0000123FFF7E9FE002831DA6FF0150005B014
:10BFD000BDE8F08350F80C3088684A681BF0BAFB63
:10BFE0003043E9E750F80C3088684A681BF0B2FB30
:10BFF00040F0C06040F40030DEE750F80C30886854
:10C000004A681BF0A7FB40F08270D5E750F80C306F
:10C0100088684A681BF09EFB40F48020CCE750F80B
:10C020000C3088684A681BF095FB2843C4E73B78CE
:10C0300001333B70A1E7C1F89830C1F8A00001338B
:10C0400069E74FF0FF30C2E700ED00E0A0D5040043
:10C050000B600120000002110000F0FF0000081139
:10C06000F0B587B007460E461446002110226846F8
:10C070001D4620F083FB02238DF802302A46054B33
:10C08000019321466846CDE9047618F0C9FD07B052
:10C09000F0BD00BF7577040008B5024B1B689847D8
:10C0A000002008BD8C910020034B044A186093784F
:10C0B00043F00203937070478C9100201C03002012
:10C0C00008B50649064821F00701C1F1005202F502
:10C0D00080221AF090FC002008BD00BF737202207D
:10C0E0009091002070B54169867A0B4D044659B194
:10C0F000437ADB0706D4242303FB0653DB691B6862
:10C100009B689847002363612420214600FB06506A
:10C11000BDE870401FF068BF88090020024B242250
:10C1200002FB0030704700BF88090020827A064B6E
:10C13000242101FB02331A6A1B7D1B33801A23F072
:10C140000303B0FBF3F070478809002038B5074BB4
:10C15000827A242404FB0233DB69D3E901240C60D6
:10C160001568FFF7E3FF04FB005038BD8809002085
:10C170002DE9F04385B005466846039190461C467C
:10C1800020F0F8F9DDE90067EFF31189202383F34C
:10C190001288BFF36F8F6B8A002B41D02A8A9A4294
:10C1A00025D900220023284617F096FA0446F0B15C
:10C1B00089F31188BFF36F8F039B002B41D0324668
:10C1C0003B46684620F0FBF9A27A264B242101FB6E
:10C1D00002332046DB691B6803A91D68DDE90023E3
:10C1E000A847606170BB2046FFF77CFF24E0698AA6
:10C1F0004B1E6B8289F31188BFF36F8F2B7D2A8AC8
:10C200002C6A1B3323F00303521A02FB0344154B21
:10C21000154AEB1A9B105343A3722B7DE372CBE7B5
:10C2200089F31188BFF36F8F23464246284617F0E3
:10C2300053FA04460028BFD10024204605B0BDE8CB
:10C24000F0836361012300252381039B6382E27AEB
:10C250006560294604F1180020F090FA6369258290
:10C26000E360EAE788090020398EE33870B50D4CA9
:10C27000242500B970BD037A4668002BFAD0013B33
:10C28000DBB20372002BF5D1C3604360837A05FBF8
:10C2900003439B6913B198473046EAE7FFF722FF53
:10C2A000FAE700BF880900200C4B0122C3F84025A3
:10C2B0004FF080434FF08051C3F87825D1F830011A
:10C2C000082805D1D1F83411022908BFC3F838264F
:10C2D0000122C3F880250020704700BF00E0014024
:10C2E00048B1054B054A1B68B3FBF2F35843044BB6
:10C2F00043F00103184770476C07002040420F00CD
:10C3000070D1040008B5054A054B136010463C2364
:10C31000536015F053FE002008BD00BF9C91002023
:10C320003FC00F002DE9F04190F8283003F01F03C3
:10C33000012B04460F4600F128062FD0022B18D0FF
:10C340008BB394F8291020461BF09AFB024678B371
:10C3500030461BF07FFC1D4D002834D113693BB3E0
:10C360003A463146204698470346FFF7EDFC2B50EE
:10C3700024E0818DC9B21BF064FF05460028E0D09F
:10C3800030461BF067FC024668688368CAB99B6840
:10C3900073B13A463146BDE8F0411847818DC9B2C4
:10C3A0001BF036FFE9E790F829101BF06DFFE4E77A
:10C3B000FFF7CAFC054B6FF085021A500020BDE85C
:10C3C000F081DB68E4E7D368C9E700BF0C00000038
:10C3D0002DE9F04F0B7E33F0800893B004460D46F4
:10C3E000164640F08E847AB10846FFF73FFF6B7E19
:10C3F000DF0703D49E0711D52B7E7BB9204613B0EF
:10C40000BDE8F04F1BF052BC4A7E00F128099007AE
:10C4100008D5802B0CD12846FFF728FF404613B0E3
:10C42000BDE8F08F910700F02784002B40F02484B2
:10C43000D2072FD52B8A082B40F00684EA681368B0
:10C44000A3625368C9F80430294600201BF0F8F9AC
:10C45000054610B1FFF70AFFEFE048461BF0FAFB74
:10C46000E28D70B9B2B12946A0691EF041FB0146C8
:10C47000002800F02D84204613B0BDE8F04F1CF0DA
:10C4800086B83AB1114620461CF07CF805460028D3
:10C4900000F01E84FFF758FC94F82880B14F002369
:10C4A00018F0600FC351C8F3411307D0032B40F0BD
:10C4B000BD81FFF749FC6FF0850337E048461BF06C
:10C4C000C9FB94F82930002840F04E81013B0A2B2B
:10C4D000EFD801A252F823F04FC60200B3C4020005
:10C4E000DBC60200B3C4020005C50200B3C40200EB
:10C4F000B3C40200B3C4020075C50200B3C4020095
:10C50000D7C50200618D7F29D3D8A38D002BD0D150
:10C51000E38D002BCDD118F01F0FCAD194F8303025
:10C52000022B05D1FFF710FC4FF0FF333B5076E0B4
:10C53000A069036993F880301B0707D5C9B21BF0C7
:10C54000EBFB804628B1002D6CD167E7012384F80E
:10C55000393094F83030012B0AD1638D43B984F817
:10C560003030FFF7F1FB3B58002B00F0858056E0A0
:10C570000123F4E720461BF0E2F9628DFF2A014611
:10C5800097D8E38D002B94D194F82830D80690D119
:10C5900094F83030002BC5D02AB1D2B220461BF01F
:10C5A0005DFD0028BED0618D94F838308B42D8D024
:10C5B000C9B220461BF059FD80460028C3D1628DC8
:10C5C000002A14BF0223012384F8303005212046BD
:10C5D0001CF068F8C5E708F01F08B8F1010F7FF4F8
:10C5E00068AFE38D002B7FF464AF628DFF2A3FF6C6
:10C5F00060AFA18DFF293FF65CAF94F83030022B7D
:10C6000090D1D2B2C9B220461BF03FFF10F1020F09
:10C61000804640F01081FFF797FB47F8008065B136
:10C620004FF000082846FFF721FEB8F1000F7FF415
:10C63000F5AEFFF789FB3B58F3B148461BF00AFB08
:10C640000346A069002B00F04F83802155E3E38D62
:10C65000002B7FF42EAF94F83030002B3FF462AF04
:10C66000012BA18D02D100297FF45CAF18F01F08C7
:10C670000CD0B8F1020F16D0E38D002B40F0D7821A
:10C6800020461BF0FDFA0028D7D1B7E600297FF439
:10C6900049AF638D012BEFD194F86C3061F3C30384
:10C6A00084F86C30E8E7B4F82AA0BAF1000FE3D1BF
:10C6B0005FFA81F8414620461BF0DAFF0346FFF798
:10C6C00043FB3B50013302D14FF0FF383BE752466A
:10C6D000414620461BF0C4FA43E7E38D002B7FF46C
:10C6E000E8AE628DA38D022A5FFA83FA11D108F0B9
:10C6F0001F085AEA08087FF4DCAEA0690122190A73
:10C700001BF0E7FA00287FF4D4AE012384F8393017
:10C7100027E794F8301000293FF404AF012902D133
:10C72000002B7FF4FFAE18F01F0811D0B8F1020FF4
:10C73000A2D1002AA0D1514620461BF084FF034617
:10C74000FFF702FB3B500133BED001225146C0E748
:10C75000002B7FF4E7AE012A8ED194F86C3043F0C1
:10C7600008039DE70C0000000A2B3FF6A2AE01A2D1
:10C7700052F823F0A1C70200B3C40200B3C4020000
:10C78000B3C40200B3C40200B3C402001BC8020059
:10C79000B3C40200ABCB0200B3C40200D5CB02008D
:10C7A000E38D022B7FF485AE94F83030002B3FF4FC
:10C7B000B9AE012BA18D02D100297FF4B3AE18F0E0
:10C7C0001F0811D0B8F1020F1CD04FF0000805F17E
:10C7D0000C0A50461BF036FAE38D984218D2FFF748
:10C7E000B3FA6FF00B03A1E600297FF49BAE94F837
:10C7F0006C304FEA930808F00208C3F3001348EACC
:10C800000308E4E7C9B220461BF041FF8046DEE79B
:10C81000414650461BF048F8A3E6B4F82AA018F0A9
:10C820001F0F4FEA1A235FFA8AFA09D029462046D9
:10C83000FFF778FD8046B8F1000F7FF484AE90E6F4
:10C84000013B0E2B3FF635AE01A252F823F000BF9C
:10C850008DC80200CDC8020077C90200B3C402002F
:10C86000B3C402006FC902006FC90200B3C4020062
:10C87000B3C40200B3C40200B3C40200B3C40200D4
:10C88000B3C40200B3C40200B9CA020005F10C0827
:10C8900040461BF0D7F983462046B4F82EA01BF083
:10C8A0004EF820B101287FF404AE616F00E0216FE3
:10C8B000002900F02A820A78DA4528BFDA46524574
:10C8C00028BF524640461AF0DEFF4AE620461BF0DB
:10C8D00036F80AF1010201900146D2B220461BF05F
:10C8E00097FB804600283FF4E4AD05F10C0AD0F830
:10C8F00004B050461BF0A6F99BF80020824228BFE6
:10C900000246594650461AF0BEFFD8F80CB0BBF1AB
:10C91000000F09D1298AE38D99427FF622AEC91A08
:10C9200050461AF0CBFF1CE6DBF8040083681B6B53
:10C9300013B9DBF800B0EAE7019998470028F8D06E
:10C94000A0F1040858F8041F0029F2D00A78002A40
:10C95000EFD05046CDE902211BF074F9029A0399F9
:10C96000904238BF82B250461AF08DFFEAE7204667
:10C970001AF0E5FF9DE55246032120461BF0C0F862
:10C98000824600283FF495AD1BF057F9B4F82EB05D
:10C990009AF81530C8B99AF814808DF828808DF867
:10C9A0002930DAF8103005F10C0A1B88ADF82A306E
:10C9B00050461BF047F9C3455A4628BF42468242BB
:10C9C00028BF02460AA950467DE7DAF808208DF80C
:10C9D0001530C14B1340C14A4FF0000893428DF807
:10C9E000148058D1102106A81EF0A2FA021EFFF6EC
:10C9F00060AD0AA9102ADFF8ECE20DF1180C084628
:10CA000028BF1022424501F1020133D892000232C0
:10CA10005FFA82F88DF81480034605F10C0A50463F
:10CA200002931BF00FF9D845424628BF5A46904260
:10CA300028BF104602288346804628BF4FF0020BCD
:10CA40005A46A8EB0B0805A950461AF01CFF4FEAFE
:10CA500058030193029B9B4603EB5802934521D157
:10CA600018F0010F3FF47DAD019A995C50461AF021
:10CA700013FF76E51CF8013B4FEA131A03F00F038E
:10CA80001EF80AA01EF8033001F802AC01F8013CC0
:10CA900008F10108B6E79AF81480DAF810308DF83A
:10CAA0001480BAE71BF8011B5046CDE902321AF098
:10CAB000FBFEDDE90232D1E720461AF040FF38B133
:10CAC00001282CD0FFF740F96FF085033B5048E573
:10CAD000236F002B00F019815B88B3F5007FF1D93B
:10CAE0007F4B0A9300238DF82C30E36C04F14C0B40
:10CAF0009B4508BF0023BDF82A10A3B15A7D0F2A19
:10CB000008D11A7D0A44ADF82A209DF82C20013264
:10CB10008DF82C20226D934203D01B68EBE7636FE6
:10CB2000D7E7BDF82A10019105F10C0A50461BF019
:10CB300089F8B4F82E800199884528BF8846804539
:10CB400028BF80464246052A28BF05220AA950462A
:10CB500001921AF098FE019AB8EB02083FF401AD79
:10CB6000E36C5B453FF4FDAC002B3FF4FAAC5A7D1F
:10CB70000F2A14D11A7D19690193424528BF4246F4
:10CB800050461AF080FE019B1A7D424594BFA8EBE7
:10CB90000208A8EB0808B8F1000F3FF4E2AC226DE0
:10CBA00093423FF4DEAC1B68DEE794F83030002B94
:10CBB0003FF4B8ACE38D012B7FF47BAC05F10C089E
:10CBC00040461BF03FF800283FF409AE94F83810B7
:10CBD00040464CE708F01F08B8F1010F7FF4A2AC03
:10CBE00020461BF029FA00283FF49CACB4F82CA096
:10CBF000BAF1FF0F3FF65DAC43681B795345FFF474
:10CC000058AC5FFA8AF30F2B3FF653ACE38D012B40
:10CC10007FF44FAC05F10C0840461BF013F80028D8
:10CC20003FF4DDAD04EB0A0393F83A10D0E7484631
:10CC30001BF010F818B92846FFF718FB20E5294625
:10CC400020461BF0A4FC08B1284603E4A069036950
:10CC500093F8801011F004017FF4D0AB1DF05CFF5D
:10CC6000054600283FF4E9AC014620461BF08FFC46
:10CC700000283FF4C3ABE7E752077FF5DEAC002B9B
:10CC80003FF4C9AB2846FFF7F1FA94F83930002B8E
:10CC90003FF4C4AB94F82930052B05D1618DA06910
:10CCA000C9B21BF039F8064694F82930032B09D194
:10CCB000638D022B06D1A18DA0690022090A1BF009
:10CCC00008F80646002384F83930B046FFF7A6BBC3
:10CCD0006FF00B06B1E400BF00FF0200000302008A
:10CCE000050F0500553D0600E38D002B3FF4ADAC6C
:10CCF00016F10C0118BF0121C9011DF033FEFFF729
:10CD00007DBB6FF00408FFF789BB6FF015081AE4CC
:10CD10000B78062B10B414D10369D3F89C20EFF3E1
:10CD20001184202383F31288BFF36F8F4B68002098
:10CD30001860506A60B9C2E9083384F31188BFF300
:10CD40006F8F05485DF8044B002200231FF07BB86D
:10CD500003605362F1E700BFDC0800202DE9FF41CA
:10CD600020264FF0FF335E484FF0FF3201A916F046
:10CD70008DFB039B1B69D3F89C40236A93B1EFF3AF
:10CD8000118286F31288BFF36F8F216A29B1606A1E
:10CD90000B682362814208BF636282F31188BFF38C
:10CDA0006F8FC9B99DF80430062BDAD0072BD8D87D
:10CDB00001A252F823F000BF0BCE0200FFCD02000B
:10CDC0002BCE020011CE02004FCE020045CE020053
:10CDD00063CD0200D9CE02000B7ED1F81E205D0685
:10CDE000204609D1FFF7F4FA02460028C5D00721F2
:10CDF00020461BF057FCC0E71BF01AFAF4E70022AC
:10CE0000012120461BF04EFCABE700221146F8E75B
:10CE100094F86C3043F0040301A984F86C30204688
:10CE20001AF0A2FF00220321EBE794F86C3023F004
:10CE3000040301A984F86C3020461AF095FF002203
:10CE40000221DEE701A920461AF08EFF89E794F857
:10CE50006C30A76923F0040384F86C30D7F808809D
:10CE60003B69BFF35B8FD3F8A030BFF35B8F9A07AA
:10CE70002FD5D8F83C3038469847D8F824300021D0
:10CE800038469847D8F84030054638469847ADB9F7
:10CE9000294620461BF0E9F8054678B9A0691DF03F
:10CEA0005AFE831E5842584194F86C3084F8305032
:10CEB00023F0680343EA401384F86C300022042115
:10CEC00020461BF0EFFB002D3FF44BAF2A46072115
:10CED00097E74FF0FF35F1E7029A062191E700BF8F
:10CEE000DC08002030B589B000220023CDE90623FC
:10CEF00000246FF00703CDE90334CDE901441A4B58
:10CF00001A4900944FF48062194816F091FF1949AC
:10CF100017481FF07EF9184B18498B4207D3184B5E
:10CF2000184900208B4210D3002009B030BD03F116
:10CF30001402BFF35B8F52E8000F42E80045002D5A
:10CF4000F9D1BFF35B8F1833E7E703F11402BFF3A6
:10CF50005B8F52E8004F42E80005002DF9D1BFF386
:10CF60005B8F1833DEE700BF5DCD0200006D01204E
:10CF70006811002064240600500B0020680B00207C
:10CF8000680B0020680B002038B5024609490546A9
:10CF900080691DF046FE044648B985F838002846E9
:10CFA0001AF039FF044610B1A8691DF06DFE204645
:10CFB00038BD00BF11CD020070B5084C084E0546C3
:10CFC000B44202D30024204670BD63682846196825
:10CFD000FAF700F90028F6D01834F1E7500B0020DA
:10CFE000680B002070B50646EFF31181202383F310
:10CFF0001288BFF36F8F1B4D2A6881F31188BFF32E
:10D000006F8F526892F86C20D20705D4BDE870404B
:10D010002122002316F01CBEEFF3118283F3128845
:10D02000BFF36F8F2C682CB1696823682B608C422A
:10D0300008BF6B6082F31188BFF36F8F44B16068E3
:10D0400004F10801C3699847074821461EF0ABFE6A
:10D050002B6833B130460022BDE87040002316F043
:10D06000C3BD70BDA49100209808002030B585B0E4
:10D07000CDE90012054600221448002303A916F04A
:10D0800071F90246E8B9039BDDE900015D600833F0
:10D0900083E80300EFF31180202383F31288BFF3AA
:10D0A0006F8F039B1A600A4A516861B9C2E9003365
:10D0B00080F31188BFF36F8F06480022002316F01B
:10D0C00093FD05B030BD0B605360F1E79808002078
:10D0D000A49100200000002038B54B780469456811
:10D0E0002069202B08D0222B19D0FEF72DFE114BE2
:10D0F0006FF085021A5010E0CB88072BF5D1D3686A
:10D100001A6842609A8802819B7983721BF0EBFA5D
:10D110002246082128461BF0D3FA002038BD4B8850
:10D120008381C3F3400203F0010302764376224673
:10D130000921EFE70C00000008B513464A78212AC0
:10D1400014D133B9FEF700FE0B4B6FF00B021A50EF
:10D150000AE0CA8801690969072A28BF0722043141
:10D1600003F10C001AF08FFB002008BDFEF7ECFD68
:10D17000014B6FF08502EAE70C00000073B504690B
:10D180008DF807102025EFF3118685F31288BFF381
:10D190006F8F0122E06B0DF107011AF0B2F886F3F0
:10D1A0001188BFF36F8F012810D01FF02CF8A8B1A1
:10D1B0000E4BBFF35B8F012253E8001F002903D100
:10D1C00043E800200028F7D1BFF35B8F2122002322
:10D1D00004F1480016F008FD02B070BDA37E002BDC
:10D1E000E6D0002121201FF0FAF8CCE7AC91002016
:10D1F00038B505691149EB6B0024C3E90244C3E962
:10D2000005445C601C616B6B05F14800C3E9024496
:10D21000C3E905445C601C611EF0C9FF05F178009C
:10D2200007491EF077FF074905F124001EF072FF41
:10D2300028461BF058FA204638BD00BF8F880400EE
:10D240003D8A0400C58A040070B50B7892B006468A
:10D250000C4607AD032B31D8DFE803F0022A2C2E51
:10D2600019492846F9F7C0FF059563780493A37818
:10D270000393E37802932379019363790093A3796D
:10D28000124A1E210AA817F011FC10AD0AAB324653
:10D290001C4603CCAC4210605160234602F10802E8
:10D2A000F6D120681060A3889380304612B070BD1C
:10D2B0000749D6E70749D4E70749D2E7074A0A21D1
:10D2C000284617F0F3FBCFE77C2406009E240600D7
:10D2D000832406008A2406009424060031350600C3
:10D2E0000E4B402970B528BF40210D4C46181D46F5
:10D2F000B04203F1020304D1002305F811300748BE
:10D3000070BD02781209A25C03F8022C10F8012B00
:10D3100002F00F02A25C03F8012CE9E70C60012087
:10D32000803D060030B50378012B11D0022B21D0AF
:10D330006BB9154B0A4603F1100453F8045B42F82D
:10D34000045BA342F9D143881A0A8A70CB7030BDBE
:10D350000D4B0A4603F1100453F8045B42F8045BDA
:10D36000A342F9D143681A0C180E4A700870C3F32F
:10D370000722EAE700F11003013913F8012901F847
:10D38000012F9842F9D1E2E7913D060010B51BF05C
:10D39000F2FC1EF038FF044608B917F059F8BFF345
:10D3A0005B8F064B1B68BFF35B8F0BB10A2098475E
:10D3B0001CB9BDE8104017F05FB810BDB091002057
:10D3C00038B5044608481AF0E6F9054648B1631E28
:10D3D000DBB21F2B96BF054A0021D15C0C301AF03E
:10D3E0005BFA284638BD00BF3C0A0020A13D06007C
:10D3F0000F2810B50CD80D280CD90A481AF0CBF913
:10D40000044618B104210C301AF046FA204610BD2B
:10D410001328F2D009B10448F0E7BDE8104002201B
:10D42000FFF7CEBF840A0020D0090020C3681B7814
:10D43000024A034802211BF00EBD00BFD0240600A3
:10D4400034D0040038B5C5682B7893B9B5F80140DD
:10D450000F21204602F036FCEB78054650B90A4A07
:10D46000118831B96FEA04506FEA10501080074AF2
:10D47000137038BD4372012102F042FB2846BDE81B
:10D48000384002F0E7BA00BFE65F01208D6001205E
:10D4900070B5C3681D78BDB9B3F801600F2130467F
:10D4A00002F010FC044638B9084A09483346012105
:10D4B000BDE870401BF0CFBC294602F021FB20469E
:10D4C000BDE8704002F0C6BA70BD00BFF824060087
:10D4D00034D0040010B501210C301AF00FFA037893
:10D4E000034A0448BDE8104001211BF0B4BC00BF52
:10D4F0001E25060034D00400014610B508481AF075
:10D500004EF9084908481EF021FE031E06DA074AB4
:10D510000748BDE8104001211BF09DBC10BD00BFB5
:10D52000040200208004002018130020402506007B
:10D5300034D004002DE9F14FC5682E880121304612
:10D5400002F0C0FB044640B9294A2A48334601216B
:10D5500001B0BDE8F04F1BF07EBCB5F80280EE884C
:10D56000AF882D891FFA88F3A3F11B02E02A1FFA66
:10D5700086FA1FFA87F91FFA85FB04D91E4A1D484F
:10D5800002211BF068FCAAF11B03E02B05D91B4A02
:10D590001848534602211BF05EFCA9F5A4739BB208
:10D5A00044F24812934205D9154A12484B460221CB
:10D5B0001BF051FCABF5A4739BB244F248129342AA
:10D5C00005D9104A0B485B4602211BF044FC20465B
:10D5D000A4F8AA80A4F8AC70A4F8AE60A4F8B05087
:10D5E00002F0CEFD204601B0BDE8F04F02F032BAA5
:10D5F0005D25060034D0040081250600AA2506001A
:10D60000D3250600FA25060010B586B003AB00242A
:10D6100000930749074805944FF0FF334FF48062A9
:10D62000CDE9034416F076FA204606B010BD00BFDF
:10D63000807101203012002010B5084C01460622EE
:10D6400094F86E0002F0A2FE38B994F86E00044916
:10D65000BDE81040052202F099BE10BDD0000020A8
:10D66000663D0600024A034801211BF0F2BB00BFE1
:10D670002126060034D00400B0B50B460D8A00AF59
:10D6800004462946D868FFF72BFE8AB06A46094B44
:10D69000CDE9053440F20243ADF82430064BCDE924
:10D6A00007504FF4325142F8103F04481BF0E4FB9E
:10D6B000BD46B0BD3B2606000500000134D0040085
:10D6C00070B5C568B5F801600121304602F0FAFA7C
:10D6D000044638B90D4A0E4833460121BDE8704072
:10D6E0001BF0B9BB2B783BB9D5F80330C0F89930A3
:10D6F000D5F80730C0F89D30201D4FF400311BF0E5
:10D70000ACFB2046BDE8704002F0A4B95D250600E0
:10D7100034D004002DE9F84FD0F80C90018A99F824
:10D720000040A30001338B4200AF63D96D468AB03D
:10D730006A463248CDE907310523CDE905044FF4A7
:10D74000215142F8103F2E481BF096FBAD46BD46D6
:10D75000BDE8F88F2B4A2A482B4601211BF07BFBA2
:10D76000013699F800309E42F1DA09EB86030F2169
:10D77000B3F80150B3F80380284602F0A3FA044638
:10D780000028E7D000F1CC0AB8F1000F06D0656997
:10D7900045B91D4A1A4801211BF05BFB204602F0E7
:10D7A00059F9DDE7A2692B686361954208BFA3615F
:10D7B000204602F071F815F0C1FFC5F800B0236AE9
:10D7C000ABB9C4E90755BFF35B8F5AE8003F013B93
:10D7D0004AE80032002AF8D1BFF35B8F00212046CF
:10D7E00008F1FF3802F064F81FFA88F8CCE71D60F2
:10D7F0002562E8E70026B346B3E700BF5D260600D2
:10D8000034D0040088260600A426060037B502EBB3
:10D81000C303044608469A4202D16FF05E0010E04E
:10D82000114611F8085BA54211D1038A517899423B
:10D8300009D90848084A0094012119F05CFE6FF0EC
:10D84000150003B030BD536898470020F9E70A4639
:10D85000E1E700BF34D00400BB2606002DE9F04705
:10D860000C4616F0F5FDE5682B78022B75D0042BDD
:10D870000AD03E4A3E4801211BF0EDFA2046FEF751
:10D88000F5FC6FF015040EE0B4F81080B8F1020F4B
:10D890000ED8384A4346364801211BF0DCFA2046B0
:10D8A000FEF7E4FC002416F0E7FD2046BDE8F08713
:10D8B00068783E280CD1B8F1030F02D12E4A4346B6
:10D8C000E9E7EB78012B01D00A2B46D1032704E0CE
:10D8D0001BF0ADFA0746F8073FD504F10C0601210D
:10D8E0003046D4F814A01AF001F8022130461AF09C
:10D8F00005F8814600783E2807D1E3681B78012BA4
:10D9000001D00A2B06D1032614E01BF090FAC107C0
:10D9100006460FD4194A1A491A4841F2661319F0FB
:10D920000AF9002383F31188BFF36F8F032318468E
:10D9300002DF0226144A99F80000062321461BF054
:10D94000C6FAB2070DD56369A4F81080A5EB0A05E5
:10D9500013FA85F5E560BB07A4D52046FFF7CCFD9B
:10D96000A0E72046FEF782FCF5E700BF832706000C
:10D9700034D00400DD260600F9260600192706002B
:10D980004D2706006627060058D6040010B5012171
:10D9900004460C3019F0B2FF2146034A0078BDE876
:10D9A000104002231BF093BA88D6040073B53E489A
:10D9B00019F00AFF0446002873D000F10C05284630
:10D9C00019F0A4FF0228034603D0042847D0374AA1
:10D9D00003E0238A032B05D8354A364801211BF082
:10D9E0003AFA13E00421284619F088FFFF23428801
:10D9F00006882376238AC6F30B009A42608309D0F7
:10DA00002C48009201212C4A19F075FD2046FEF7A2
:10DA10002DFC12E00F2102F055F9054610B9638B79
:10DA2000264ADAE702F074F9320B207621462846BE
:10DA300001F094FF284602F00DF8214BD3F8343161
:10DA40007BB3204920481EF081FB031E29DA1F4AC0
:10DA50001848012102B0BDE870401BF0FCB928460F
:10DA6000022119F04BFF054600783E2812D01BF02A
:10DA7000DEF910F002060DD1154A1649164840F697
:10DA8000984319F058F886F31188BFF36F8F03237A
:10DA9000184602DF114A2878042321461BF017FAA2
:10DAA000B4E702B070BD00BF040200202C280600BD
:10DAB0009727060034D00400B8270600DC270600AC
:10DAC000D00000208004002018130020402506000C
:10DAD00019270600FE2706006627060098D60400D0
:10DAE00010B5012104460C3019F008FF2146034A05
:10DAF0000078BDE8104007231BF0E9B9B8D6040050
:10DB0000F8B5012100AF04460C3019F0F7FE067895
:10DB1000114A002321463046FFF778FE5F3019D1C5
:10DB2000258AE0682946FFF7DBFB6C468AB06A4627
:10DB30000A4BCDE9053640F20243ADF82430084BDC
:10DB4000CDE907504FF4325142F8103F05481BF021
:10DB500093F9A546BD46F8BDF0D60400402806005E
:10DB60000500000134D004002DE9F74FDFF828A1AB
:10DB7000BFF35B8F80468946174600235AE8004F63
:10DB80004AE80032002AF9D1BFF35B8F264644B938
:10DB90003D4A3E484346012103B0BDE8F04F1BF02B
:10DBA0005AB92046FEF7C2FA394D4FF00C0B0BFB69
:10DBB0000050438843451FD02046FEF7B7FA0BFBC1
:10DBC00000504388334A009330484346012119F0FE
:10DBD00092FCBFF35B8F5AE8003F4AE80062002ADC
:10DBE000F9D1BFF35B8F002B4BD01E46304603B0FC
:10DBF000BDE8F04FFEF73ABBA74208D0204619F027
:10DC0000C5FD3A8AF96804F10C0019F03CFE204683
:10DC1000FEF78CFA0C2707FB00504368ABB1B9F153
:10DC2000000F12D12046FEF781FA07FB00500121B8
:10DC30004268536803F01F00814010685B0900EBE5
:10DC40008300137ACBB11BF008F92046FEF76EFA79
:10DC50000C2707FB00508368002BC7D02046FEF737
:10DC600065FA784305F800902046FEF75FFA07FB57
:10DC70000055A86815F062FDB8E7C9431BF0FFF82E
:10DC8000E3E703B0BDE8F08F7228060034D004004B
:10DC9000B49100209A2806000002002073B5C568E0
:10DCA000B5F801600121304602F00CF8044640B995
:10DCB0003E4A3F483346012102B0BDE870401BF0A8
:10DCC000CAB82B781A2B00F1040619D1C378012B9E
:10DCD00050D14FF4804130461BF0BFF842040FD4BE
:10DCE000D4F88C3000936946D4F8943001932046E0
:10DCF00002F08CFE204602B0BDE8704001F0AABEE2
:10DD00002B78BBBBB5F803302A4940F2E2425343BB
:10DD1000C4F88830B5F80520A4F89020B5F807209D
:10DD2000A4F89220A3F5EA520C3A8A4204D9224A76
:10DD30001F4802211BF08FF8B4F89030B3F5FA7F3A
:10DD400004D31E4A1A4802211BF085F8B4F8923019
:10DD5000A3F10A0292B240F676418A4204D9184AE7
:10DD6000134802211BF077F86FF4805130461BF006
:10DD700086F817E0BFF35B8F6368BFF35B8FDB044C
:10DD8000F2D52B78202BEFD194F89830002BEBD0E4
:10DD9000013B84F898304FF42032002304F1400016
:10DDA00015F022FF204602F099F9A3E75D25060051
:10DDB00034D0040095F03C00CD280600F42806007D
:10DDC0001B290600B0B53C2800AF04461AD101F06B
:10DDD00017FB6FF4807110301BF051F80020FFF733
:10DDE0002BFC054630B9124A124801211BF031F8CC
:10DDF000BD46B0BD4472002101F082FE284601F00C
:10DE000029FEF5E76D468AB06A460B4BCDE9053031
:10DE10000A4B079340F20133ADF82030084B42F82B
:10DE2000103F04484FF412511BF026F8AD46DFE7CF
:10DE30004729060034D00400682906000C1F06009C
:10DE400004000001094BBFF35B8F1A68BFF35B8FBF
:10DE500002F00B02BFF35B8F53E8001F43E8002082
:10DE60000028F9D1BFF35B8F704700BFA4010020E9
:10DE700010B5C1E900239DF808300B720C46FEF77F
:10DE800055F9034B0C2202FB00335C6010BD00BF50
:10DE9000B4910020F8B502460B46104819F07BFCFF
:10DEA0000446C0B104210C3019F0DCFC2046FEF71A
:10DEB0003DF90B4D0C2707FB0050002646802046FD
:10DEC000FEF734F907FB005086602046FEF72EF976
:10DED00007FB00556E602046F8BD00BF180A002001
:10DEE000B49100200138C0B202289ABF014B185CDF
:10DEF00000207047C13D060070B5C568B5F80160E7
:10DF00000121304601F0DEFE044638B90C4A0D48C6
:10DF100033460121BDE870401AF09DBFE878FFF755
:10DF2000E1FF84F8A8002879FFF7DCFF84F8A90056
:10DF3000204602F04BF92046BDE8704001F08ABD52
:10DF40005D25060034D0040010B592B004460749A0
:10DF5000442201A81EF0EBFB102C9BBF12AB03EB7D
:10DF60008404034854F8440C12B010BD14D10400CA
:10DF700084290600034B0146D3F84C01826892685D
:10DF8000104700BFD00000202DE9F04F91B00421D0
:10DF900000AF4A481AF061FF6D4688B06A46484BA8
:10DFA0000593484B06934FF40073ADF81C30464C74
:10DFB000464B42F8103F4648464E4FF4E6511AF0A1
:10DFC0005BFF454BE17907F12008AD46012998BF79
:10DFD0001E4640462146FFF737F98AB06A463F4B56
:10DFE000CDF81C80CDE905363D4B08933D4B42F8FA
:10DFF000103F37483C4EDFF800814FF423511AF0B0
:10E000003BFFA246AD460125E3799D420AF1070A8E
:10E010003BDB94F86F502846FFF796FF6E468CB0B6
:10E02000B4F87210B4F876306A46DFF8D0C00993BD
:10E03000CDE907512D4B4FF40075CDE905C0ADF882
:10E0400028504FF4535142F8103F21481AF014FF62
:10E05000B54694F870603046FFF776FF8AB0B4F8A2
:10E0600074306A462249ADF82450CDE90763214B4C
:10E07000CDE9051042F8103F15484FF433511AF01E
:10E08000FBFE4437BD46BDE8F08F51463846FFF7EA
:10E09000DBF8E9468AB06A4640F20133CDE905650E
:10E0A0000797ADF820300A4842F8108F4FF413510B
:10E0B0001AF0E2FE0135CD46A6E700BFA40100201C
:10E0C00090290600A2290600D000002003000001CC
:10E0D00034D004008C2906000C1F0600AD29060070
:10E0E0000002010304000002BC2906000600000132
:10E0F0000B2A06000500000104000001CD290600DE
:10E1000000487047141C0600014902481EF01EB862
:10E11000700400203012002070B505460C4639B15D
:10E12000CB684A699B1A032B0ED86FF0150509E0DE
:10E130004FF0FF304FF0FF31FFF7ACFE044618B947
:10E140006FF06805284670BD2046FDF7EFFF174BBE
:10E150000C2202FB0033A618032130465D8019F023
:10E16000B4FB0580238A033B83700121304619F0FC
:10E17000B4FB40F635439D420FD12046FFF7FAFE2F
:10E1800005460028DED00A4A0346012109481AF054
:10E1900062FE2046FEF76AF8D4E7074821461DF0E4
:10E1A00018FF0025FFF7B0FFCCE700BFB4910020B7
:10E1B000322A060034D004000C0200202DE9F0477A
:10E1C00084B0804600AF91460C4671B94FF0FF30E5
:10E1D0004FF0FF31FFF75EFE044660B96FF068054F
:10E1E00028461037BD46BDE8F087887AFDF796FFD0
:10E1F0003C4B83426FD10122002138461DF002FFC3
:10E200002046FDF793FFDFF800A10C2303FB00A0DD
:10E210008760204619F0EEFA01464046FFF77CFF82
:10E22000054618B12046FEF721F8D9E74FF4A022A1
:10E230000023384615F0B6FA064690B14FF4F17354
:10E24000294A2A492A4818F076FC2A48324641468B
:10E2500018F071FC85F31188BFF36F8F0323184604
:10E2600002DF2046FDF762FF0C2358431AF80060D6
:10E270005EB36D468AB06A461F4B0796CDE90538F6
:10E280001E4B089340F20243ADF824301C4B42F879
:10E29000103F1C484FF432511AF0EEFD2046AD46B7
:10E2A000093EFDF7E3FF092E0CD8DFE806F0050B69
:10E2B0000B08170B0B0B0B146FF06E0590E76FF04C
:10E2C0000C058DE76FF004058AE7B9F1000FA9D0BE
:10E2D000C9F8004084E76FF0150581E76FF00B0582
:10E2E0007EE700BF180A002019270600542A0600FE
:10E2F000662706005D2A0600A22A06000C1F0600FB
:10E300000500000134D00400B49100202DE9F04F45
:10E310008DB0634BB0F80190198849F47042914276
:10E320004FF0000602BF1E805E4B1E78C378012BA3
:10E3300008BF5D4B00F1040A00AF054650460CBF14
:10E3400093F86E4000241AF012FD07F108085146B8
:10E3500080B340461AF000FDD5F81130C7F80130FF
:10E36000B5F81530A7F805304FF0010BEB78012B0D
:10E3700037D007F1100451462046FEF765FF6D4681
:10E3800088B06A46494B4A48CDE905344FF40073DA
:10E39000ADF81C30474B42F8103F4FF4E2511AF0F1
:10E3A0006BFD1321AD4648461AF0C3FD3437BD4618
:10E3B000BDE8F08F20461AF06EFE03460068B86094
:10E3C0009A889B796868A8F8042088F80630BAF81B
:10E3D00004209AF8063095F804B03860BA80BB7112
:10E3E000C4E74046FFF728F904460028C1D0034699
:10E3F000B5F8012023F8702BB86898F80620B8F813
:10E40000041020679A719980B5F8173040F2E24203
:10E410005343C4F88830B5F81930A4F89030B5F8F3
:10E420001B30A4F892300022EB786272224AC4F8C2
:10E43000A8204732C4F8AC20012B4FF4A472E3703B
:10E44000A4F8B0201AD187F800B0BA88BB79386830
:10E45000A4F87B2084F87D30C4F8770000F0D0FF6A
:10E46000237A1149C3EBC3035A18CB58C4F87E3042
:10E470009388A4F88230937984F884300721204669
:10E4800001F03EFB26B166720121204601F038FB07
:10E49000204601F079FC204601F0DCFA86E700BF57
:10E4A000E65F01208D600120D0000020C12A060017
:10E4B00034D004000300000101011B0000B5C36853
:10E4C000187889B020B109B05DF804EBFFF77ABC89
:10E4D000B3F80120ADF80120DA788DF800008DF84E
:10E4E0000320B3F80B20ADF81720B3F80D20ADF8DA
:10E4F0001920B3F80F20ADF81B205A7C8DF81D2091
:10E50000586801901A899B7A8DF80A30094BADF84A
:10E51000082068461A689B88CDF80B20ADF80F30AC
:10E52000CDF81120ADF81530FFF7F0FE09B05DF819
:10E5300004FB00BF7A3D0600F0B5002285B011460D
:10E5400002AF40F60340FFF739FE044600285BD1D6
:10E55000FFF778FC21463A1D41F20300FFF72EFE3B
:10E560000446002850D17A68B34DD168D1F8010033
:10E57000D1F8051005F1780303C31046FDF776FEC8
:10E5800021463A1D41F20100FFF718FE044600281B
:10E590003AD17868C3685A7885F86F205A88A5F808
:10E5A00072201A7985F87020B3F80720A5F8742036
:10E5B000B3F80530A5F87630FDF758FE21463A1D30
:10E5C00041F20200FFF7FAFD0446E8B9D7F804C0AB
:10E5D000DCF80C2005F18006531C4132186859689C
:10E5E000344603C4083393422646F7D16046FDF70C
:10E5F0003DFE95F87C305A060AD4904A9048012195
:10E600001AF027FC6FF0120420460C37BD46F0BD0F
:10E610003A1D002142F20300FFF7D0FD0446002816
:10E62000F2D17A68874BD168D1F80100D1F8051092
:10E6300003C31046FDF71AFE21463A1D42F20200BE
:10E64000FFF7BCFD04460028DED17E68F468B4F80C
:10E6500001309AB292B1E27882B1A5F8FC30E37849
:10E660000A2B06D00A2200927548774A022118F038
:10E6700042FFE278754811461DF0C4FC3046FDF7B4
:10E68000F5FD95F87C601F2316F02006A5F81031E3
:10E6900019D14FF0FF304FF0FF31FFF7FBFB04467D
:10E6A000002800F0768102210C3019F0E6F80123F1
:10E6B000037046702146324640F66D40FFF77EFDFE
:10E6C00004460028A0D195F89C301B0712D53A1DAE
:10E6D000002142F21C00FFF771FD0446002893D18F
:10E6E0007868C368D3F80120D3F80530C5E938232A
:10E6F000FDF7BCFD4FF0FF304FF0FF31FFF7CAFBD5
:10E700000446002800F0458108210C3019F0B5F8C6
:10E7100095F8D82012F0020F14BF2F230F2396066E
:10E7200095F8D92048BF43F0400312F0090F18BFF5
:10E7300043F4006300220370C3F307234370827025
:10E74000C270027142718271C271214642F20100AF
:10E75000FFF734FD044600287FF456AF95F87C306F
:10E76000B5F8FC1098065DD4C9B93A1D41F2050010
:10E77000FFF724FD044600287FF446AFB5F8FC30CF
:10E780007C684BB9E368B3F80120A5F8FC209A88AF
:10E790002E4811461DF036FC2046FDF767FD4FF070
:10E7A000FF304FF0FF31FFF775FB0446002800F003
:10E7B000F08008210C3019F060F8102303708823D2
:10E7C00000224370022620238270C67002714271BB
:10E7D0008271C371214640F60140FFF7EFFC044609
:10E7E00000287FF411AF01463A1D4FF60140FFF7B4
:10E7F000E5FC88B3164A124802211AF02AFBEB798D
:10E80000002B40F0B68000F0CBFC044600287FF4DB
:10E81000FBAE01F0FBFE044600287FF4F5AEFFF7E7
:10E82000B3FBF1E60029BAD10A4A054801211AF0E2
:10E8300010FB6FF00404E7E6D0000020DD2A06009C
:10E8400034D00400A8010020012B0600D0010020D4
:10E850006A2B0600472B06007B68DC68B4F80130A1
:10E86000042B96BF584A594952F823106E468AB075
:10E8700002AA5748D3614FF400731384554BC2E981
:10E88000050142F8103F54484FF413511AF0F4FABE
:10E89000B4F80120B4F80330022AB54649D1052B5B
:10E8A00047D84E4A52F823106E468AB002AA4C4806
:10E8B000D3614FF400731384464BC2E9050142F85B
:10E8C000103F4FF4135144481AF0D6FA637994F884
:10E8D00006C0D4F80900032BB54698BF414AB4F8E6
:10E8E000076094BF52F8231038496C468CB002AAD6
:10E8F000DFF804E1C2E9073C4FF4007393853A4B1B
:10E90000C2E905E1C2E909604FF4735142F8103FD2
:10E9100031481AF0B1FAA5467868FDF7A7FC3A1D10
:10E9200000214FF60240FFF749FC044618B12F4A78
:10E9300061E72649B8E77868C368B3F80130A5F8FD
:10E94000C130FDF793FC95F8C1305A077FF557AFFA
:10E950003A1D21464FF60340FFF730FC08B1244A28
:10E9600049E77868C3685B7885F8C030FDF77EFCBE
:10E9700045E72E78002E7FF446AF95F8C1309B0610
:10E980001FD54FF0FF304FF0FF31FFF783FA0446F9
:10E9900010B96FF0680437E606210C3018F06DFFEF
:10E9A000D5F801300360134B9B88838021463246A3
:10E9B0004FF60640FFF702FC044600283FF423AF61
:10E9C00022E66FF085041FE644D604008429060081
:10E9D0008E2B06000400000134D004002CD6040065
:10E9E000A72B06001CD6040007000001EC2B060034
:10E9F000152C0600D1000020BF2B060010B5FFF734
:10EA00009BFD034B1B6813B1BDE81040184710BDB8
:10EA1000CC91002073B52A4D0646D5F84C011DF067
:10EA200026F948B9274A284801211AF012FA6FF04E
:10EA30001204204602B070BD6FF0020105F1D4004F
:10EA40001AF01DFA01211AF008FA10EA010434D173
:10EA50001E4B1E600A4605F590701DF0D3FA05F5B1
:10EA60009E701DF087FA1A481DF09BFB1949184843
:10EA700000946FF007034FF4C06215F04BF816498D
:10EA800013481DF0C6FBD5F84C01144983681B6878
:10EA90009847044630B1124A034601210A481AF049
:10EAA000DAF9C6E726B902B0BDE87040FFF744BD09
:10EAB00005F1C40015F028F8BBE76FF07704B8E75C
:10EAC000D00000203E2C060034D00400CC91002061
:10EAD0001813002000760120562C06005DD8020095
:10EAE0005F2C060073B5C368D9789A781E8842EA0D
:10EAF0000122ADF8002059791A7942EA0122ADF8D5
:10EB00000220D9799A7942EA0122ADF804201A7AD2
:10EB10005B7AB4B242EA032301212046ADF8063005
:10EB200001F0D0F8054658B91D481E4A0121234678
:10EB30001AF091F9022120461AF063FA02B070BD72
:10EB4000694601F069FB38B91E2120461AF059FACE
:10EB5000284600F07FFFF1E74FF0FF304FF0FF3124
:10EB6000FFF798F904460028F2D00E210C3018F077
:10EB700084FE00230680C0F80A30BDF800304380D0
:10EB8000BDF802308380BDF80430C380BDF8063084
:10EB90000381214642F22000FFF7BEFAD8E700BF0A
:10EBA00034D004005D25060038B5042104460C303D
:10EBB00018F0A4FE034640885D7818B11978224603
:10EBC000FEF7D2FF35B1044814F0B8FDBDE8384077
:10EBD000FFF79ABA38BD00BFF0010020B0B503219D
:10EBE000044600AF0C3018F089FEE2680346B0F826
:10EBF0000100117840F63542904216D16C468AB039
:10EC00006A46104B1048CDE90531104B079340F28E
:10EC10000133ADF820300E4B42F8103F4FF4125143
:10EC20001AF02AF9A546BD46B0BD1D7810B122469E
:10EC3000FEF79AFF002DF6D0064814F07FFDFFF78F
:10EC400063FAF0E77B2C060034D004000C1F0600AA
:10EC500004000001F001002038B515F0F9FB2F4D3C
:10EC6000D5F83C31002B56D00022002305F59070DA
:10EC700014F098FD00284ED10022002305F59E7067
:10EC800014F02AFD044668B9254A2649264840F66C
:10EC9000A84317F050FF84F31188BFF36F8F03234D
:10ECA000184602DFD5F830315BB1204A20480121F7
:10ECB0001AF0CFF8D5F83001FDF7D8FA0023C5F8DF
:10ECC0003031204618F096FDC5F830012046FFF798
:10ECD00051F90346C8B1174A154801211AF0BBF88B
:10ECE000154814F02BFD2046FDF720FA134B0C229B
:10ECF00002FB0033588818B122461F21FEF734FF6B
:10ED00002046FDF7B3FAFFF7FFF9FFF7FDF9BDE87D
:10ED1000384015F0B1BB01F047F8F8E7D00000200B
:10ED200019270600C424060066270600B32C060037
:10ED300034D00400322A0600F0010020B4910020F3
:10ED400070B54FF0FF320D464FF0FF3300210646FD
:10ED5000FEF74EFB044660B90A4A0B490B481A23DA
:10ED600017F0E9FE84F31188BFF36F8F0323184671
:10ED700002DF022104F10C0018F07FFD06704570DF
:10ED8000204670BDEF2D0600C4240600662706004D
:10ED9000F8B50A4DEF7906460024E3B29F4202D847
:10EDA0006FF0010007E0294630461AF06AF907358E
:10EDB000631C08B12046F8BD1C46EEE7D0000020D9
:10EDC00070B5174E0622314605461DF0DFFC10B324
:10EDD0004FF0FF304FF0FF31FFF75CF80446E0B131
:10EDE000062229460C3018F04EFD2146002242F240
:10EDF0000500FFF7E3F9044648B110F10D0F04D107
:10EE0000084A094802211AF044F9204670BD2868D2
:10EE10003060AB88B3800024F7E76FF06804F4E754
:10EE200038010020252E06003CD0040073B50446AE
:10EE30000D4689B1174928461AF023F960B9164AD8
:10EE40002968C4EBC404A3181151AA889A80AA792E
:10EE50009A71002002B070BD6E46304619F06EFF08
:10EE60000028F7D13046FFF793FF0028F5DA0A4A69
:10EE70000098B179C4EBC404A3181051B0889880ED
:10EE80009971002DE5D012592A609A88AA809B7941
:10EE9000AB71DEE76D3D0600D000002070B5044682
:10EEA00029BB38B327491AF0ECF818BB2046FFF706
:10EEB0006FFF002840DA23786BB9234AD379002BFF
:10EEC0003AD120681060A179A088917101219080C9
:10EED000D171184670BD012B04D1A37903F0C00392
:10EEE000C02B07D0194A1A4801211AF0D2F86FF046
:10EEF0001500EFE7144DEB79012B20D0BFF35B8FAA
:10EF0000D5F8D430BFF35B8FDB0707D4002CEED0ED
:10EF10000C4920461AF0B5F80028E8D1EE792146D0
:10EF2000731C3046EB71FFF781FF08B93046D1E71B
:10EF3000EB79013BEB71CDE76FF07700CAE76FF03B
:10EF40000B00C7E76D3D0600D0000020342E060000
:10EF50003CD004002DE9F341044640B91A4A1B484D
:10EF600002211AF096F8002002B0BDE8F08101AA53
:10EF7000002141F20900FFF721F9054608B1144AC2
:10EF8000EDE7019E1349D6F80C8008F1010706222F
:10EF900038461DF0FBFB28B10F49062238461DF00C
:10EFA000F5FB18B93046FDF761F9DCE7D8F8013018
:10EFB000C4F80130BB88A4F8053030462570FDF751
:10EFC00055F90120D0E700BF622E06003CD00400B6
:10EFD0007B2E06007A3D0600743D060007B56846A4
:10EFE000FFF7B8FF044BD87118B169460020FFF74E
:10EFF0001DFF03B05DF804FBD00000202DE9F041B7
:10F00000304EF17988B0002954D196F8C24014F0FE
:10F01000010411D12C4A2D4802211AF03AF800249B
:10F02000F471162500240127F379E0B283422BD82E
:10F03000002B3FD000203AE06A464FF60940FFF728
:10F04000BDF808B1224AE6E7DDF800C0DCF80C5054
:10F0500095F80180B8F1000F0ED0AB1C02AA123552
:10F0600018685968174603C70833AB423A46F7D1C8
:10F07000186838609B88BB806046FDF7F7F8B8F1E8
:10F08000000FCDD1134AC6E708AB05FB0033694634
:10F0900053F8182C33F8143CCDF80120ADF80530A6
:10F0A0008DF80070FFF7C2FE01340028BCD008B014
:10F0B000BDE8F0810021084608B0BDE8F041FFF747
:10F0C000EDBE00BFD0000020992E06003CD0040009
:10F0D000C52E0600E52E06002DE9F0411D460E4620
:10F0E0001746034648B145B10A0311D54C0708D568
:10F0F000284A2948012119F0CCFF6FF01500BDE81E
:10F10000F08119F0D5FF0028F9D101232B70F6E723
:10F11000B107047824D021492FB1B20603D591F864
:10F12000D820500632D5C4EBC40411F80480B8F1DD
:10F13000010F09D101342144184619F0B1FF00280C
:10F14000DDD185F8008002E0B8F1000FF9D02FB1D1
:10F15000B30642BF2B7843F002032B700020CEE7AA
:10F16000720710D50D49C4EBC4040F5D012F07D100
:10F170000134214419F094FF0028C0D12F70E7E733
:10F18000002FE5D1FAE719F093FFBEE76FF0850095
:10F19000B5E700BF0E2F06003CD00400D0000020D1
:10F1A00038B5104DEB7913B10024204638BDFFF778
:10F1B00015FF044628B10C4A0C48012119F069FFDB
:10F1C000F3E7EB79002BEFD1FFF718FF0446002897
:10F1D000F1D1681CFFF7F4FD04460028E5D0044A8D
:10F1E000EAE700BFD00000202D2F06003CD004002D
:10F1F0004C2F06002DE9F74F884601904FF0FF3164
:10F200004FF0FF30FEF746FE044600284ED0202186
:10F210000C3018F032FB00212022064600271DF09A
:10F22000ADFAD8F8005006F1010B3946D8F8043091
:10F230009F4208D3019831700022214603B0BDE8F7
:10F24000F04FFEF7BBBF6A7895F800C0881C131812
:10F250001F2B5FFA80F915D9BCF1090FC9F11F0204
:10F2600001D1002A0CDC134A1348012118F030F9AF
:10F270002046FCF7FBFF6FF0150003B0BDE8F08FF0
:10F280004FF0080C5FFA82FA0AF1010E0BF801E068
:10F290000131C9B258440BF801C0D14469681DF06E
:10F2A00046FA01375FFA89F10835BFE76FF0680069
:10F2B000E3E700BF6F2F0600E4CF0400F8B5456810
:10F2C0006A05064633D4046914B115F003032ED041
:10F2D000184F3078FB79834229D9C0EBC00016491A
:10F2E000072238441DF052FAA8B115F0030306D1E5
:10F2F00097F86F20082A02D8B2689F2A17D915F00C
:10F30000300F09D09CB1EB0608D405F46035B5F593
:10F31000603018BF0120F8BD002CF6D1D6E90223D9
:10F320009A4204D81F2A02D9B3F5804FEDD90020A4
:10F33000F1E700BFD00000206D3D0600F7B5CDE934
:10F340000001694642F208009DF8207016461D46ED
:10F35000FFF750FF044668B97FB9BFF35B8F0C4BD2
:10F3600053E8001F41F0040143E80012002AF7D1DE
:10F37000BFF35B8F204603B0F0BD694642F209003F
:10F38000CDE90065FFF736FF0028E6D00446F1E737
:10F39000F8000020F8B50446164B14F8097B83F8F2
:10F3A0006E7006460D460722134920461DF0EEF901
:10F3B00070B91249384600F06BFF044610B96FF07F
:10F3C0000B00F8BD052100F09BFB2C600020F8E746
:10F3D0002146384600F0A0FF40B92146307800F0C1
:10F3E00057FF04460028EAD00621ECE76FF015002D
:10F3F000E7E700BFD00000206D3D0600663D060037
:10F4000000487047E80000202DE9F04F8A4ED0F800
:10F41000109089B09B460023B9EB030405463046A3
:10F4200018BF0124039319F06DFE0F464107924661
:10F4300040F1E3802846FFF741FF60B96FF0150403
:10F440003846002340F201119A4540F0DF80204603
:10F4500009B0BDE8F08F284619F041FE804600282B
:10F46000ECD0A6F1AC0019F04DFEC205C0F30023AC
:10F4700000F1C680CDE90533CDF81B30AB68686874
:10F48000ADF81030EB68ADF8123019F02CFE8DF8A5
:10F490001D00BFF35B8F56E8003F23F4807346E8FE
:10F4A0000032002AF7D1BFF35B8F2A7806F8BC2C14
:10F4B00006F8662C696822460DF11503A6F1BC001A
:10F4C000FFF70AFE04460028BAD1A6F1B303B9F14A
:10F4D000000F21D02A69116846F8B31C91889980E1
:10F4E00092799A716B689C0718D0B9F1000F1CD003
:10F4F00013F0100F0CBF012304238DF814302B6977
:10F500001A68CDF816209A88ADF81A209B798DF8E4
:10F510001C304FF000080BE0484ADCE7980502D4A5
:10F52000BBF1000F39D0022300E04B468DF81430B8
:10F530004FF0FF304FF0FF31FEF7ACFC04460028DF
:10F5400061D00F2204A90C3018F09DF92146002249
:10F5500042F20600FEF732FE044600287FF470AF48
:10F56000B9F1000F1DD06B68990726D134480121ED
:10F5700019F0E9FD044640B3324A3348012117F03F
:10F58000A7FF039D002D3FF45BAF2846002100F04C
:10F59000B7FA284600F05EFA52E703238DF81430DC
:10F5A000B7E7129BCDF800805A4651463846FFF720
:10F5B000C5FE04460028D6D042E7214803A9FFF73C
:10F5C000E9FE04460028D1D03AE7039808B100F0DC
:10F5D00041FA6A681D4812F0030218BF012209218E
:10F5E00019F096FD42460A2119F092FD2A790C2164
:10F5F000C2F3800219F08CFD22E76FF00A041FE7C6
:10F600006FF077041CE76FF0680419E702888A42FC
:10F6100004D1426812B11278D20702D40133083003
:10F6200012E70B490B481CF0C2FD4FF47022002377
:10F63000084814F00DFB0AE7A40100206D3D060008
:10F64000E8000020882F0600E4CF0400F800002026
:10F65000D5F602000001002010B5184819F099FDF8
:10F66000174819F04FFD0346DA05C0F3002023D5F3
:10F67000134819F047FD830515D512491248072292
:10F680001DF084F811490346087E93B910490522FC
:10F6900000F07CFE044630B10021417200F030FAE7
:10F6A000204600F0D7F9BDE810400448002119F0C9
:10F6B0004ABD06222131EBE710BD00BFE800002063
:10F6C000F80000206D3D0600F1000020D000002071
:10F6D000663D060010B5FFF7BFFF034630B1044A90
:10F6E0000448BDE81040022117F0FBBE10BD00BF6A
:10F6F000A32F0600E4CF040070B50C4B1C68054630
:10F7000044B154F81C3C1C3C13B1697A2846984714
:10F71000E469F5E7064C074EB44200D370BD236898
:10F7200013B1697A284698472034F5E758920020AB
:10F73000A4CF0400C4CF040010B50446FCF7F6FCC7
:10F74000044901EB0011204619F052FBBDE81040BE
:10F75000FEF7DABCD091002070B5D1E90156002245
:10F760000446C1E9012206481CF033FC3DB1314694
:10F7700020462B466FF06D02BDE87040184770BD03
:10F780007009002070B505460F480022002314F0D0
:10F7900009F8B8B90D4B1C6834B154F8143C1C3C42
:10F7A00003B19847E469F7E7094C0A4EB44204D321
:10F7B0002846BDE8704014F0A7B9A36803B1984784
:10F7C0002034F3E770BD00BF4409002058920020A8
:10F7D000A4CF0400C4CF04002DE9F0410446202743
:10F7E0000025EFF3118287F31288BFF36F8FE16971
:10F7F00029B1206A0B68E361814208BF236282F36A
:10F800001188BFF36F8F71B1D1E901680748C1E971
:10F8100001551CF0DEFB1EB1002241462046B047D8
:10F82000FEF772FCDDE7BDE8F08100BF7009002043
:10F8300070B5031D0446BFF35B8F53E8002F42F4FD
:10F84000806143E80015002DF7D1BFF35B8F5205AF
:10F850001BD4BFF35B8F6368BFF35B8F9B0308D53B
:10F86000E37893B9094A0A48BDE87040022117F0CD
:10F8700038BE19F082FB034620B1064A0448012134
:10F8800017F02FFEA37A072BEAD070BDEA2F0600EF
:10F89000FCCF0400C92F06000448B0F8FC30002B50
:10F8A00000F5807008BF0020704700BFD000002026
:10F8B00030B50446FCF748FA0D4A0D460D49085884
:10F8C000D2F8C810884289B005D1204609B0BDE8F9
:10F8D0003040FFF781BF2434214610461CF036FC2F
:10F8E0001DB1694620461CF041FC09B030BD00BF87
:10F8F000181B00200800000038B5002204468A4288
:10F9000002D10024204638BD04F1D4030120BFF306
:10F910005B8F53E8005F002D04D143E8000CBCF17D
:10F92000000FF6D1BFF35B8F02D0D8340244E6E774
:10F93000002CE6D0D422002120461CF01FFF04F149
:10F94000400004491CF033FC034904F124001CF07E
:10F95000E1FBD7E7F1040300B9910400F7B51646BF
:10F960000D4601210446FFF7A3FF012E23D0022EEE
:10F9700052D123693BB13148314A012117F0A8FD2A
:10F98000204619F03DFC256121690B8A012B53D9D2
:10F99000CA681288043292B293424DD343D92748A1
:10F9A00000920121274A17F0A6FD204603B0BDE8CA
:10F9B000F04019F025BC206940B9234A1F48314660
:10F9C00017F086FD204619F01BFC01E02A8A2AB9AF
:10F9D000284603B0BDE8F040FCF748BC018A438AE2
:10F9E00047695B1AC168C91B5B1A9A420CD9174A4E
:10F9F0001248314617F06CFD21690022204600F0C4
:10FA0000D9FF00232361E3E7E9680C3017F03BFFDF
:10FA10002846FCF72BFCB7E70D4A0848334601217E
:10FA200017F05FFDCEE7002301222046236103B0DB
:10FA3000BDE8F04000F0BEBF03B0F0BDFCCF040055
:10FA40000330060083300600203006003E300600FA
:10FA50006530060008B500F1D403BFF35B8F53E8AF
:10FA6000002F013A43E800210029F8D1BFF35B8F52
:10FA7000AAB90B4B984212D303F1D80290420ED28E
:10FA8000C01AD823B0FBF3F203FB120038B90548C3
:10FA900013F054FEBDE80840034814F035B808BD23
:10FAA0000014002044090020A004002010B50446E2
:10FAB00019F0AFFB14F0CCFC104AD2F8141104F189
:10FAC000C80361B9C4F8C810D2F8181159B9C2E90D
:10FAD000453314F0D1FCBDE81040FEF715BB8B4256
:10FAE00005D00968EDE70B60C2F81831F1E714F0B2
:10FAF000C3FC2046FFF7AEFFEDE700BFD0000020BB
:10FB0000F8B5867A8E4200AF04460D461BD1082E0A
:10FB100096BF534B534B53F826306C4688B06A4619
:10FB20005149CDE905134FF40073ADF81C304F4B2C
:10FB300042F8103F4E4800234FF4E451FBF7F8F829
:10FB4000A546BD46F8BD81720EB919F062FBA37AD5
:10FB5000082B00F2818001A252F823F0A9FB0200D9
:10FB6000FFFB020043FB020043FB020043FB0200D9
:10FB700043FB020043FB020081FB020043FB020047
:10FB80000023C4E90D33E378012BDAD1A378012BEC
:10FB900004BF032384F898304FF42032002304F18B
:10FBA000400014F021F8CCE7082ECAD8DFE806F0B0
:10FBB0002005171C1C1C1720200004F140052846B6
:10FBC0001CF001FB01212046FFF772FE204619F0D0
:10FBD00017FB00220023284614F03AF8B1E7637AB5
:10FBE00013B12046FFF788FD2046FFF733FFA8E753
:10FBF000204A2B461E48022117F073FCA1E7637AC6
:10FC00003E2B0FD16D4688B06A461B4BCDE90534BB
:10FC1000032342F8103F164800234FF4C451FBF76A
:10FC200087F8AD46154D05F58076616911B9FEF787
:10FC30006BFA86E7A2690B686361914208BFA36112
:10FC40002046FFF789FDB5F8FC30002B14BF304685
:10FC5000002013F073FDE8E7094A2B46CAE700BF0E
:10FC600004D704009E300600A830060003000001FF
:10FC7000FCCF0400B9300600D0300600D0000020D0
:10FC8000F7300600F8B5074609480D46164619F044
:10FC9000C0FA044650B183781F4203D1BDE8F84052
:10FCA000FFF7D8BE3146A8472046F7E7F8BD00BFAA
:10FCB00000140020024900220120FFF7E3BF00BF2B
:10FCC000F591040070B505460E480E4619F0A1FAEC
:10FCD0000446A0B1837A012B02D0073B012B0CD83C
:10FCE0002388AB4208D1A3781E4209D1064A0748AF
:10FCF0002B46022117F0F5FB2046FFF7ABFE002450
:10FD0000204670BD0014002013310600FCCF040013
:10FD1000034BC01A034BC0105843C0B2704700BF1A
:10FD20000014002013DA4B6870B51C4614430546D6
:10FD30000E460DD00F49FCF707F8D1F8C8400E4920
:10FD400009588C4206D10D4A0D48022117F0C0FB1C
:10FD5000002213460B49002D14BF2846084617F011
:10FD60001AFD044618B1711D0C3017F07BFD2046BA
:10FD700070BD00BF181B0020080000002A310600DB
:10FD8000FCCF04008809002010B50446054813F094
:10FD9000BBFE204600F054FD2046BDE81040FFF7B2
:10FDA000ABBC00BF900400202DE9F04F87B000AF3E
:10FDB0000023FB607B61BE4B5A8A3AB1BD4DD5F83A
:10FDC00014413CB91C37BD46BDE8F08F1B68002BC1
:10FDD000F4D1F7E754F8C83903B1C83BB649002657
:10FDE00001E01C461346B5F8FC20002A00F07381A0
:10FDF000D5F808214AB904F1C806002BE2D0D3F89F
:10FE0000C820002AEDD0C83AEBE70A68002AF2D0F1
:10FE1000D4F8B420002AEED0D4F8B820002AEAD0D2
:10FE2000D4F8BC20002AE6D0A37A072B6CD1204658
:10FE30009047002868D0BFF35B8FD4F8CC30BFF375
:10FE40005B8F022B60DC204619F0E3F904460028A2
:10FE5000B8D0A37A072B40F03B81D4F8B430B5F882
:10FE6000FC1007F11002204698478146002800F058
:10FE70000E81B5F8FC203B699A4208D30146D4F8BC
:10FE8000B86007F1140307F10C022046B0477B6904
:10FE90003B60B9F81030D7F80C80002B00F00181DE
:10FEA0004846D7F810A018F0B9FF7860002840F055
:10FEB000FB80B5F8FC30DFF810B2002B14BF5846B9
:10FEC00000200022002313F06DFC78B97A4800224C
:10FED000002313F001FC064600283BD1B5F8FC30A6
:10FEE000002B18BF5E46304613F028FC6FF00B0560
:10FEF0004846FCF7BBF9B8F1000F00F0B380396851
:10FF00002A462046C047ADE0D4F8C83004F1C80204
:10FF1000C6B9D5F81811C5F814318A4201D1C5F80F
:10FF200018310023C4F8C8302046D4F8BC309847B4
:10FF300000288ED0A37A072B40F0CA802046FFF716
:10FF4000B5FD86E73360D5F818319A4208BFC5F889
:10FF50001861E6E73B68C0F804808360B5F8FCB040
:10FF60005348DA454FF000024FF000034FF0000114
:10FF700098BF1FFA8AFBFCF7FBF8804650B1FCF7EC
:10FF8000D5F84E4B5A4603EB00134946404618F04D
:10FF90000AFF8046B5F8FC3094F8D0909A4584BFAB
:10FFA00001237B607B6884F8D0309CBF09F1020993
:10FFB0005FFA89F904F1CC0ABFF35B8F5AE8003F7E
:10FFC00001334AE80032002AF8D1BFF35B8F0023E7
:10FFD0003360A369002B5ED1C4E90566A378012BC9
:10FFE0005CD108F10C0B0421584617F06EFC2388F5
:10FFF00009F0FD0943EA09330380B8F81030043BE7
:020000023000CC
:1000000043800221584617F068FC4046FDF7B2FFD6
:10001000814600285CD0BFF35B8F5AE8003F013B6C
:100020004AE80032002AF8D1BFF35B8F314604F171
:10003000140019F0C4F8224A22484B46012117F057
:1000400050FA4046FCF712F920463146FFF784FB90
:10005000B5F8FC301C48002B08BF002013F06EFBE5
:100060006FF004056E4688B0184A0794CDE905255F
:100070006A46042342F8103F12484FF4015100230E
:10008000FAF756FE1321B546204619F0DEF8204651
:10009000FFF7E0FC96E61E60A6619FE76FF015098A
:1000A000B9E76FF0790523E76FF0040520E700BF9B
:1000B000F4090020D000002070090020D091002019
:1000C000322A0600FCCF0400D00100205331060084
:1000D000FEF71AF8DBE79368FFDE00BF2DE9F04179
:1000E00040F2E243D0F88860B6FBF3F60446B6B2BD
:1000F000031DBFF35B8F4268BFF35B8F920417D57C
:10010000B0F88C20B24213D8B0F88E20B2420FD390
:10011000D0E9241291420BD1BFF35B8F53E8001F4B
:1001200021F4005143E80012002AF7D1BFF35B8F9E
:10013000104B1D6865B155F80C7C1C3D37B1B4F807
:100140009230B4F8902031462046B847ED69F1E787
:10015000094DDFF82880454501D3BDE8F0812F69BE
:1001600037B1B4F89230B4F8902031462046B84701
:100170002035F0E758920020A4CF0400C4CF04003B
:10018000F8B50F4B1C6805465CB11C3C00F1AA0693
:10019000A36913B1314628469847E4690CB11C3C69
:1001A000F6E7084C084E05F1AA07B44200D3F8BDA3
:1001B000A36913B13946284698472034F5E700BFB4
:1001C00058920020A4CF0400C4CF0400F8B50F4B10
:1001D0001C6805465CB11C3C00F1A806636913B1BC
:1001E000314628469847E4690CB11C3CF6E7084CB8
:1001F000084E05F1A807B44200D3F8BD636913B1F6
:100200003946284698472034F5E700BF5892002029
:10021000A4CF0400C4CF04002DE9F04107460846EE
:100220000D4618F062FE064618B900263046BDE8B5
:10023000F081144B1C6884B154F8103C1C3C0BB981
:10024000E469F8E72946384698470028EDD0284663
:1002500018F04BFE0028F3D1E7E70B4CDFF82C80B9
:100260004445E3D2E3680BB92034F9E72946384620
:1002700098470028D9D0284618F037FE0028F3D137
:10028000D3E700BF58920020A4CF0400C4CF0400DD
:1002900038B505460C460E480121FFF72DFBB0B1DD
:1002A000057223680367A388A0F87430A37980F8E7
:1002B000763001238370074BC0F8B430064BC0F88A
:1002C000B830064BC0F8BC30054BC0F88C3038BD98
:1002D000001400203D070300A5910400999104003B
:1002E0001800280070B505460A480E4618F091FF20
:1002F000044620B18378012B04D0FFF7ABFB002428
:10030000204670BD3246294618F0BFFF0028F7D1BD
:100310002046F2E700140020F0B589B000AF0D468A
:10032000FFF7E0FF044610B329463846FCF78CFF80
:10033000A37A082B96BF0F4A0F4B52F823306D4615
:100340008AB06A460D49CDE907730D4B09930D4BF1
:10035000CDE9051442F8103F0B4800234FF44251F9
:10036000FAF7E6FC2046AD46FFF774FB0120243780
:10037000BD46F0BD04D704009E300600763106006D
:100380000103020405000002FCCF0400F8B5054695
:100390000E480E46174618F03CFF044620B18378FD
:1003A000012B03D0FFF756FB00240DE036B1324697
:1003B000294618F06AFF08B92046F3E7A37ABB4242
:1003C000FAD1237AAB42F7D12046F8BD00140020C1
:1003D00070B58B78012B92B006460C4642D191F84D
:1003E000703007AD032B37D8DFE803F0023032342A
:1003F0001E492846F6F7F8FE059594F871300493E7
:1004000094F87230039394F87330029394F8743034
:10041000019394F87530009394F87630144A1E21B5
:100420000AA814F043FB0AAB324610AD1C4603CCBD
:10043000AC4210605160234602F10802F6D12068F8
:100440001060A3889380304612B070BD0949D0E790
:100450000949CEE70949CCE7094A0A21284614F0A0
:1004600025FBC9E700238DF82830DCE77C24060053
:100470009E240600832406008A2406009424060095
:100480003135060038B5044608460D4618F02DFDF6
:1004900048B3164B93F8D830990707D4E37883B163
:1004A00029462046BDE8384000F0B0BA94F89930AB
:1004B0009A07F3D5BFF35B8F6368BFF35B8F5B0471
:1004C000ECD42946204618F01EFF58B92B88A4F812
:1004D0008C306B88A4F88E30AB88A4F89430EB880D
:1004E000A4F8963038BD6FF01500FBE7D00000206F
:1004F000F7B510F8363C0446A0F140060BBB304679
:1005000018F084FF3A4B1D684DB155F8183C1C3D5E
:100510001BB114F8371C30469847ED69F4E7354DA8
:10052000354FBD4205D3304603B0BDE8F040FFF77C
:1005300091BA6B681BB114F8371C304698472035C8
:10054000EFE710F83E3C012B31D1BFF35B8FA0F1F8
:100550003C0555E8003F23F4005245E800210029FE
:10056000F7D1BFF35B8F990429D5E36C00936946FB
:10057000636D01933046FFF785FF0346C8B9BFF3AB
:100580005B8F55E8003F23F4805345E80032002A92
:10059000F7D1BFF35B8FBFF35B8F55E8003F43F4A8
:1005A000006345E80032002AF7D1BFF35B8F03B048
:1005B000F0BD124A1248022116F093FFEBE7114AF0
:1005C0004FF4281369463046CDE90023FFF75AFF60
:1005D000034650B9BFF35B8F55E8003F43F48053A7
:1005E00045E80032002AD4D0F6E7074AE2E700BF28
:1005F00058920020A4CF0400C4CF0400AF310600FD
:10060000FCCF040018002800D431060038B50E488D
:100610000E4D1BF0AFFC002429460B4801341BF0A3
:10062000D8FC0A2C05F10C05F6D119F052FB02F0AA
:10063000DFFC044628B919F078FF044608B918F021
:100640008EFF204638BD00BF70090020E0910020D9
:100650000346024A0248012116F043BF87320600D2
:1006600044D0040080B500AF88B06A46074BCDE99E
:100670000530032342F8103F054800234FF4C251D0
:10068000FAF756FB6FF00B00BD4680BDAF32060097
:1006900044D0040008B5064A136823B905485060E1
:1006A0000A60184608BDFFF7DDFF6FF00B00F9E7A1
:1006B0006092002050D7040070B5044652EA03004F
:1006C00008D0FBF741FB074D074ED5F8C85030580E
:1006D000854201D10022134620460431BDE8704016
:1006E000FFF722BB181B00200800000038B50546A4
:1006F00018462B68DBB19B7A072B18D10B7A012B9C
:1007000007D00C4A0C48012116F0EBFE6FF01500E3
:1007100038BDCB7A072BF9D9C8618A6105F1300061
:100720001BF057FC284618F048FE0020F0E76FF059
:100730007F00EDE7D632060044D004002DE9F84FE3
:10074000D0F8C04000AF8846914644B1403C236B8E
:1007500063B92068C03018F04FFE246CF5E7FDF750
:10076000D3FC00263046BD46BDE8F88F04F1300AC0
:1007700050461BF043FC05460028F0D018F04EFB15
:1007800080B16C4688B06A462A4BCDE90535032313
:1007900042F8103F284800234FF4C251FAF7C8FA34
:1007A000A546DEE7284617F025F8656C06469DB994
:1007B000A38C058A403B9BB23F2B03D8238D9D42DF
:1007C00028BF1D46042106F10C0017F07EF80580B5
:1007D000A38C438004356564454520D8B6F810B035
:1007E000AB4506D100220023504612F075FFFBF7FF
:1007F0003DFDA38CA3F140023F2A07D8AB4514BFAF
:1008000000220E4AB26118BF1346F3612068C0305F
:1008100018F0F2FD236B13B1204618F0CEFD636C87
:10082000C9F80030984534BFA3EB0801002161648A
:1008300098E700BFEE32060044D004000F95040094
:10084000F7B5284D284F04460026BD4201D303B01A
:10085000F0BD2988204618F050FE6B68019001A970
:1008600020469847002838DB019B2A889A829A8480
:1008700003F11002BFF35B8F52E8001F42E80060F3
:100880000028F9D1BFF35B8F1E645E649E60A16B8C
:1008900003F1080219BBC4E90D221C60DE6003F1FC
:1008A00030001BF067FB019843681B6803B1984751
:1008B000019BBFF35B8F103353E8001F41F0010130
:1008C00043E80012002AF7D1BFF35B8F0198436819
:1008D000DB6913B100F1100198470835B5E70A60EC
:1008E000A263DAE78CCF0400A4CF040073B50D46F1
:1008F0000646042105F10C0017F000F82B8A428807
:100900009A42044607D000921C4A1D48012116F065
:10091000F2FD02B070BD43783BB91A4A1848012174
:1009200002B0BDE8704016F0D3BD0378012BF0D0C3
:10093000132B06D1022AECD0022300931346124A4D
:10094000E3E7124A0E48022116F0CBFD61783568C4
:100950000222012018F0B7FD04460028D9D0022158
:100960000C3016F08AFF002303704370214628469E
:1009700002B0BDE8704018F0D7BD00BF06330600D6
:1009800044D00400273306004833060073330600C2
:1009900008B50B8A032B06D8044A0548012116F036
:1009A00097FD002008BDFFF7A1FFFAE79B33060083
:1009B00044D0040038B50B8A032B05460C4609D8F1
:1009C0000F4A1048012116F083FD2046BDE838404B
:1009D000FBF74CBC042104F10C0016F08FFF41889A
:1009E000284618F0B2FD30B9074A06480B460221E6
:1009F00016F077FDE9E7436821465B699847E4E72D
:100A0000B933060044D00400D633060070B5144A4A
:100A1000137801330C4613F0FF010CBF01230B4682
:100A20001370064608BF19460822122018F04BFD25
:100A3000054688B108210C3016F01FFF228802807D
:100A400062884280A2888280E288C280294630463D
:100A5000BDE8704018F068BD6FF00B0070BD00BFBE
:100A60008E60012023281FD81A2804D8431E182B73
:100A70000ED906207047A0F11B03082B1ED8DFE813
:100A800003F0051D1B231D19251D050003207047BC
:100A90000F4A012383401A40C2B90E4A1A40002A65
:100AA0000CBF06200120704700F07F03522B05D1B8
:100AB00000207047012070470520704710F0400F5C
:100AC00014BF0020062070470420704702207047A2
:100AD000AAAA8A02545545012DE9F74F0646084651
:100AE0000C46FBF723FB2E4F18234343FA18054609
:100AF00091680191E168BFF35B8FF06CBFF35B8F8E
:100B0000C0070AD4274A2848012118F04BFD6FF08E
:100B10001509484603B0BDE8F08FE0680078107111
:100B20000022FA500B78D22B0FD133682146186877
:100B300019F0F8FC814640B11C4A1B48012118F00D
:100B400031FD2046FBF792FBE3E7182303FB057317
:100B5000D4F80C80D4F814B0B4F810A09E60002330
:100B60001A462146301DFFF7C1FD81460028D0D02E
:100B700010F1690F04D10E4A0B48012118F012FD43
:100B80006269019BA4F810A0A8EB0B0812FA88F286
:100B9000E260182255437A1947F805909360B8E748
:100BA000B092002012340600ECCF04002C34060072
:100BB0003F34060008B5EFF31181202383F3128838
:100BC000BFF36F8F002303600F4B5A68C2B9C3E9AC
:100BD000000081F31188BFF36F8F0C4812F094FF6F
:100BE000031E0CDA0A4A0B48012116F07AFC002396
:100BF00083F31188BFF36F8F0323184602DF08BD0C
:100C000010605860E5E700BFA8920020E4040020CF
:100C100062340600ECCF0400011F01481BF0C3B88A
:100C200060080020024A0348012118F0BBBC00BF45
:100C30008B340600ECCF040010B500F148030446E5
:100C4000BFF35B8F53E8001F41F0010143E800123E
:100C5000002AF7D1BFF35B8F201F18F0FBFC04F1D3
:100C6000640004491BF0A3FA2068BDE8104002F0BC
:100C700031B900BF5D1F030073B50E46438D418B34
:100C80008B4202F1010228BF0B469A42054609D960
:100C90001E48009202211E4A16F02DFC0024204618
:100CA00002B070BD3046FFF7DDFE6FF01403034164
:100CB00013F0010310D0FBF747F8164B1958164BE9
:100CC000D3F8C83099421ED0144B1B685A1A18BF6B
:100CD0004FF0FF32134601E04FF47022104800211C
:100CE000FFF7EAFC04460028D9D0FBF71FFA0D4BAA
:100CF000182202FB0033012104F10C009D6016F064
:100D0000BCFD0670CBE70022E4E700BFECCF040097
:100D1000A834060008000000181B0020A093002043
:100D2000AC090020B092002070B5044601F10C001F
:100D30000D4616F0F3FD26682B8AEA6801463068F6
:100D400019F0A0FB1E2100222046FFF795FF014667
:100D500030B9054A0548012118F024FC002070BD77
:100D6000204618F069FCF9E7CD340600ECCF04000A
:100D7000F0B51E4603680D46003987B0044618BF1B
:100D800001211868174619F08EFB38B904F14C00A0
:100D900018F05DFD002848D1122014E0002E46D046
:100DA0001822002168461BF0E9FC77B100221321CC
:100DB0002046FFF761FF019038B91E481E4A012105
:100DC00018F0F0FB112007B0F0BD23681B4A1B6828
:100DD0000093BDF83030ADF812300D9B0393BDF891
:100DE0003830ADF8103001238DF8143031466B46A1
:100DF00030468DF8085018F006FD9DF814307BB190
:100E00004FB10198FBF732FA9DF81430324629466B
:100E1000204618F02BFD182D07D19DF81400D2E7BD
:100E2000019911B1204618F007FC0020CBE7012002
:100E3000C9E700BFECCF0400EA340600BD96040009
:100E4000F7B5144605460E464FF4957201462068E4
:100E500019F0A6FA207430B92068294619F027FB4A
:100E600020B908232374002003B0F0BD6B8A5B0611
:100E700012D501230193E3890093AF68A389A26887
:100E800020682946B84738B110F1FF0F26BF40420D
:100E9000C0B20E202074E6E70A480022002316F0B4
:100EA0007AFC606008B90923DCE70683E3894383A1
:100EB0006068A289A1680C3016F0E5FC0023237459
:100EC0000120D1E7600A00202DE9F3410B8A044696
:100ED0000D4643B9294A2A48012118F063FB002036
:100EE00002B0BDE8F0810768012105F10C0016F0A1
:100EF00005FDBB7A072B0646F1D154F8043C002BC4
:100F0000EDD003781F4F043C002217F832009842BE
:100F10004FEAC20807EBC20114D12A8A48789042EE
:100F200026D91748009301211346174A16F0E3FA11
:100F300004234744BA78012AD1D1002BCFD031788D
:100F4000002211E001321E2ADFD1104A0C48022192
:100F500016F0C7FA31780846FFF784FD2122C24017
:100F600012F00102BBD10623204618F07FFCB6E741
:100F70004B682046294698470346DAE703350600C2
:100F8000ECCF040078D70400383506001E35060083
:100F9000F8B54FF470220746002311480D4616F0AD
:100FA000FAFB044638B90F4A0F482B46012116F0C8
:100FB00098FA2046F8BD00F10C060921304616F0DB
:100FC00051FC2046FBF7B2F8084B182202FB003315
:100FD000012130469F6016F050FC0570E9E700BF24
:100FE000AC09002087320600ECCF0400B09200204C
:100FF0002DE9F04FCB68524F1B7887B0064604931B
:1010000000253068C36973B9002D40F08E80192126
:101010003046FFF7BDFF0146002800F08E803046C5
:1010200018F00AFB81E01C3016F0CEFB4FF00003F5
:10103000B0F818A0028AC168BB800446BB6840486B
:101040003B6016F020FCD6F80080D8F81C5035B173
:10105000638BD5F8009005934FF0000BD5B9049B36
:10106000012B68D1BB8802933B680193638B00938B
:101070000022534618213046FFF77AFE054628B174
:101080000346228B1821304618F0F0FB2046FBF770
:10109000EDF8B6E72A8B524532D16A8B002ADED0B2
:1010A000B988059B581882422ED12A8AF8881144A3
:1010B00081423EDCE968384616F0E5FB2A68BBF160
:1010C000000F14D1D8F82010C8F81C208D4201D18F
:1010D000C8F8202000232B602846FBF7C7F8B9F199
:1010E000000F0FD0D9F800204D469146B6E7CBF857
:1010F0000020D8F82020954208BFC8F820B0E9E7C2
:10110000AB46ECE74A46EFE707252046FBF7AEF88B
:1011100030681C3016F058FB04460028F5D12B46E9
:1011200052461821304618F0A1FB002007B0BDE858
:10113000F08F0D25E9E70025A8E70E20F6E700BFB0
:10114000B00400202DE9F0410E8A043EF6B2022ED2
:1011500004468CB0084601D0102E64D104210C3016
:1011600016F0CCFB0DF1080805884788011D3246B2
:10117000404617F0C3FD002857D0A5B300268FB313
:10118000AF4230D34FF4205301A940468DF804609C
:10119000ADF8063017F085FD48BB1422002107A8E2
:1011A0001BF0ECFA11212046FFF7F2FE099000280F
:1011B00037D001210C30CDE9074816F05EFB002343
:1011C0000A90394603701A4A0B93284607AB18F069
:1011D0001AFBDDE909131B78FBB90846FBF746F853
:1011E0000A2301E03D4601232A4610210EE042F683
:1011F000010307A940468DF81C60ADF81E3017F0BA
:1012000050FD0028C9D010232A461946204618F060
:101210002DFB00200CB0BDE8F081204618F00CFA40
:10122000F7E71120F6E70420F4E70E20F2E700BF0D
:10123000651803002DE9FF41036804460D46186850
:10124000012119F030F940B904F14C0018F0FFFA0F
:10125000A0BB122004B0BDE8F08110220021684636
:101260001BF08CFA21212046FFF792FE029038B342
:10127000009405F10C074FF001082B8A012B04D8CC
:101280000299204618F0D8F918E0384616F046FBC7
:101290006B460C4A8DF80C800146064618F0B3FAEE
:1012A0009DF80C30002BE8D00298FAF7DFFF9DF88C
:1012B0000C3032462021204618F0D8FA0020C9E729
:1012C0001120C7E7E39A04002DE9FF4103680446B3
:1012D0000D461868012119F0E6F840B904F14C00F8
:1012E00018F0B5FAA0BB122004B0BDE8F0811022BE
:1012F000002168461BF042FA0F212046FFF748FE06
:10130000029038B3009405F10C074FF001082B8AC6
:10131000012B04D80299204618F08EF918E03846BF
:1013200016F0FCFA6B460C4A8DF80C800146064616
:1013300018F069FA9DF80C30002BE8D00298FAF703
:1013400095FF9DF80C3032460E21204618F08EFA9B
:101350000020C9E71120C7E7679B0400F0B51D46D0
:10136000036885B004460E4618680121174619F037
:101370009AF838B904F14C0018F069FA50BB122001
:1013800005B0F0BD65B31022002168461BF0F6F9E8
:1013900039462046FFF7FCFD029018B3BDF828300F
:1013A000ADF8043001238DF80C3029466B460E4A07
:1013B0000094284618F027FA9DF80C3002995BB18A
:1013C0000846FAF753FF9DF80C302A46314620466E
:1013D00018F04CFA0020D3E7204618F02DF9F9E771
:1013E0000120CDE71120CBE7679B04002DE9F041F8
:1013F0000E8A043EF6B2022E04468CB0084601D096
:10140000102E76D104210C3016F078FA0DF1040874
:1014100005884788011D3246404617F06FFC0028BA
:1014200069D085B377B3BD422DD86068012119F02A
:101430003AF8064678BB8DF8000042F6020369468A
:101440004046ADF8023017F02CFC20B342F60303FF
:1014500006A940468DF81860ADF81A3017F021FC47
:10146000C8B1012D03D14FF6FF739F4213D004F191
:101470004C0018F0ECF9002814BF002012200CB02A
:10148000BDE8F0813D4601232A460821204618F098
:10149000EDF90020F3E7182200210DEB02001BF00C
:1014A0006DF909212046FFF773FD0890F8B101217D
:1014B0000C30CDE9064816F0E0F9002309900370DE
:1014C0000A238DF82C30394606AB0C4A284618F012
:1014D0009AF99DF82C3008992BB10846FAF7C6FE08
:1014E0009DF82C30D0E7204618F0A6F8D1E711205F
:1014F000C5E70420C3E70E20C1E700BF1D190300A4
:101500002DE9F0430F4687B00446062107F10C0091
:1015100016F0F4F90588EDB1B0F80280B8F1000FCB
:1015200017D0454516D8002382888DF800308DF8F5
:10153000043001A94FF420536846D7F80C90ADF859
:101540000220ADF8063017F0ACFB064660B10A2366
:1015500001E0454601232A460621204618F086F977
:10156000002007B0BDE8F0830146142201A83F7CAB
:101570001BF004F907212046FFF70AFD0290D8B1BD
:101580000A238DF81530414601AB0C4A01942846D8
:10159000CDE903698DF8147018F035F99DF8153010
:1015A00002992BB10846FAF761FE9DF81530D2E793
:1015B000204618F041F8D3E71120D2E709170300BD
:1015C0007FB5CB681D8804468DB15E8876B1B54283
:1015D0000DD81022002168461BF0D0F805212046C6
:1015E000FFF7D6FC019058B9112007E035460123DA
:1015F0002A460421204618F039F9002004B070BDB5
:101600006B463146084A0094284618F0FCF8DDE99C
:10161000011323B90846FAF729FE0A23E8E7204612
:1016200018F00AF8E9E700BF2F9704002DE9F0470A
:101630000D4686B00446042105F10C0016F05EF953
:101640002368B0F80090B0F802801868EF682E8A1E
:1016500001211FFA89FA18F026FF40B904F14C0065
:1016600018F0F5F828BB122006B0BDE8F087BAF1F3
:10167000000F43D01422002101A81BF07FF823683B
:10168000204A1B68019301238DF81430F6B201AB98
:1016900051465046ADF812800397ADF8106018F02F
:1016A000B2F89DF8143033B152461621204618F096
:1016B000DDF80020D8E7206802991C3016F06FF89A
:1016C00017212046FFF764FC0290C8B104210C30BA
:1016D00016F0D3F8A0F80090A0F802800546029812
:1016E00031460C3016F0C9F839463246281D1BF039
:1016F0001EF80299204617F09FFFDAE70120B3E7B2
:101700001120B1E7410E03002DE9F04391B0D2F86A
:10171000008006460F46002542F601030068D8F80F
:1017200004908DF82C500BA91446ADF82E3017F00C
:10173000B8FA00286DD04FF4205330688DF82C5043
:101740000BA9ADF82E3017F0ACFA38B1A3681BB175
:101750005A88BA4200D25F80012010E061680846D2
:1017600017F008FFB8F82A20B8F81A309A4294BF48
:10177000C0EB0200C0EB0300032803D8002011B027
:10178000BDE8F083084616F039F86168054608465A
:1017900017F0F0FE6B8A2A8AA3EB020C6B69EA68E9
:1017A000D21AACEB0203B8F82AC0B8F81A20944554
:1017B00094BFC0EB0C00C0EB0200834228BF03467D
:1017C0006BB9887AFAF7AAFC0022002315F0E3FF30
:1017D00005460028D2D00146606816F020F80023A4
:1017E0000093D6F804803146102302AA4846C04729
:1017F000061E0EDB227CE068964227D001460BA82D
:1018000017F07CFA40B9237C134A1448022115F0E2
:1018100068FE0023A3609FE7F2B202A906A817F0B2
:101820006DFA10B90E4A3346EFE706A90BA817F078
:1018300038FA0028EDD100236374042105F10C006F
:1018400016F01BF8A0600780A36884E7324602A95F
:101850001AF09CFFEDE700BF57350600ECCF0400FF
:10186000763506002DE9FF4105460E464FF000088B
:101870004FF42053006817688DF8088002A91446B9
:10188000ADF80A3017F00DFAA0B142F6010328684E
:101890008DF80C8003A9ADF80E3017F002FA48B1AC
:1018A00023691BB15A88B24200D25E80012004B085
:1018B000BDE8F0816168286817F0F3F910B10023E2
:1018C0002361F3E7E368A0681A786AB1B7F81AC031
:1018D000798D038A8C4594BFC3EB0C03C3EB0103E2
:1018E000934201DA0020E2E704210C3015F0C5FF35
:1018F0002061068023695E80074B00930194A268F3
:1019000000232946384618F063F80028EADB2069EE
:10191000003818BF0120CAE7E79704002DE9F34714
:1019200017680546894600685168D7F804A0144630
:1019300017F0B7F9804600284BD19522294650462A
:1019400018F02EFD0646207540B1E3681B780BB1F8
:1019500084F81480002002B0BDE8F0872946504684
:1019600018F0A3FD10B908232375F3E7A0682675C6
:1019700015F044FF02210C3015F07FFF164B20615B
:10198000A0F8009000930194A26833462946384697
:1019900018F01EF8002807DA10F1FF0F26BF4042AA
:1019A000C0B20E202075D5E72369002BD2D0A068E5
:1019B00017F0E0FD7B8D7A8B9A4294BFC0EB02005A
:1019C000C0EB0300E3681B78984294BF002001201D
:1019D000C1E70120BFE700BF859504002DE9F04174
:1019E00082B000AF044688463F48002200233946B3
:1019F00011F0B8FC0546B0B16D4688B06A463B4B65
:101A0000CDE90534032342F8103F394800234FF451
:101A1000C251F9F78DF9AD466FF00B063046083725
:101A2000BD46BDE8F081FAF78FF9324B1A58324BB8
:101A300038681A6029462C221AF0A0FE3B682F480D
:101A40001C603C687D60C4E90155C4E90955002269
:101A50000023391D11F086FC064688B123686C46C8
:101A600088B06A462649CDE90513032342F8103FA2
:101A70001F482B464FF4C451F9F75AF9A546CBE756
:101A80000146A02278681AF079FE78681D4B8360C1
:101A900054301AF06FFA7B68BFF35B8F4C3353E816
:101AA000002F43E800610029F9D1BFF35B8F7B6809
:101AB0001C60636A7D682BB904F10C001AF05AFAB5
:101AC000C4E90766626AC5F89820A26A05F198031E
:101AD000636202B9A3627B6817225A855A83043372
:101AE000C8F800309AE700BF44080020953506008A
:101AF000ECCF040008000000A09300206008002044
:101B0000BA350600BC04002008B5837A072B06D03E
:101B10000C4A02210C4817F045FD002008BD0421A5
:101B200017F013FD10B9094A0121F3E7BFF35B8FEA
:101B3000836CBFF35B8FDB0701D4054AF4E750F8F1
:101B4000040CEBE7DF350600ECCF0400ED350600B2
:101B5000123406002DE9F04F85B000AFB860EFF306
:101B60001188202383F31288BFF36F8F5B4D2846C3
:101B700017F0F6FC2E68044688F31188BFF36F8FC8
:101B800000285FD0FAF7D2FA5549182202FB00F379
:101B9000C81851F803A00369FB600021D0E902587E
:101BA00090F80490B0F806B01AF0E8FDA07AFAF7C1
:101BB000B5FA6169034659B1627AD00706D4DA6989
:101BC0007B6012682046926890477B6800226261C1
:101BD000214618461AF008FAB9F1000F0DD065B188
:101BE0002B6853B11B6843B1BAF1000F2ED03D4AA8
:101BF0003D485346012115F074FC1EB3B96800201E
:101C00001AF0A4FA00281DDA6C468AB06A46374BEF
:101C10000593374BCDE906304FF40073ADF8203013
:101C2000344B42F8103F304800234FF41151F9F77C
:101C30007FF80023A54683F31188BFF36F8F03233A
:101C4000184602DF1437BD46BDE8F08F281D17F097
:101C5000BAFF4846FEF706FF0528CED801A353F881
:101C600020F000BFAD1C03007D1C0300FB1B030024
:101C7000AD1C0300FB1B03007D1C0300BFF35B8F47
:101C8000EB6CBFF35B8FDA0705D41B4A16480121C2
:101C900017F088FCB1E72B6D002BAED04FF470220B
:101CA000002305F1680011F0D3FFA6E72B68D3F8F5
:101CB0000090BFF35B8FEB6CBFF35B8FDB07E4D56A
:101CC000B8F1000F99D0002403E0F9684846C047F6
:101CD0000134A3B29B45F8D88FE700BFA89200203B
:101CE000B092002008360600ECCF0400273606002C
:101CF000C43D06000400000112340600F8B50F468A
:101D00001646FFF701FFB0B1446A20461CB150F8F7
:101D1000984904B1983C731C194638B1428B458DE3
:101D2000AA4228BF2A469A4207D264B90A4A0B48F7
:101D3000022115F0D6FB0020F8BD32463946BDE839
:101D4000F840FEF799BFD4F8985005B1983D204669
:101D50000B462C46E2E700BF42360600ECCF0400FB
:101D600007B50B4602460021F9F7EEFF01910E4937
:101D700009580E480068884204D00D48D0F8C800C1
:101D8000884201D10022134601A90A4811F0EAFA5B
:101D9000014638B9019810221AF0F0FC019803B0FE
:101DA0005DF804FB0020FAE708000000A093002083
:101DB000181B00207C08002010B50446806818B16C
:101DC000FAF754FA0023A36021460248BDE8104008
:101DD00019F0E9BF7C0800202DE9F743044668307C
:101DE0000F4690461E461AF0EEF9206D50B9154A7E
:101DF0001548022117F0D6FB204603B0BDE8F0439A
:101E000000F094B8114B98424FF0000317D045688A
:101E10004360206DD0F80C90FFF7CEFF00232068C0
:101E2000236517F005FF3DB12068CDF800900068EC
:101E300043463A463146A84703B0BDE8F0831D4605
:101E4000ECE700BF5D360600ECCF0400A493002051
:101E5000F7B550F8044C0546002C63D000F194010E
:101E600004F1240017F0DAFC2E1F05F150070022C0
:101E70000023384611F030FC0246B0BBEB6C2BB1AE
:101E800001466FF067033046FFF7A6FF002345F8D1
:101E9000043C05F14803BFF35B8F53E8001F21F0BA
:101EA000010143E80012002AF7D1BFF35B8F636A98
:101EB000002B37D104F11C06304615F085FCB8B96B
:101EC00004F10C0600220023304611F005FC90B905
:101ED00066689EB914482660214619F064FF286898
:101EE00003B0BDE8F04001F025B8FAF7BFF9BEE74E
:101EF000FAF7BCF9E0E7FAF7B9F9E3E7A268336863
:101F00006360964208BFA36077683FB1F3680093AF
:101F1000002320681A466FF06701B8473046FFF784
:101F20004BFFD5E703B0F0BD4408002010B50446D0
:101F30000430FFF78DFF6068132117F086F9034620
:101F400030B1044A0448BDE81040012115F0C9BA77
:101F500010BD00BF74360600ECCF0400F0B5044697
:101F600089B054F8683D00AF19683846FEF730FA7A
:101F70006E4688B06A460B4BCDE905374FF40073C7
:101F8000ADF81C30084B42F8103F00234FF4E251EB
:101F90000648F8F7CDFE2046B546FFF7C7FF2437C1
:101FA000BD46F0BD9236060003000001ECCF0400F0
:101FB00008B5036D6BB1084A93420AD0CB68DB7851
:101FC000002B08BF0E2300221146FFF705FF00205B
:101FD00008BD0E23F7E700BFA493002010B50C4600
:101FE00008B301B3FFF790FDE8B1436A3BB153F882
:101FF000982902B1983A196D8C4206D062B9043022
:10200000214617F00BFC204602E0074A1A652046DD
:10201000BDE81040FFF7D0BED2F8981001B1983952
:1020200013460A46E7E710BDA4930020F8B51D4605
:102030000F461646FAF77AF8044C182303FB0040C3
:10204000C0E903760123C3800575F8BDB092002076
:1020500010B5074C2378834207D1601C17F01FFF8F
:10206000002814BF2046002010BD0020FCE700BF60
:10207000EC5F012038B50C4619466BB103F114052D
:102080005B698AB9E268A360954200D1E3600023EE
:102090000D684B611A46A847A3685BB9601C0649E6
:1020A000BDE8384017F005BF1360E3689D4208BFE4
:1020B000E260ECE738BD00BF6D3D060010B54A1C7C
:1020C0000C4628B1097817F0E0F830B1204610BD71
:1020D0000349104617F0E3FEF7E70020F7E700BFDB
:1020E0006D3D060008B530B90749084817F0D7FE1E
:1020F00038B1074808BD054A12F8011C17F0C5F8A9
:10210000F6E70020F6E700BF6D3D0600D9930020FA
:10211000D89300202DE9F04180460F4616461D4613
:10212000FFF796FF044680B91249FFF791FF044676
:1021300030B9114A1148BDE8F041012117F0B7BE8E
:1021400000F8018B394617F0B4FE23892BB9628958
:102150002AB926816581BDE8F0819E4204D3628957
:10216000AA42F8D29E42F5D263892681AB42F2D2CE
:10217000F0E700BF6D3D0600C53606002CD0040018
:102180002DE9F041214B154682689A42074602D15B
:10219000C4686389E3B90120BDE8F08105F17008E6
:1021A000287A414616F0C3FE68B9194B9C4202D109
:1021B000284617F0E9FF1749304617F07AFE00234A
:1021C0002370238119E04146304617F072FE14E077
:1021D000238993B12646284616F8011B324617F08C
:1021E00054F80028DAD120783146FEF77BF820B188
:1021F000857AFDF72FFC072DCDD0E36800216181A2
:10220000002BC8D038469847C5E700BF49220300D5
:10221000FC0400206D3D060073B50C460546082100
:1022200004F11000164617F04DFE12230422CDE9EA
:1022300000323146034B2246284617F0CBFF02B04E
:1022400070BD00BF5BA004002DE9F8431E46BDF839
:102250002030D1F80C8081460F46002B45D1731EEB
:10226000012B45D8012E41460CBF15781588FFF784
:1022700025FF0446C0B915B93046BDE8F88341468C
:10228000FFF71CFF044638B91B481C4A022117F00F
:102290000EFE6FF01000F0E709F17001013017F049
:1022A00008FE99F808302370D8F810308BB92581D2
:1022B000B8F80A30AB4203D04146384617F011FE59
:1022C000002DD9D10E49601C17F0F3FD2570258132
:1022D000D2E72A463946484698470028CDDB0138E0
:1022E0000128E4D96FF00D00C7E76FF00600C4E7DE
:1022F0006FF00C00C1E700BF2CD00400E4360600EC
:102300006D3D06000C48BFF35B8F50E8003F23F0A3
:10231000020340E80032002AF7D1BFF35B8FBFF31E
:102320005B8F0368BFF35B8FDB0704D500220023BC
:10233000303811F08DBC70472815002010B51048BA
:10234000012117F0BFFDC30719D402210C4817F073
:10235000B9FD084007D10B490B4A0B880B4CA24230
:1023600007D300B10B80BDE810400949094819F0B6
:102370001EBF506803449BB208320120EFE710BD36
:10238000CC930020F85F0120C4CF0400DCCF040010
:10239000E1270300F81400202DE9F041034648B17D
:1023A000008A38B91249DFF84CE001244FF0140CD0
:1023B000714501D3BDE8F081D1E90076BB4204D379
:1023C0000CFB0672143A93420ED93444A2B208317F
:1023D0001446EDE70CFB0578434507D0013562193B
:1023E000AE4292B2F6D1F2E70025F8E71046E1E7F7
:1023F000C4CF0400DCCF04002DE9F74FBDF8305006
:10240000009199464FF6FF73002D08BF1D46244BDF
:102410001B888342074690463CD203B0BDE8F08F4C
:1024200073682344BB4232D29CB208361D4B9E4295
:10243000F6D3F2E789580193404616F032FC019B2F
:1024400090B101340AF1010AA4B273685345ECD982
:10245000009B9C42E1D8BC42F3D331680BFB0AF2EB
:102460008B18B8F1000FE5D1B9F1000F0BD1013D88
:10247000ADB218460E9A0D9B21469847002DCCD040
:102480000028DED1C9E7DA689145DAD1EFE74FF0ED
:10249000000ADAE7044E01244FF0140BC6E700BF30
:1024A000F85F0120DCCF0400C4CF040007B500238F
:1024B0000193FFF771FF411C89B20846034A01AB43
:1024C00017F061FF019803B05DF804FB539E040010
:1024D0002DE9F04387B0837A072B02AF80460C4684
:1024E000154640F0A68000233B73206842F60303A4
:1024F00007F10C01FB8116F0D4FB0646002834D10D
:10250000D4F80490B9F1000F05D14C4A4C48012190
:1025100017F0CDFC8DE00123009007F10802214661
:10252000C847031E11DA6D4688B002AA4549D36137
:102530000423C2E9051442F8103F414833464FF4E2
:102540000151F8F7F5FBAD4673E0012B05D03E4A8B
:102550003B48012117F0B4FC6BE03B7A13F0300FDD
:1025600067D02046FFF7A2FF0446002320683B7394
:1025700007F10C0142F60213FB8116F092FB18B131
:102580002046FFF793FF0446002642F60219206812
:102590003E703946A7F8029016F083FB18BB002363
:1025A00020683B7307F10C0142F60213FB8116F021
:1025B00078FB064600283CD1D4F80490B9F1000F0E
:1025C000A3D00090022307F10C0221464046C847E1
:1025D000031EA8DB022BBAD1BB8905EA0300003831
:1025E00018BF012026E020683E7142F60303391D22
:1025F000FB8016F056FB0028D1D020683E724FF4C5
:10260000205307F108017B8116F04BFB0028C6D050
:1026100020683E7342F6010307F10C01FB8116F0BE
:1026200040FB0028BBD02046FFF740FF04460028AF
:10263000ADD100201437BD46BDE8F083FE3606005C
:102640002CD0040012370600383706002DE9F84375
:1026500089465168B1F8128018F09408074615466B
:102660003CD10222FFF734FF00283AD04FF470200B
:102670000021AE8AFFF774FB0236044660B11A4BA4
:102680004360C56032461D213846FFF737FB0646DA
:1026900038B92046FFF790FB6FF00B052846BDE8E0
:1026A000F883012342464146FFF7C0FCA98A06F1A0
:1026B0000C00023115F0E1F820F8029BAA8A296982
:1026C0001AF035F8A6602146384617F08BFB054610
:1026D0000028E3D02046FFF76FFBDFE74FF0FF3520
:1026E000DCE76FF01505D9E7599E040070B5044684
:1026F0008AB00D46374BBFF35B8F1B68BFF35B8F10
:102700005A0761D510B1837A072B60D16E680596A0
:102710003046FFF741FE2A68ADF8180032B305A92C
:1027200002912D4901910121002300914FF6FF7183
:102730000593FFF761FE059E1EB96FF001000AB018
:1027400070BD6E60002330688DF8103004A942F629
:102750000303ADF8123016F0A4FA70B90598C368F7
:102760009B799B0605D46FF01500E8E70028E9D1B6
:10277000E3E717F0B9FDADF81800BDF818003CB15B
:1027800001230146AB752A462046FFF75FFFD6E7D7
:102790006FF07F0307930223ADF8203042F6021357
:1027A000ADF8123005ABAC7502930C4B01930123CD
:1027B000009304AA23464FF6FF7109958DF8104047
:1027C000FFF71AFE0798BAE76FF00A00B7E76FF055
:1027D0007F00B4E7A4010020879E04001D2A0300A7
:1027E00013B550F8082C01920346A0F1200100F126
:1027F0003004BFF35B8F54E8002F22F0010244E85D
:1028000000200028F7D1BFF35B8F0D4A43F81C2C42
:102810000C4A43F8182C01AA002043F8102C04227B
:1028200023F8080C23F8060C23F80C2CFFF75EFFA6
:1028300018B90221204617F045FB02B010BD00BFB9
:10284000B8D8040005230300F8B5304B81689942DD
:1028500000AF044621D1C66815683389EBB1324612
:10286000284612F8011B16F010FDB0B14FF4957216
:102870002146284617F094FD032811D16D4688B0F3
:102880006A46234BCDE9053442F8100F2148002356
:102890004FF4C451F8F74CFAAD460120BD46F8BDDF
:1028A0003146204617F01DFB1B4B9E42F5D1287A7E
:1028B00005F17001FFF7CCFB04460028EDD0038939
:1028C00013B94389002BE8D02846FDF721FA134BB2
:1028D000228923F8202003EB8003628910495A8063
:1028E000182202FB00110F4A4A600B610E4A8A60EF
:1028F000042328468B82FFF7F9FE0028CDD00B4A2F
:102900000448012117F0D3FAC7E700BF49220300AA
:10291000513706002CD00400FC040020E85F0120A1
:10292000B4930020B8D80400C39F040065370600A4
:1029300070B504468AB00D46354BBFF35B8F1B68FC
:10294000BFF35B8F5A075DD510B1837A072B5CD13B
:102950006E6805963046FFF71FFD2A68ADF818002F
:1029600032B305A902912B49019101210023009165
:102970004FF6FF710593FFF73FFD059E1EB96FF0FF
:1029800001000AB070BD6E60002330688DF8103011
:1029900004A942F60303ADF8123016F082F970B9BB
:1029A0000598C3689B79DB0605D46FF01500E8E74E
:1029B0000028E9D1E3E717F097FCADF81800BDF85F
:1029C00018002CB101462A46204617F007FDD8E72B
:1029D00042F60212ADF8122005AA6FF07F030292B0
:1029E0000D4A07930123CDE90032ADF8203004AA47
:1029F00023464FF6FF7109958DF81040FFF7FCFC58
:102A00000798BEE76FF00A00BBE76FF07F00B8E7FA
:102A1000A4010020879E04001D2A0300F8B5364B50
:102A2000154682689A42044601D00120F8BDC76865
:102A3000324B9F4246D03A89AB899A42F5D139460A
:102A400011F8010BFDF74EFC06460028EDD0837A05
:102A5000072B05D0FCF7FEFFE7E7FCF7FBFFEAE7F3
:102A60007B6923B12146984708B93046F2E7648A6A
:102A700014F09404F9D1AB89022B16D13C8914F0DF
:102A800002040AD02A69A9883046FFF7DFFD044610
:102A900018B92A69937D013393753046FCF7DAFF44
:102AA000002CAC60C1DA0020C0E7012BF5D13C89D5
:102AB00014F00104F1D02A69A988304617F08EFC81
:102AC0000446EAE70E4E0F49304617F0E8F90028B1
:102AD000B1D116F8010C07223146FDF757FC00284A
:102AE000BBD12B6916F8010C1A693146538812883C
:102AF000FFF710FB9FE700BF49220300FC04002002
:102B0000ED5F01206D3D060073B5837A072B044607
:102B10000E461FD1051D4FF48031284617F0D2F91B
:102B2000C3031AD40223CDE900330D490D4B3246BD
:102B3000204617F04FFB58B1BFF35B8F55E8003FBD
:102B400023F4803345E80032002AF7D1BFF35B8FCE
:102B500002B070BD6FF07F00FAE76FF07700F7E723
:102B60008F9E0400139F040007B5837A072B0A4643
:102B70002CD14B683BB908234FF0040ECDE9003E41
:102B8000144B154909E0012B11D0097B5B0001931F
:102B900041B1202300931149114B17F01BFB03B0E7
:102BA0005DF804FB0E2300930E490F4BF5E74B89AC
:102BB00033B10C234FF0040CCDE9003C0B4BE0E7A4
:102BC0000A230221CDE90031094BDAE76FF07F00DB
:102BD000E5E700BF0BA10400F52B0300D99F04001B
:102BE0007F9F0400839F0400579F04003F9F0400C1
:102BF0002B9F04002DE9F04F85B002AF80463C6B5F
:102C000091469A460E4641B96BB925680023009358
:102C10002246F1B24046A84730E0B1F5807F2568F2
:102C200028BF0E26F2E76368002B71D10AF1FF3549
:102C30002389B4F80AB07B60ADB202F1010A002D1D
:102C40004DD099F80030AB4228BF2B46012B0AD853
:102C50003E4A3F48022117F033F9002300932568CC
:102C600022460421D6E7BAF80020023B91B29BB27B
:102C700041B9384A3648012117F019F90C37BD46D9
:102C8000BDE8F08F7868884201D88B4518D26D4630
:102C90008AB002AA304BC2E905317B68C2E9073B22
:102CA000052342F8103F2A4800234FF42251F8F739
:102CB0003FF8AD4600230093256822460E21A9E780
:102CC0002281009326680AF1020322460021404631
:102CD000B0470028D2D099F80030AB4206D921463F
:102CE0004046FFF741FF0028C8DAE3E723896289FD
:102CF0009A4205D10023009325682246194689E7A8
:102D00000133238199F80030ED1AADB29A4496E769
:102D1000CDF800A0134625682246A8470028ADD06C
:102D2000238A013B9A4503DA009625683346E4E797
:102D300063890AEB0305658121464046FFF714FFCE
:102D400000289BDA009625683346B6E782370600EE
:102D50002CD00400BA370600C9370600F8B5837ACC
:102D6000072B06460C4644D1FFF7BCF90546002860
:102D700042D08368002B3FD00022143B17469C4270
:102D800009D018892189884208BF47F001075B698B
:102D90001BB1143BF3E70122F9E76AB3BFF35B8F82
:102DA0002369BFF35B8F5B0703D52146304617F0DD
:102DB0004AFB77B104F1140105F1080017F0C0F9DE
:102DC000AB681BB90E49681C17F073F857B900209F
:102DD00007E00C4AA78121463046FFF71DFA00287C
:102DE000E8D0F8BD002325681A4621463046A8479A
:102DF000EDE76FF07F00F4E76FF01500F1E700BF3B
:102E00006D3D060085A004002DE9F0478C68BDF8F3
:102E100020A006469046994624B154F8145905B1AD
:102E2000143D0CB9BDE8F0872389434511D12768CB
:102E300053464A4621463046B84750B921463046A7
:102E4000FFF78CFF034620B1064A0748022117F01E
:102E500037F82DB1696901B114392C460D46E0E708
:102E60002946FAE7303806002CD00400F0B587B0C8
:102E700007460E461546FFF735F90446C8B12A46FF
:102E8000314603A814F0E8FCBDF81030042B10D92B
:102E9000042103A814F032FDBDF810104688028802
:102EA000B14208D2094A0A4800953346012114F07C
:102EB00022FB07B0F0BD031D214638460096FFF700
:102EC000A3FF314603A814F019FDDDE74F380600D3
:102ED0002CD0040007B5064A00906B4601204FF63F
:102EE000FF718DF8040017F04EFA03B05DF804FB93
:102EF000492803002DE9F0410D4B1B6806460F469B
:102F0000904623B153F8044904B1043C0BB9BDE821
:102F1000F0811B681BB142463946304698472CB1B8
:102F2000656805B1043D23462C46EFE72546FAE7E0
:102F3000D09300202DE9F0470346274A05464FF677
:102F4000FF71012017F01FFA2846FFF7CBF806465D
:102F500000283FD08468002C3CD054F8147907B185
:102F6000143F4FF0000805F17009C24601E03C46ED
:102F70001F4604F11003BFF35B8F53E8001F21F0DD
:102F8000080143E80012002AF7D1BFF35B8F4946DE
:102F9000287A15F0CCFF68B9A4F80CA02346424665
:102FA00031462846FFF766F8A7B17B69002BDED0D3
:102FB000143BDCE7BFF35B8F2369BFF35B8FDB0759
:102FC000EAD473781BB14946701C16F072FF04F105
:102FD0001408E9E7BDE8F08781210300034B42684C
:102FE0009A4204BFC3681982704700BFF52B0300E3
:102FF0007FB54FF42052ADF8162004AA02920B4A76
:1030000000230120CDE900324FF6FF7105AA049399
:103010008DF81430FFF7F0F9049B012B14BF6FF00B
:103020001500002007B05DF804FB00BFB3A4040046
:1030300080B500AF88B06A46074BCDE90530032361
:1030400042F8103F054800234FF4C251F7F770FED5
:103050006FF00B00BD4680BD703806004CD00400F8
:1030600008B5064A136823B9054850600A60184637
:1030700008BDFFF7DDFF6FF00B00F9E7E8930020D4
:10308000E0D8040000487047CC0A0020F0B50246A2
:103090000A4E0B481427B0420DD20468002365681D
:1030A00005E0216807FB03118A4205D001339D42E8
:1030B000F7D10830EFE70020F0BD00BFD40A0020B0
:1030C000CC0A002000F1070C2CF0030C10B4541EA5
:1030D0001860A4B2ACF80020023A93B201FB04F2EB
:1030E0004FF0000C40F802C074B103FB011403FB65
:1030F00001F22044121B4FF6FF7C013B9BB263455B
:103100008050A0EB0100F8D15DF8044B704700BF80
:103110000346006810B102680AB91A60704700F1EE
:10312000070C2CF0030CD11DBCF800C021F00301EA
:103130000CF1FF3CA1F800C0EFE700BF0B687BB1CA
:10314000073323F003031A88013292B20346D1F801
:1031500000C043F807CB23F003031A8008607047D0
:103160000122F3E702FB0100704700BF401A90FB09
:10317000F2F080B2704700BF531E11449BB242B1BF
:10318000DB430138CA1811F8013D00F8013F9142B4
:10319000F9D17047014402E010F8013B1BB98842A5
:1031A000FAD1002070470120704700BF106008600E
:1031B000704700BF0A6803460068904205BF0022BE
:1031C0000A6000201A60704710B414682060146808
:1031D00061605DF8044B1060704700BF884203D007
:1031E0001AB1436813607047002070470B68834230
:1031F00009D02AB1586810601A680A6018467047EA
:10320000002BF9D1FAE70023F8E700BF2DE9F843D6
:103210000E4EDFF83C904FF090080C2706F120048A
:1032200009EB08052A1D29462046083CFFF7BEFF8A
:10323000B442A5F10C05F5D1043F3B1DA8F13008BF
:10324000A4F12006EAD1BDE8F88300BF94940020E1
:10325000E094002010B403468C46A2B101EB41017A
:10326000154803EB4304090101EB84010144487A4A
:103270000C7AA04204BF013008725DF8044B61462D
:1032800018460BF043B801EB41020B4C120100EB66
:10329000400302EB830323449C7ADA7AA24202D0F1
:1032A0005DF8044B704701329A72044B01225A5464
:1032B0005DF8044B0BF05AB8BC9400203894002001
:1032C000F8B506461C460D4602B322786378D21A3A
:1032D00012F0030229D1294F71004FEA450C314405
:1032E000AC44890001EB0C1101330431DBB27A18D4
:1032F000606823702146FFF767FF214B01222946B2
:1033000030465A550BF032F80020F8BD0BF018F893
:103310000028DAD0294630460BF004F8637860B90B
:103320002278D21A12F00302D5D0012A03D0013339
:10333000DBB22370E1E71046F8BD05EB450206EB72
:1033400046010E4F120102EB81023A447100907A5D
:10335000D27A90424FEA450C05D02078C01A10F07E
:103360000302E2D1BBE72278D21A920702D00233DD
:10337000DBB22370D4E902039847C5E7BC94002070
:10338000389400202DE9F04FDFF8609119F80030F3
:1033900089B0002B59D0DFF858A1C0EB00134FF0D3
:1033A000000B00EB40079B000324CDE904BB09F8A8
:1033B00000B00AEB0717039302948346B846002334
:1033C000B96A58F8240F079307AAFFF707FF0446C6
:1033D00007AAB4B1079D2E786978761A06F003061D
:1033E000012E35D02B78591A01F003010129DBB2E7
:1033F0003DD1D7E90901FFF7F1FE044607AA002CE9
:10340000E8D197F82E3097F82F209A4203D087F80A
:103410002F300123049397F82C3097F82D209A42EF
:1034200003D087F82D3001230593029B5D1EEBB27C
:10343000FF2B0293A7F10C07C0D10499D846DDF801
:1034400014B011B1BBF1000F45D009B0BDE8F08F49
:1034500001396970079BD3E902029047079D2A78DA
:103460006978D3B2521A02F00302012A21D0B86A55
:10347000019300224146FFF7B9FE6C60019B6A7818
:103480006B702B789B1A03F00303012B08D0D7E94C
:10349000090107AAFFF7A2FE012E044698D10EE00B
:1034A000039B6A701A1D294620465244FFF78CFE82
:1034B000EDE7D7E9090107AAFFF790FE0446029B52
:1034C0008BB101235946584609F80B300AF04EFFDC
:1034D00009B0BDE8F08F5A464146404609B0BDE804
:1034E000F04F0AF013BF002C8BD0EAE7389400208D
:1034F000BC9400204B1EDBB271B1411E00EB030CEB
:10350000002011F8013F23B15A1E01301340C0B210
:10351000FAD16145F5D170470846704770B5057E10
:103520000468FF2D2AD02A464FF0000C07E09E6861
:1035300014F80E30FF2B1546B4441FD01A4602EB88
:10354000420391424FEA031E04EB0313EFD18D4275
:1035500002D114F80E20027614F80E20986805EBBC
:1035600045052D01FF2A625506D002EB420204EB0D
:103570000212936803449360604470BD002070BDE4
:10358000A2EB010C1CF4000F10B4836844690BD14A
:103590002CF07F4C6344A3420ED8E41A002344610C
:1035A00083605DF8044B7047891A21F07F418B429C
:1035B00009D95B1AA342F0D91B1B00244461836024
:1035C0005DF8044B70470C44E41AE7E72DE9F0413D
:1035D000244DBDF824708E462C2101FB00556968EE
:1035E00001EBCE0011F83E60C478417804F1010C83
:1035F0005FFA8CFC664598BF4FF0000C61452DD0FA
:10360000466804EB4404210106EB04144FF004085F
:1036100006F801806360069BA360079BE360089B3C
:1036200023610A9BA3610F9B63620B9BE3610C9B6D
:1036300023620D9BA3620E9BE36202236270A7824A
:10364000A37080F803C0D5E90836704698472B462A
:1036500041460022B047A078BDE8F0810120BDE8D6
:10366000F08100BF7C9500202DE9F04F87B0034624
:10367000427A019000685F680290002A00F0EF80B3
:10368000531EDBB207EBC3038A4603930597039BE4
:103690005A6893F801B00492BAF1FF0F57D00AEBC1
:1036A0004A04029BCDF800A04FEA0419002513F844
:1036B00009A003EB0414019BFF2727701E681B7EE3
:1036C00006EB0908BB42D8F808100DD1C1E0091A71
:1036D00005D1B8F81E90BEF81EE0F1457AD8B25C6C
:1036E000FF2A1F4665D0134603EB430206EB021E7A
:1036F0004FEA430CDEF8080088424FEA0212E6D98E
:10370000FF2FC8F8081088F800305DD1DDE900020D
:103710001076634406EB03139A68521A9A60A378F2
:1037200001336370002DB7D0AB6A4FF000022A70EE
:10373000AA7013B1E96A002098476368002BABD1E7
:10374000AB6A2362EB6A6362BAF1FF0FA7D1039BF6
:10375000049E99780BEB4B030BF1010059454FEA9E
:1037600003125FFA80FB06EB031569D0039B187800
:10377000B35C584508BF4FF0000B042BEAD16978C1
:10378000029801EB410300EB03144FEA0319607840
:10379000A378984220D04FF00003B354AB6A4FF0A7
:1037A00001020120AA700BB1E96A9847039B99783E
:1037B000D0E79C444FEA0C1C009BC8F8081088F81E
:1037C000002006F80C30AAE707EB47073F01009AF4
:1037D000F2559EE7014693E7019AAB8A0091516941
:1037E0004FF6FE72934207D04FF6FF729B1AB3FA60
:1037F00083F35B0984F82C306B6AA362EB68636027
:103800002B69236200226262AB8A4FF6FD7083420D
:1038100088BF1346A383AB69A361EB69E3602B6A9E
:103820002361AB68A36062616A682046FFF7A8FE67
:103830004FF00003E383E37843F00103E3703AE7DA
:10384000039A517005999142A2F1080307D003939E
:103850001DE706F80930DDE900231A765FE707B0B7
:10386000BDE8F08F2DE9F04F447E01238FB08376C1
:10387000002C40F0BA80037EFF2B814600F0B4801C
:103880000AF020F9D9F81420D9F81C3099F81880DA
:10389000D9F80060801A20F07F4B5B4594BF00236D
:1038A0000123B8F1FF0F0393A2467CD0049408EBE8
:1038B000480806EB08144FEA0818A3685B4571D85E
:1038C000A27816F80880ABEB030B9A4463789B1A36
:1038D000DDB2012D63D1A06AA3690293002800F034
:1038E00019810168002900F08380002B00F02A81F3
:1038F000039B002B00F04A81037A5A0700F03B81BA
:10390000037A23F007030372E78BE27822F00102C7
:103910007B1CE27094F82C209BB2E383002A00F019
:10392000E080A28B9A4280F0DC80A06A002800F040
:103930006581037A03F00703012B00F0D280002792
:1039400041684760A36A1A7A67F302021A72A27882
:10395000E768013AA27017B36369D9F8142094F8A4
:1039600003C0AAEB0303134423F07F40626A236978
:103970000CF0010C002D40F0DF80B4F81EE0CDE922
:1039800000C37346B847DDE90223002A18BF43F09D
:1039900001030393E378E58365F30003E370B8F173
:1039A000FF0F84D1049C99F80B3099F80A209A42B1
:1039B00008D10132D2B2022A1ABF1446234600238C
:1039C00089F80B4009EB83030022C3F80CA0D9F857
:1039D000244089F81A204B46012204210320A446E2
:1039E0000FB0BDE8F04F604784760FB0BDE8F08FB0
:1039F000029B002B00F08C80039B002B80D1D9F818
:103A00001C309A45FFF47CAFB8F1FF0F7DD0029BCC
:103A1000E78B09939C46A38B6168CDF818B0BB4235
:103A20009ABFFB1A9BB23B4603FB0113CDE907A8E3
:103A300005934FF0000E43460B92DDF824800C9561
:103A4000CDF824C0A3468A4684460D97CDF8289029
:103A500003EB430306EB03121B0191688E44F04510
:103A600048D3906A946900283FD0006800283CD071
:103A7000D58B978B5068AF4240F29380002840F07E
:103A80009780BCF1000F32D08146DCF8000028B1ED
:103A9000029919B97444A04280F0BD80AF4226D883
:103AA000D0789BF8032000F0010402F00105A54244
:103AB00005D34240D1071AD4B9F1000F17D06046A0
:103AC0005C46DDF820800C9DDDF824C00D9FDDF8FC
:103AD0002890DDE906BA002840F09680CDF808C0AD
:103AE00013E7A378013BA37059E7002CC0D1F35C26
:103AF000FF2BADD16046DDE9088C5C46DDE906BAF6
:103B00000B9ADDF82890CDF808C0002800F09080CE
:103B1000002514E7029B5BB3039B002B7FF4F4AEFC
:103B2000D9F81C309A45FFF4EFAEB8F1FF0F7FF4DF
:103B30006EAF03990D460BE7CDE900C34FF6FF7357
:103B4000B8472CE7039B63B9D9F81C309A4508D3D2
:103B5000B8F1FF0F54D04FF0040CE78BCDF824C020
:103B600059E704230293037A5A077FF4C9AE02E0AF
:103B7000029D0021ECE6A18BE28B91423FF6C0AEA4
:103B8000012262F302030372E78BBEE6D9F81C3010
:103B90009A45FFF4B1AEB8F1FF0F7FF438AF039D43
:103BA000CDE668B9BCF1000F7FF46EAFE14677E770
:103BB000BAF1000F20D1BCF1000F98D0D14664E7D4
:103BC000BAF1000F12D0A5EB07091FFA89F9411AC3
:103BD00000FB0911059888422CBF4FF000094FF0F7
:103BE0000109BCF1000F7FF450AF57E7D146BCF19B
:103BF000000F7FF44AAF51E7A946E8E7A278B8E79B
:103C00000423039D02939AE60168CDF808C00029B9
:103C10003FF476AE70E65C460146DDE906BA6046E2
:103C2000DDF820800C9DDDF82890DDF824C0ECE75D
:103C3000054601468CE600BF837E002B40F03683AC
:103C40002DE9F04F477E8DB08346002F76D1837AE1
:103C5000C27A012141769A424169079100F0278397
:103C60000133DBB2022B12BF1A463A463B4600EB49
:103C700082028372D368079A0593D31823F07F4397
:103C8000436101259BF81830089309F01BFF9BF84E
:103C90000920DBF800300193531EDBF80460049028
:103CA000DBB2002A00F01A84CDE90A7506EBC30ADC
:103CB000FF2303930696D946DAF804704FF0000B01
:103CC0009AF803109AF8025005EB45046B1CA942C0
:103CD0004FEA0418DBB207EB041460D09AF8002016
:103CE0009A4208BF00238AF8023017F80820042AF5
:103CF0003AD9082A2CD86178019801EB410300EBEE
:103D000003161B01B078029373781B1A13F0FF039C
:103D10002CD1062A1CD199F81B308B4250D007F8C1
:103D200008B0A36A84F802B0002BC9D0E16A002071
:103D300098479AF803109AF80250C5E7446A04219C
:103D4000034601220420A4460DB0BDE8F04F6047B1
:103D500007F808B04FF00103A370A36A002BAFD09F
:103D6000E16A01209847ABE71D46ADE7052A1ED161
:103D700062684AB9A2683AB9E2682AB922691AB9EE
:103D8000626932F07F42E3D0012B29D00421D9F8B7
:103D900024404B4601220846A0478AF80250069A62
:103DA0005245AAF1080300F0E2809A4684E7012B0D
:103DB00000F0A680062AE9D199F81B308B42AED1DB
:103DC0006168D9F814208B1A1D0240F1BF80059B51
:103DD000521A22F07F4293428CBF9B1A0023B9E013
:103DE0004846FFF79BFBB060D9F814E0049B059AA6
:103DF000A3EB0E0323F07F431344984240F2B180BB
:103E0000C01A7368002B48D0A38A002B45D0013B11
:103E10009AB2A2827568F38BA84288BFBC4617D8B5
:103E20001BE0726AA94F8BB2A9495118B942A0EBA5
:103E3000050006D902F1E87202F5D43202F5A57246
:103E40000138316AF383521A72628542A28A03D220
:103E5000934203F1FF31E4D867469A421CD9316A94
:103E6000099706E0726201339BB2F383A28A9A42F9
:103E700011D9726ADFF858C2944F0A449444BC4581
:103E80002844EFD8A2F1E872A2F5D432A2F5A572C7
:103E900072620130E7E7099FB2836368B16A034445
:103EA000B360A26873691344736129B10B681BB1D5
:103EB000D4E901329B1A4B60049A71463046FFF7F1
:103EC0005FFBE268B3691344B361226993428CBF1C
:103ED0009B1A0023B361A37D1BB1F27863F3000248
:103EE000F270E37D13B1013B86F82C30DDE901323D
:103EF00003999954737862780392013373700EE7D3
:103F0000062A3FF408AF4846FFF708FBB378B060D5
:103F1000737099F81B2063789A427FF400AF17F80A
:103F20000830062B3FF44CAFFF2389F81B3017F8FD
:103F30000830062B3FF444AF082B3FF441AF0499FF
:103F4000D9F814208B1A1D023FF541AF059A23F0D2
:103F50007F431344D9F81C209A4288BFC9F81C300B
:103F6000DDE6726913441B1A7361002049E7DDE93D
:103F70000A75CB469BF81860002D00F01781049B52
:103F8000079ADBF800809B1A23F07F4A089BF51AFA
:103F900018BF0125FF2E08BF2C465FD04FF0000947
:103FA000CDF804900497DDF81490059506EB4605CE
:103FB00008EB05142D01A2684A4500F26182019BBD
:103FC000A178E08B1344019363785B1ADBF81C1033
:103FD0008A4234BF891A0021A9EB0209AAEB020A1E
:103FE00024BF4FF0FF328BF81B20CBF81C10A16AC6
:103FF000A769DBB2002900F0CC800A68002A00F033
:10400000B480002F40F0B480022B00F034820022F4
:10401000A26018F805208BF818206168A26A0029B0
:1040200074D122B1127A02F00702012A52D03BB1B8
:10403000012B00D020B1236A13B1616A0120984797
:10404000A37863709BF81860FF2EAFD1DDE904758B
:10405000089BFF2B0CBF2C4645F0010403995846E2
:10406000FFF702FBCDE90247DBF800A0CDF804B072
:104070004FF0000C019B187EFF2800F032820446AE
:104080004FF0FF0800E01C4604EB44030AEB031565
:104090001B01A96A8E4629B10A7A02F00702012A99
:1040A00000F00B811AF80330FF2BA046EBD1DDE9BD
:1040B0000247DDF804B0BCF1000F40F09280089B8D
:1040C000834240F08E80002C7BD08EE0592B177FEE
:1040D0005A2B17FFA378C4F808906370079B019AC6
:1040E000DBF814109A1822F07F422046FFF748FAB6
:1040F000039B08F80530637803960133DBB26370E5
:104100009BF81860FF2E7FF451AF9FE722B1137A1E
:1041100003F00703012BDDD0B4F81EE0BEF1000F61
:1041200040D1B4F81CE07046D4E908C300220294E0
:10413000BC4FBD4C6344DF19A74200F1FF300A4475
:1041400006D8A3F1E873A3F5D433A3F5A573013220
:10415000441CEDD1029C94F82C706362002F00F097
:104160008480A260A4F81EE0B8E7002F3FF44FAFB0
:10417000022B7FF44CAF00287FF449AF0A7A02F09B
:104180000702012A3FF443AFCBF81C708BF81B6089
:104190003DE7002F3FF43BAF022B7FF438AF002800
:1041A000F2D034E7A37863700020BDE75846039946
:1041B000FFF75AFA9BF81800089B83420ED19E42E3
:1041C0000CD100238BF819309BF81A30002B49D002
:1041D000DBF824405B4601220321B3E5FF2800F011
:1041E0008B81089BFF2B00F06481DBF8003000EB33
:1041F000400003EB0013D3F80880B8F1000F59D04A
:1042000009F060FC0A260446DBF81430E21A22F0BA
:104210007F42904506F1FF3602F103011AD941456C
:104220002CBF5B18434423F07F452846DBF8283039
:10423000984709F047FC031B2D1B23F07F430233F3
:1042400025F07F45AB4206D90EB10446DCE700DE1F
:104250000446D9E7012700238BF819309BF81A3060
:104260003B43B5D10DB0BDE8F08F92457FF679AFF5
:104270006C48CDF8088006946B4C634403EB00084F
:104280000137A0450A44BFB206D8A3F1E873A3F5ED
:10429000D4330132A3F5A5739245EDD8069CDDF821
:1042A0000880636277441FFA87FE5AE770473D46ED
:1042B0000597E7E48BF819808AE7AA68002A40F09E
:1042C0003381D5F818B0BBF1000F06D10A68002A77
:1042D00000F036818E464FF0040BDEE9002991454F
:1042E00080F0DC80A2EB090C1AF80320FF2A00F012
:1042F000D5800199CDF81C80C969ACEB0B000E1D6F
:104300000021CDE90594049099460F4608463446AD
:1043100013460BEB0708C4453FD303EB43030AEBFB
:1043200003121B019668304404287FD9061F3E44BF
:10433000664528BF66460BEB04018C450ED3B0459D
:104340000CD8A969002900F08C809EF80810090794
:1043500000F18780B6EB0B0140F0B680916A21B185
:10436000097A01F00701012971D0916900296ED005
:104370005268002A6BD0AA6907440431CC19002A7C
:1043800063D09EF808201207ACEB0B0100F1A3806C
:104390001AF803300020FF2BBBD14B46DDF81490F8
:1043A0008944CEF804901AF803B0BBF1FF0FDDE9A1
:1043B00006485A4618BF4FF0FF0C01D1C6E002462E
:1043C00002EB42000AEB00174FEA4209BE688E4238
:1043D0004FEA001080F0BC801AF80000FF289446D5
:1043E000A1EB0601EBD1A960B8F1FF0F00F09880B6
:1043F00008EB480109010AF801B04A4412011AF811
:1044000002100AF803100AF80240EB8B013BEB8321
:104410009EF80830022262F302038EF808304FF053
:10442000010C27E65A2B17FF592B177FAE6996B15F
:104430009EF8086016F008063FF47DAF9469049A70
:10444000074404343C44A242A2D32146A0E71AF810
:10445000033000219FE791690744043139440C4639
:1044600096E7002C3FF47AAFA6EB0B06A642FFF4CA
:1044700075AF214691E700287FF4C9AD04277DE69A
:104480004B46D21AA260059D9BF81830089A049FEB
:1044900093420CBF2C4645F00104DFE5CEF80490B2
:1044A0001AF80330FF2B08BF00214FD00023AB6068
:1044B000ABE709F007FB044609F0E0FA40B99BF8C6
:1044C0001800CBF8144090E6A142FFF447AF64E730
:1044D0009BF8180089E60A460021B4E7FF230393FE
:1044E00048E5029C9B46BCF1000F05D1089BFF2BC1
:1044F00002D1002C3FF465AE09F0D0FA0446002842
:104500007FF45FAECBF81C0009F0DCFA8BF81940A1
:10451000CBF814009BF81A30002B3FF4A3AE57E6FB
:10452000019981F818B068E700DEA96AD5F818B0DB
:104530008E46BBF1000F7FF4D0AE00297FF4C6AEEB
:1045400000DE4FF0040BD5F828E0C6E6A9605CE772
:10455000761ABCF1FF0FBE60A9603FF456AF1AF89F
:1045600003B062464FEA4C093EE700BFF8B5069E2D
:104570009DF81C50089CB8B9144F3A605A1E397205
:104580007B727E60D2B273B106EBC20254601146F8
:1045900012F808398E4203EB4300A5EB030304EB4A
:1045A0000014DDB2F2D10DB10120F8BD099B3B62D0
:1045B0000A9B7B62FF240B9BBB623C7609F082FA6C
:1045C0007D817861FC76FD612846F8BD7C950020F0
:1045D00040B9064B1A7EFF2A01D1187270476FF05E
:1045E0000F0070476FF01500704700BF7C950020EA
:1045F00010B4084B2C2202FB00335C6A34B1A44691
:1046000001225DF8044B0321022060475DF8044B52
:10461000704700BF7C95002010B58AB00C9C0094B8
:104620000D9C01940E9C0294BDF83C400394109C98
:104630000494119C0594129C0694139C0794149C5A
:10464000089400240994FEF7C1FF0AB010BD00BF12
:1046500010B4BDF8104004945DF8044BFEF7B6BFEB
:104660002DE9F047244DBDF82C809DF830709DF861
:104670003CE02C2404FB00556C6804EBC10014F8EA
:104680003190C478467804F1010C5FFA8CFCE14566
:1046900098BF4FF0000C66452AD0466804EB4404EE
:1046A0004FEA041906EB04144FF0050A06F809A0B6
:1046B0006360089BA360099BE3600A9B23610D9BD9
:1046C000A3620E9BE36202236270A4F81480A775B4
:1046D00084F817E0A37080F803C02B6A6E6A08465E
:1046E00098472B4600220421B047A078BDE8F08708
:1046F0000120BDE8F08700BF7C95002010B588B090
:104700000A9C00940B9C01940C9C0294BDF83440CC
:1047100003949DF8384004940F9C0594109C0694D3
:1047200000240794FFF79CFF08B010BDF8B5194EA0
:104730002C2404FB0066746804EBC10014F831E01B
:10474000C478457804F1010C5FFA8CFCE64598BF0B
:104750004FF0000C65451BD0456804EB44044FEA5C
:10476000041E05EB0414072705F80E70A362069BD0
:10477000E36202236270A37080F803C0336A756A33
:1047800008469847334600220421A847A078F8BD80
:104790000120F8BD7C950020F8B51A4E2C2404FBAE
:1047A0000066746804EBC10014F831E0C478457801
:1047B00004F1010C5FFA8CFCE64598BF4FF0000C49
:1047C00065451DD0456804EB44044FEA041E05EB23
:1047D0000414082705F80E706360069BA362079B0C
:1047E000E36202236270A37080F803C0336A756AC3
:1047F00008469847334600220421A847A078F8BD10
:104800000120F8BD7C95002009F05CB9401A20F029
:104810007F40704701480021704700BF3F410100C1
:10482000022801D00120704738B5044608461D46CD
:1048300002F0F4FE10B10020287038BD204638BDCB
:10484000002303700B70704738B5054600200C46F6
:1048500002F0C4FC70B93DB9074B44B12068186040
:10486000A2889A80002038BD044B002CF6D11C6031
:104870009C80F7E70C2038BDB0950020A89500205B
:10488000012804D808B9034870470348704700203E
:10489000704700BFB0950020A8950020012809D8D6
:1048A00030B9064B186808609A888A8018467047A5
:1048B000034BF7E700231846704700BFB095002070
:1048C000A895002010B5044607F080FE50B908F006
:1048D000BDF960B908F0A6FC70B92046BDE81040EB
:1048E0000EF02CBF00DE08F0B1F90028F2D000DE97
:1048F00008F098FC0028F0D000DE2046BDE810400B
:104900000EF01CBF086001480EF018BFF8A100208F
:104910000EF014BF2DE9F84F0B780E2B84BF2C4BF3
:1049200093F878309A428946834692464DD0284D76
:104930005C1CE4B235F8332002800F2C08BF002441
:10494000002605EBC30301274FF0120819E00128E8
:1049500038D0C3F804800E2C89F8004088BF95F841
:104960007840A24523D023B2013435F83310BBF888
:104970000020E4B20F2C08BF0024914205EBC303D2
:1049800015D15868B0B1FF28E1D9027902F00302CD
:10499000013A012A12D912225A6002F057FE0E2C57
:1049A00089F8004088BF95F87840A245DBD13046B1
:1049B000BDE8F88F01365F60F6B2CCE70136F6B29B
:1049C0000122E9E70136F6B2C5E70026EFE700BFAE
:1049D000DC9500202DE9F041324F3B88984253D9B5
:1049E00013F0FF0524D0DFF8C88098F8154098F838
:1049F00014302D480134E4B2052C08BF0024A34232
:104A000018D0FEF785FB064628488EB1FEF780FBDE
:104A100000283BD0066098F8153048F823003B8802
:104A200088F81540013D013B15F0FF053B80DED1C4
:104A3000BDE8F0813B88002BFAD0DFF8788098F849
:104A40000D4000260134E4B2032C98F80C301648CF
:104A500008BF0024A342EBD0FEF75AFB05461348DB
:104A6000002DE5D0FEF754FBB0B16E60056098F8FC
:104A70000D3048F823003B8888F80D40013B9BB27D
:104A80003B80002BDED1D3E70546ACE73046064934
:104A9000BDE8F041FEF752BB28460349BDE8F041AE
:104AA000FEF74CBB7C96002080960020D496002018
:104AB000B89F00205C9600202DE9F843304B314F21
:104AC000181D052224214FF00008A7F81880FEF7D2
:104AD000F9FA2D4B05220821181DFEF7F3FA97F875
:104AE00018907C7E05260134E4B2062C08BF002411
:104AF000A145254813D0FEF70BFB0546204875B1AC
:104B0000FEF706FB002835D0C5F8048005607B7EE3
:104B100047F82300013E16F0FF067C76E3D11B4BDD
:104B20000822181D4FF48E71FEF7CCFA184B0A229A
:104B3000181D0821FEF7C6FA1548FEF7E9FAA8B1D4
:104B4000144A111FFEF732FB1148FEF7E1FA78B163
:104B5000114A111FFEF72AFB104B0622FF201A8074
:104B6000FFF738FFBDE8F84307F0FEB900DEE7E7DE
:104B700000DEEDE704492846FEF7E0FACFE700BF84
:104B8000FC9F0020B4A00020D09F0020D4960020DD
:104B90008096002078960020709600207C96002059
:104BA0002DE9F0417B4D7C4E86B004AA02A90DF19F
:104BB000070003F05BF90446D5E9000103AAFEF7FC
:104BC0000DFB074650B3039B002B6AD0187804AA4C
:104BD00002A903F063F9039B0446002840D0049A1D
:104BE000BDF808101F78ADF80A10059203F068F9B7
:104BF0002146059ABDF80A0003F096F9204603F015
:104C000029F905AA0DF10A01384603F047F90446CF
:104C10000028EBD130680EF091FDC6E7002C3DD0A6
:104C2000049B05939DF80770BDF80830ADF80A3075
:104C300003F046F92146059ABDF80A0003F074F91D
:104C4000204603F007F905AA0DF10A01384603F0E2
:104C500025F904460028EBD130680EF06FFDA4E77B
:104C600005931B79013B2C2B1ED8DFE803F01F3284
:104C7000741D1D1D1D1D1D1D1D1D1D1D1D1D1D1D0D
:104C80001D1D1D1D6A1F1D1D1D1D1D1D1D1D1D1D05
:104C90001D1D1D1D1D1D1D1D1D1D1F0006B0BDE878
:104CA000F08100DE039B91E700DE7EE7394968680A
:104CB0000022FEF79BFA394B059993F87930384674
:104CC0000B70374AFEF780FA334B18680EF036FD4A
:104CD0006BE7304968680022FEF788FADDF8148037
:104CE000D8F8084034B12378002B50D02378013B0A
:104CF000DBB2237098F80C3013B1012B41D000DEE9
:104D0000284A002388F80C30537E117E0133DBB231
:104D1000062B08BF0023994237D0C8F80070517E97
:104D200042F821805376002C3FF43FAF2378002BCC
:104D30007FF43BAFA368002B3FF437AFE0689847A0
:104D400033E7144968680022FEF750FA059938469F
:104D500002F014FF29E705A9384602F02BFF0D49A0
:104D600068680022FEF742FA059900293FF41DAF5A
:104D70000B792E2B3FF419AF084B384693F8793056
:104D80009EE74046F2F78CFEBAE700DECBE700DE96
:104D9000ACE700BF74960020F4A10020DC95002051
:104DA00070960020B4A0002010B5244B244C86B08F
:104DB000186008F055FE2378002B37D02149224B8C
:104DC000224A2348CDE90431224BCDE902320C239B
:104DD000CDE900034FF0020C04230370037280F846
:104DE00010C080F818C01C4A19460020FFF7BEFB0F
:104DF00008BB01220021194817F004F907F072FBE3
:104E000008B106B010BDFFF757FE07F007FF0028F6
:104E1000F7D102F0ADF90028F3D108F0F7F9002836
:104E2000EFD106B0BDE8104002F050BEFEF7EEF93B
:104E300001232370C2E700DEDBE700BFF4A10020FE
:104E40008F6001206DE40300C1E30300A1E30300D0
:104E500048A4002008A2002068A40020F8A1002097
:104E600030B585B002F08AF978BB02F035FE88BB18
:104E70001B481C491C4A1D4B0024A0F87840A1F88F
:104E8000204194829C8101222146684617F0BAF89D
:104E9000174B2246214603206D46C3F808D0FEF783
:104EA0000FFAC8B94FF0FF324FF0FF3328460EF02B
:104EB00079FC02F069F988B9FFF7FEFD00210120B5
:104EC00005B0BDE83040FFF7BFBC00DE02F004FED5
:104ED0000028CDD000DECBE700DEE3E700DEEBE725
:104EE000DC950020D0A00020B89F00205C96002018
:104EF0006C05002008B5FFF7B3FF07F029FB00B1F0
:104F000008BDBDE80840FFF763BB00BF2DE9F043D3
:104F10002A4D2B4F83B0804689460023C8F80030C5
:104F200095F87940D7E9000101AAFEF757F906463E
:104F300090B3019B23491A784846FFF7EBFC80BBEE
:104F400095F878308DF8013095F8792004460DF108
:104F500001010DF10200FFF7DDFC44EA000212F04E
:104F6000FF02F1D1019B1979012920D139467868D6
:104F7000FEF73CF914493046FEF7E0F8134A13886F
:104F8000052B11D80198124901331380FEF7D6F88A
:104F90000120FFF71FFDC0E70A4922464846FFF7F8
:104FA000B9FC03B0BDE8F08300DE1388EAE71046E1
:104FB000C8F8003003B0BDE8F08300BFDC950020E6
:104FC0006C96002054960020809600207C9600204D
:104FD000D496002030B5324983B00023486801934D
:104FE00001AAFEF703F9002851D02E49FEF7A6F8D2
:104FF000019A13792D2B1DD8DFE803F01F1C1C1F0D
:105000001C1C1C1C1C1C1C1C1C1C1C1C1C1C1C1CE0
:105010001C1C1C171F1F1F1F1F1F1C1C1C1C1C1CC3
:105020001C1C1C1C1C1C1C1C1C1F137F3C2B19D083
:10503000537F33B900DE03B030BD002BFAD003B08C
:1050400030BD93681C68A06D20B100231649A3658C
:10505000FEF774F894F85E3023F0010384F85E30B4
:1050600003B030BD9368D3E9004595B100225A6082
:10507000AB6F93B905F16C0105F16800FEF79AF882
:10508000034640B12868AB6702F0AEFAE2E700DE03
:10509000ABE700DEEAE700DEF4E700DEEAE700BFA8
:1050A0006C96002080960020D4960020F8B5046805
:1050B00006460CB3324D2046246803792D2B18D8B0
:1050C000DFE803F0271717271717171717171717F2
:1050D000171717171717171717171721332727270A
:1050E0002727171717171717171717171717171730
:1050F000172700DE002CDED100233360BDE8F84026
:10510000FF20FFF767BC037F3C2B27D013B100DEE5
:10511000037963B32B88052B26D8013319492B80DB
:10512000FEF70CF8002CC6D1E6E7C0880028E1D1D4
:1051300002F068FA0746E0B1D7F88830DBB907F12A
:105140007C0107F17800FEF735F8B0B1C7F88800A8
:10515000384602F049FA002CADD1CDE70949FDF7F8
:10516000EDFF002CA7D1C7E700DE2B88D5E700DED6
:10517000D0E700DEE0E700DEE1E700DEE6E700BFC3
:105180007C960020D49600200148FDF7C1BF00BFE7
:10519000809600200149FDF7D1BF00BF8096002016
:1051A0000148FDF7B5BF00BFD49600200149FDF7C7
:1051B000C5BF00BFD4960020034B044A93F8793052
:1051C0000B70FEF701B800BFDC9500207096002040
:1051D00008B5064B064A93F879300B70FDF7F4FFDB
:1051E000044B1868BDE808400EF0A8BADC95002012
:1051F00070960020F4A100200B490A7B4B7B9A4259
:105200000AD8A3EB020C5FFA8CFC604509D89A42DD
:1052100007D051F82200704703339B1ADBB2984243
:10522000F7D90020704700BF5C960020074A117B29
:10523000537B8B4208D04B1CDBB2032B08BF0023EF
:1052400052F8210013737047002070475C960020CD
:1052500000B50D4A92F879C092F878E00CF101039C
:10526000DBB20F2B08BF00239E4509D022F83C007B
:1052700002EBCC0CCCF8041082F879305DF804FB1A
:1052800000DE00231B80FFDEDC950020022810B525
:105290000C4602D00B68022B07D004484FF0FF32B7
:1052A0004FF0FF330EF07EFA206810BDF8A1002009
:1052B00004490A680AB11046704702460860104661
:1052C000704700BFD8950020044A136823B1984264
:1052D00006BF00211160002318467047D8950020B2
:1052E000014B1868704700BFD895002004490A6830
:1052F0000AB110467047024608601046704700BF6A
:1053000058960020044A136823B1984206BF002132
:10531000116000231846704758960020014B18680A
:10532000704700BF5896002070B505682B7884B090
:10533000EBB1044601220021684616F063FE0D4BD6
:105340006E46C5E902362B788BB10B4B0022114615
:1053500003209C60FDF7B4FF38B94FF400420023EE
:1053600030460EF01FFA04B070BD00DEF5E76FF0B6
:105370007700F8E7114903005C050020F0B5244EE2
:10538000336885B00C461746002B36D0994215D1AC
:105390000223039303AB0246009303211D4B00201D
:1053A000FFF7C4F9022805460CD0039B022B09D154
:1053B00095B133680BB19C4221D014B36FF02D002E
:1053C00005B0F0BD14484FF0FF324FF0FF330EF040
:1053D000E9F9039D002DECD13846FFF7A5FF3368AE
:1053E0000BB19C4210D0002CE8D10028E8D010F17D
:1053F000780F08BF002005B0F0BD3160C8E700237A
:1054000033606FF07700DBE735600028D8D0EEE737
:10541000D895002005490300F8A100200B490A7D1A
:105420004B7D9A420AD8A3EB020C5FFA8CFC6045D4
:1054300009D89A4207D051F82200704705339B1AC9
:10544000DBB29842F7D90020704700BFB89F002018
:10545000074A117D537D8B4208D04B1CDBB2052BD4
:1054600008BF002352F821001375704700207047D1
:10547000B89F002038B50C46054602F0F1FC2070BC
:1054800021462846024ABDE83840FDF79DBE00BFD0
:10549000789600200122024B11460020FDF710BF34
:1054A0004C05002070B50C46054602F0D9FC21469B
:1054B0002070064A2846FDF787FE0122BDE87040AD
:1054C000034B11460020FDF7FBBE00BF789600207D
:1054D0004C0500202DE9F0431A4D9DF81C8095F8ED
:1054E00021C10CF1010E5FFA8EFEBEF1090F994643
:1054F00095F8203108BF4FF0000E73451DD01446BB
:1055000005EB4C1CE36807460E461068516892682C
:1055100064460FC49CF81C30CCF8186008F00108F1
:1055200023F0030343EA0803CCE904978CF81C300A
:1055300085F821E16046BDE8F0834FF0000C60463D
:10554000BDE8F083D0A00020054890F8203190F805
:1055500021219A4214BF00EB43100020704700BF86
:10556000D0A0002001460B480A7890F82131082A83
:1055700084BF90F820210A70934208D0531CDBB2FC
:10558000092B08BF002300EB42100B70704700206E
:10559000704700BFD0A000202DE9F04F3D4E96F897
:1055A000203196F8212187B09A4202903ED04FF0E8
:1055B0000008CDE9048806EB43130B24CDF80C80DA
:1055C000C346C2461D7FD3F80090DF68C5F3400292
:1055D00005F00105002C4DD0013CE4B24AB396F829
:1055E000211196F82031994220D00133DBB2092BEA
:1055F00008BF0023994286F8203117D0590106EBE5
:105600004313002ADED1D86805BBBAF1000F33D0AE
:10561000BBF1000F36D01A7F9707D3D1504572588F
:1056200034D05845CED105998A42CBD107B0BDE8D8
:10563000F08F194902988B600B4611460192FDF7D5
:105640003FFE019A0028CAD000DEC8E7039ABAB12B
:10565000B8F1000F08BFB8461A7F9507B2D4D20739
:10566000DCD5BBF1000FADD1039A8242DED080457C
:10567000A8D1DBE700DEAFE7BA46CDF81090EBE744
:105680000397E9E7BB46CDF81490E5E704998A4211
:10569000C7D1CBE7D0A000203C050020054B1A7EE7
:1056A000597E914204D053F8220010B10C3070475B
:1056B00000207047B4A0002070B5134A117E537EBD
:1056C0008B421ED04B1CDBB252F82140062B08BF88
:1056D000002313769CB102230025266823712560E0
:1056E000A06002F0BDFB094A207021463046FDF75C
:1056F0006BFD0122064B11462846FDF7E1FD2046D1
:1057000070BD0024FBE700BFB4A000207896002005
:105710004C05002010B582B00024049B93F80AC009
:105720002CF0020C83F80AC0CDE9004407F07EF8A3
:1057300002B010BD10B50346007F1A6999690124B3
:1057400082B02040CDE90004586907F06FF808B92D
:1057500002B010BD7730FBD000DEF9E710B4CB68A3
:1057600004691A78042A03D023685DF8044B1847AB
:105770005B78052BF8D100205DF8044B704700BF23
:1057800030B50B8A83B0002B3CD0054601F10C00EC
:105790000C4612F0BBF80128034615D0022807D0AA
:1057A0001B4A1C48012111F09CFE6FF0150009E016
:1057B00001A9204600F088FE019911B12846FFF7A3
:1057C000CDFFC8B103B030BD002301A9204601932D
:1057D00000F090FA014678B12846FFF7BFFF002895
:1057E000F0D1019D45B1284601F0CAF903466B711D
:1057F0000948019916F0EDFB2046F6F737FD002029
:1058000003B030BD054A0348012111F061FECCE729
:1058100094D9040014D004002CA5002080D90400E1
:1058200010B50469FFF766FB40B90548F6F70AFAB8
:105830000448F6F707FA0020206010BD00DEF4E708
:1058400030150020F81500202DE9F041076982B0DD
:1058500006464FF0000836484FF0FF324FF0FF3356
:105860000DF03AFF0028F6D043790190042B30D890
:10587000002B45D0022B4BD04FF0FF324FF0FF33BF
:105880000220F7F79DFD04460198002C4AD02146DE
:1058900000F0F2FE019B01A8C3F80080FFF706FCB0
:1058A000204611F0A7FF05462146002011F0C8FF51
:1058B0002B8A012B04462946304606D93B68984777
:1058C00016F0CBFC002CEBD1C5E72846F6F7CEFC52
:1058D000F6E7052B14D14FF0FF334FF0FF320820CD
:1058E000F7F76EFD04462146019800F09DFE019BEE
:1058F00001A8C3F80080FFF7D9FB002CD0D1AAE79C
:1059000000DE019B01A8C3F80080FFF7CFFBA2E7F0
:105910000022002301210020F7F76AFD04460198C8
:10592000002CB4D1046001A8FFF7C0FB93E700BFCF
:105930002CA50020F0B5064683B014E04FF0FF32EE
:105940004FF0FF3300211320F7F752FDBDF802108E
:105950000546224601F0FCF829463046FFF7FEFED8
:1059600040BB16F07AFC0DF1020101A8FFF7CEFA58
:1059700004460028E2D1019BA3B1FFF72BFB019F56
:10598000384601F0FDF8019D78716B79032B02D147
:105990002B79182B10D01848294616F01AFB019BBA
:1059A000002BE0D14FF0FF324FF0FF3313480DF0E2
:1059B000F9FED8E700DED4E721464FF0FF324FF082
:1059C000FF330520EF88F7F713FD394604460246FA
:1059D00005F11C0000F000FE384600F01DFE3CB151
:1059E00021463046FFF7BAFE20B92046F6F73EFCC6
:1059F000019DD0E700DEF8E72CA500203CA50020A3
:105A0000F0B50546076989B00E46234816F0B2FA8C
:105A10004FF0FF320021214816F0F4FA1F48FFF73B
:105A2000C3F9044678BB3E60F1F796FD00260027D7
:105A30006FF00903CDE90334CDE90667CDE90144F0
:105A4000174B184900954FF4007217480EF0F0F903
:105A50001649154816F0DDFB6FF00702CDE9032467
:105A6000CDE90667CDE90144114B124900954FF489
:105A7000607211480EF0DCF910490F4816F0C9FBAE
:105A8000204609B0F0BD0E4A0E482346012111F010
:105A900028FD204609B0F0BD2CA500203CA5002023
:105AA00035590300807C012030150020C8D904003E
:105AB00049580300007F0120F8150020D8D90400C0
:105AC000A8D9040014D0040008B50EF0C1FC0548A4
:105AD00016F058FA034816F04DFABDE808400EF0EB
:105AE000CBBC00BF2CA500202DE9F0411A4C646806
:105AF000A40004D51646194A1268120701D4BDE85D
:105B0000F08103F10C0405460F462046022111F0F6
:105B1000B4FE40F63E4303800121204611F0ADFE65
:105B20000346042220461A700B2111F0A6FE0570D0
:105B3000A0F801603DB97B68BA68C0F80720C0F8DA
:105B40000330BDE8F0814FF00008C0F80380C0F8D2
:105B50000780BDE8F08100BF28020020200200205D
:105B6000F0B5013887B0144611280AD8DFE800F0F4
:105B7000234056090968097A99AC090909090909F4
:105B8000090D6FF0150007B0F0BDCB68DA78997891
:105B9000188806F0D5F9554B06460121188813F0F0
:105BA0004CFA012105460C3011F067FE06702560A5
:105BB000002007B0F0BD4D4B0D21188813F03DFAC1
:105BC0000D2120600C3011F058FE4FF4806200234C
:105BD0004FF002140421A0F8052063220370C0F8DE
:105BE0000140C171037242728372C3720373DFE7B3
:105BF0003E4B4121188813F020FA412120600C30DF
:105C000011F03BFE002104463E2200F8031B16F073
:105C1000B5FD40F2A733A4F80130C9E7334B0921A1
:105C2000188813F00AFA092120600C3011F025FEC3
:105C30000346002203F8012BC0F801205A60B7E7A1
:105C4000C9680020FEF700FE284B0121188813F0D8
:105C5000F4F9012105460C3011F00FFE002303700A
:105C60002560A5E7224E214F0FCE01AD0FC5336849
:105C700038882B80132113F0E0F9132120600C30B9
:105C800011F0FBFD0446002301AE04F8013B8446FD
:105C90000FCE2D88CCF801006160A260E360258200
:105CA00086E7124B1821188813F0C7F918212060D5
:105CB0000C3011F0E2FD00230446012100F8023B04
:105CC00007F054FE607073E7084B2121188813F029
:105CD000B4F9212120600C3011F0CFFD01460023E2
:105CE00001F8113B013007F091FE61E7FA5F0120F6
:105CF0000CDA04002DE9F041038A8CB00022022B5B
:105D0000079240F21181054603210C3011F0F6FD97
:105D10002A8A83789A42C0F011810288D04EC2F359
:105D20008523082B328090B2C2F3090409D89BB1B5
:105D3000013B072B10D8DFE803F0EA0FCBB10F0FC0
:105D40000F153F2B08D107AA29462046FFF708FF69
:105D5000163040F0B383308801210CB0BDE8F0412B
:105D600013F07DB9621E4A2AF6D801A353F822F037
:105D700017610300F5600300AD600300595D030087
:105D80008D600300B56103009D6103009161030014
:105D9000856103007B610300595D0300595D0300C9
:105DA000595D0300595D0300595D0300595D03000F
:105DB000595D0300595D030059610300595D0300FB
:105DC0003161030023610300F7620300D96203001D
:105DD000595D0300CF620300BF620300A1620300AC
:105DE000595D0300595D0300595D030081620300A2
:105DF000676203003D620300DB630300CF630300BF
:105E0000595D0300595D0300595D0300595D0300AE
:105E1000595D0300595D0300595D0300595D03009E
:105E2000595D0300595D030087630300316303007C
:105E30001F620300D1610300595D0300595D030037
:105E4000595D0300595D0300595D0300595D03006E
:105E5000595D0300595D0300595D0300595D03005E
:105E6000595D0300595D0300595D0300595D03004E
:105E7000595D0300595D0300595D0300595D03003E
:105E8000595D0300595D0300595D0300595D03002E
:105E9000595D0300595D030041600300621E082A3A
:105EA0003FF65AAF01A353F822F000BFD35F0300BF
:105EB0008B5F0300675F0300595D0300595D0300BA
:105EC000595D0300595D0300595D0300495F0300FC
:105ED000632C00F0B58200F29982032C00F08D80D3
:105EE0002D2C00F0B082012C7FF436AFEA685D4BB8
:105EF0001168526819605A60012113F09EF801215F
:105F000005460C3011F0B9FC0023037012E0062C9A
:105F100000F08E821D2C7FF41FAFEB68188801F013
:105F2000A5FC0146308818E74F4A5048012111F07E
:105F3000CFFA002528460CB0BDE8F0814C4A4B480A
:105F4000012111F0C5FAF4E7072113F076F80721D3
:105F500005460C3011F091FC0146002001F8010BC0
:105F6000FEF79CFCE6E7092113F067F809210546D6
:105F70000C3011F082FC0346002203F8012B602153
:105F8000C0F801205A604171D4E7412113F055F85F
:105F9000412105460C3011F070FC002104463F22DF
:105FA00000F8021B16F0EAFB0423324AE372E375A1
:105FB00020233149C4F81A20C020802263704FF496
:105FC0000A73A071C4F8211084F82720A4F80F30B8
:105FD000B0E7092113F031F8092105460C3011F022
:105FE0004CFC4FF450610023244A01800D21837042
:105FF000C3700171C0F805209CE71A4B204A4FF08E
:10600000FF3041F6FF71C3E900011E4B0020002163
:10601000C2E900011F200021C3E90001FEF720FFB3
:106020003088012113F009F8012105460C3011F0E8
:1060300024FC0023144A03701360FFF745FD79E741
:10604000032112F0FAFF032105460C3011F015FC74
:106050000146002301F8023B0130FEF7F1FB69E73E
:10606000FA5F01202802002020DA04000CD004008E
:1060700038DA0400F703F40E30F00178F105FFFF81
:10608000C0160020200200204CA50020E968012055
:10609000FEF7DAFB04460121308812F0CEFF012121
:1060A00005460C3011F0E9FB047043E7092112F0BA
:1060B000C4FF092105460C3011F0DFFB0346002424
:1060C00003F8014BC0F801405C600646FEF7A2FBF6
:1060D000234661F30703C1F3072262F30F23090C80
:1060E00061F31743090A61F31F63C6F80100C6F89C
:1060F00005301FE7042112F0A0FF042105460C30F3
:1061000011F0BBFB00236FF004010A220370417001
:106110008370C2700EE7EA68C24B1168526819605A
:10612000E9E6EB68188801F07FFB0146308814E649
:10613000EB6808211E8812F080FF082105460C300C
:1061400011F09BFBB7B20446C11C384601F012FBAC
:10615000A4F801602070EDE6E96800224B88088809
:1061600003920C890294CC8801948988009111468D
:1061700001F0BCFA01463088EFE5EB681878F1F7DA
:1061800013FA87E7E96811F8010B01F005F981E7D7
:10619000E96811F8010B01F091F87BE7022112F098
:1061A0004CFF022105460C3011F067FB0023037001
:1061B0004370BFE6EC68A57BA379627921792088DA
:1061C0000295657B01950734009400F0F7FE61E7C6
:1061D000EA689478D1781788B2F80550E30744BF8D
:1061E00041F00301D170A407137940F15C8143F0C1
:1061F0000303137143EA0102032A40F061814A0755
:1062000000F05A8115F003021CBF05F1FF3505F0BF
:106210000102384601F0C4FB014630889DE5EB6879
:106220001A78D1074ABF07205878587092074ABF9A
:1062300007219978997001F0A9FB2BE7EB681F887B
:106240009A885988B8B201F033FB0446032130889C
:1062500012F0F3FE032105460C3011F00EFB047022
:10626000A0F8017066E6EA68178892780023CDE905
:106270000233CDE900330221B8B201F037FAE4E786
:10628000E96800220F884B88039208890290C88829
:10629000019089880091B8B2022101F027FAD4E771
:1062A000092112F0CAFE092105460C3011F0E5FA69
:1062B0005D495E4A01600023426003723AE6EB6882
:1062C0001F8800220621B8B205F028FEBDE7EA6863
:1062D000002132F8027BF6E7092112F0AEFE092117
:1062E00005460C3011F0C9FA002300F8013B0821E3
:1062F00006F03EF91EE6E868002308AA00F1100146
:1063000008F006F93088112112F097FE1121054698
:106310000C3011F0B2FA0646002306F8013B08AC37
:1063200007460FCCC7F801007160B260F36001E668
:10633000EB6805211E8812F080FE052105460C3011
:1063400011F09BFAB7B20446021DE11C384601F079
:10635000FDFAE37822792070002B93FAA3F3B3FAC5
:1063600083F308BF4FF0FF330133E370002A92FA42
:10637000A2F3B3FA83F308BF4FF0FF330133A4F85D
:1063800001602371D6E5092112F057FE0921054667
:106390000C3011F072FA08AB04460DF11A0206A98E
:1063A0000DF1160001F0C6FABDF81620A4F8012080
:1063B000BDF81820A4F80320BDF81A20A4F8052081
:1063C000BDF82020A4F8072000232370B2E5EB6875
:1063D0005988188801F0A4FA5CE6052112F02DFE18
:1063E000052105460C3011F048FA08A904460DF1C4
:1063F0001A0001F089FABDF81A20A4F80120BDF8AE
:106400002020A4F803200023237093E57B2C32D0B6
:106410007C2C7FF4A1ACEB681F885988B8B201F0DE
:1064200025FB12E720020020008FCC30ECC00100D9
:10643000EB689978188801F0C1F9014630888CE43E
:10644000EA68204B69E6EB6804211E8893F8028015
:1064500012F0F3FD042105460C3011F00EFAB7B22C
:106460000446C31C424639460220FEF7D9F9A4F877
:10647000016020705EE5EB681F8808A9B8B201F0E2
:10648000C3FA05210446308812F0D7FD05210546E0
:106490000C3011F0F2F90470A0F80170BDF8203052
:1064A000A0F8033046E541EA0302032A08D84C0766
:1064B00002D05A077FF4A6AE12214EE4079D39E5BB
:1064C00011214AE4C01600202DE9F04700230B609B
:1064D000038A032B2DD9054688460C30042111F080
:1064E0000DFA2B8A4688B0F80090B34232D3FB2EC7
:1064F0002AD801F0A5F84FEA1937BA460446002811
:1065000037D05FEA9A0A19D1E7B1012F16D1237962
:10651000667167F301032371E9683246E01D16F0E6
:1065200006F92146C9F30B0001F096F8C0B9BDE8A1
:10653000F087224A2248012110F0CAFF6FF01500AF
:10654000BDE8F0870227E2E71E4A1D48012110F04E
:10655000BFFFF3E71C4A1A48012110F0B9FFEDE72D
:106560001A4A1748012110F0B3FF204601F06EF8D7
:10657000E4E7174A1248012110F0AAFF154B1B68E7
:106580009B0117D54FF0FF324FF0FF330220F6F793
:1065900017FF0221C8F800000C3011F06EF94FF41B
:1065A0008D730380D8F8000001210C3011F065F9DB
:1065B000012303706FF06800B9E700BF58DA0400E8
:1065C0000CD004008CDA04006CDA0400BCDA04009D
:1065D000A8DA040028020020F8B50E4B1B68DB0681
:1065E00000D4F8BD02F10C0406460D4620460221F7
:1065F00011F043F9034640F205421A802046042177
:1066000011F03BF900270770A0F801503278C270F2
:10661000F8BD00BF28020020024A1368013B136046
:10662000704700BF4CA50020037F03F00303013B2C
:10663000012B01D900DE704770B5044601F10C054D
:1066400028460421E68811F018F9237F03F003039C
:10665000022B0CBF46F4005646F480560680637F3A
:106660004380617F284611F008F9627F04F11F0121
:10667000BDE8704016F05BB82DE9F04184B090F8A9
:1066800004C0C588BCF1030F04AF044600F11C062A
:106690000BD0ACF1170CBCF1060F00F20281DFE861
:1066A0000CF01E5082586FAECD00C37F033B122BFF
:1066B00000F2F780DFE813F0AC01F500F50074019B
:1066C0004C01F5008E01F500F500F5005701F500CD
:1066D000D401F5009501F500F500F700F700F60785
:1066E00000F12B82C34B5B6898004FF000062DD55C
:1066F000C14B1B68DA0729D594F81C80B8F1000F4C
:1067000000F0D38101F10C042046022111F0B5F80C
:1067100041F23E3303800121204611F0AEF80123FF
:1067200003701221204611F0A8F8C0F80160C0F8EB
:106730000560C0F80960C0F80D60467480F80080FC
:1067400004E00A4630462946FFF746FFBD46BDE84D
:10675000F081A84B5B681A044FF00004F6D501F1F4
:106760000C063046022111F088F84FF44C73038078
:106770000321304611F081F80470A0F80150E5E7DC
:106780009E4B1B681B02E1D501F10C04204602213F
:1067900011F073F840F2572303800221204611F0D4
:1067A0006CF80580D2E7934B5B689B00CED5924B8B
:1067B0001B685807CAD501F10C084046022111F0A8
:1067C0005CF840F63E2303800121404611F055F865
:1067D000032303700921404611F04FF8F10700F13F
:1067E000AE81237F0370A0F80150E38BA0F8033043
:1067F000238CA0F80530638CA0F80730A6E77D4B0A
:106800005B689E00A2D57C4B1B6818039ED501F1E6
:106810000C063046022111F030F840F23E4303806E
:106820000121304611F029F814230370032130466A
:1068300011F023F80580237F837087E76D4B5B6839
:106840009A0003D56C4B1B681B0553D4627FA37F52
:1068500094F81CC0002A92FAA2F2B2FA82F208BF9F
:106860004FF0FF32002B93FAA3F3B3FA83F36E4693
:1068700008BF4FF0FF338AB0511C013304A8024611
:10688000436206245E4B8561C0E907C1436142F85B
:10689000104F5C4800234FF44251F4F749FAB546D3
:1068A00054E700DE52E7534B5B689A007FF54EAF2A
:1068B000514B1B685B067FF549AF01F10C06304672
:1068C000022110F0DAFF40F63E330380012130460A
:1068D00010F0D3FF072303700A21304610F0CDFFDC
:1068E0000580A38C4380E38C8380238CC380638CDE
:1068F00003812BE701F10C063046022110F0BDFFA9
:1069000040F23E6303800121304610F0B6FF0C23B5
:1069100003700521304610F0B0FF237F0370A0F80C
:106920000150627F002A92FAA2F3B3FA83F308BF00
:106930004FF0FF330133C370A27F92FAA2F3002A13
:10694000B3FA83F308BF4FF0FF3301330371FDE661
:1069500090F820300E2B00F0E9802B4A29480221C4
:1069600010F0BFFDF2E6234B1B681B067FF5EEAE71
:1069700001F10C063046022194F8204010F07DFF12
:106980004FF4816303800421304610F076FF002C21
:1069900008BF1F2400230470A0F80150C370D5E67F
:1069A000144B1B681A064FF000047FF5CFAE01F1BF
:1069B0000C063046022110F060FF4FF48163038023
:1069C0000421304610F059FF01230470A0F8015053
:1069D000C370BBE60B462A4631460020FFF784F819
:1069E000B4E690F82030094A0648022110F079FDFB
:1069F000ACE600BF2802002020020020C0160020C4
:106A0000D0DA04000CD00400FCDA04000CDB040033
:106A10004C4B5B689E007FF599AE4B4B1B68D806CC
:106A20007FF594AE01F10C063046022110F025FFEF
:106A300040F63E5303800121304610F01EFF05232F
:106A400003700C21304610F018FF034623F8025B58
:106A5000216A626AC0F802105A60238D438175E68C
:106A6000384B5B689E0056D5374B1B68980652D54D
:106A700001F10C063046022110F0FFFE40F63E33D5
:106A800003800121304610F0F8FE062303700A212E
:106A9000304610F0F2FE0580238C4380638C8380A7
:106AA000A38CC380E38C038150E6284A136801F16C
:106AB0000C06013302213046136010F0DEFE41F275
:106AC0003E3303800121304610F0D7FE01230370CE
:106AD0001221304610F0D1FE80F80080A0F801505D
:106AE000637FC370A37F03F001030371D4F81F30E9
:106AF000C0F80530B4F82330A0F80930E38CA0F8D2
:106B00000B30238DA0F80D30638DA0F80F3094F872
:106B10002C3043741AE60023CDE90233CDE900336B
:106B20001A220221284600F0E1FD0FE60B462A4614
:106B300000211A20FEF7D8FF08E600DED2E500DECD
:106B40004FE600BF28020020200200204CA50020B4
:106B500070B500F10C040E4620460221154610F0D7
:106B60008CFE40F2135303800521204610F085FE71
:106B700001230370A0F80160A0F8035070BD00BFAE
:106B80000379032B09D0172B05D0183B052B8CBF9D
:106B900000200320704701207047037F03F00303A8
:106BA000032B14BF05200420704700BF00B583B03D
:106BB0000E4B05990E4ACB1AA2FB032313F47F5FF9
:106BC000C3F387120DD1023200910A4BD2B20121D8
:106BD0000020FDF7ABFD10F0FD0F04D103B05DF810
:106BE00004FB00DEEFE700DEF8E700BF74A500203D
:106BF000ABAAAAAA8D6C030010B402680446506DBB
:106C0000C0B1916D00235365D9B10023936517225C
:106C10000A714FF6FF72CA8001F11C02CB610B6250
:106C20004B628B6213823C230B778C605DF8044BC4
:106C3000FEF7CEBA00DE916D506D0023536500293A
:106C4000E3D100DE916DE0E70E4A0F4B12781A7027
:106C500000B9704710B54B7F01EB830382B01B6A0C
:106C600001911C78FEF73CFB0199814201D102B0F1
:106C700010BD14F00E0F02D14B69002BF7D000DECF
:106C8000F5E700BF916001209060012000B17047DE
:106C9000064B10B502460C46022001219C60FCF711
:106CA0000FFB00B910BD00DE10BD00BF9C05002029
:106CB00003788BB110B50C4B00F11001996082681C
:106CC0007AB90A4C084B0022C0E902411146012062
:106CD000FCF7F6FA18B910BD1030FFF78DBF00DED3
:106CE00010BD00DE9968ECE78C050020F96B03000D
:106CF00038B5134C6569AB6FB3B905F16C0105F19B
:106D00006800FCF757FA0346C0B1AB67286800F08B
:106D10006BFC0025A06D6561FEF748FA606DA56506
:106D2000FEF738FA656538BD00DE05F16C0105F146
:106D30006800FCF73FFA03460028E6D100DEE4E7EE
:106D400074A5002030B52F4C94F85E30D90785B07B
:106D500034D5636953B193F82C2042F0020283F8D2
:106D60002C20636993F82C30DA073DD42548FEF7D0
:106D70009FFA84423BD1237EDB0703AD21D402225C
:106D80000321214B009500200392FDF7CFFC2946FB
:106D9000FEF77CFA18BB1D48FEF7C6FA48BB194837
:106DA000FEF792FA844228D163690BB1FFF7A0FF86
:106DB00094F85E3023F0010384F85E30002005B0C3
:106DC00030BD02210391104B0095032101220020C8
:106DD000FDF7ACFC2946FEF759FA0028CFD0094848
:106DE000FEF772FA84420AD10C2005B030BD00DEF5
:106DF000C1E77830D3D000DED1E700DED4E700DE93
:106E0000F2E700BF74A500200549030084A5002017
:106E100000B50378497802F1FF3C103103F00F030D
:106E2000C9001FFA8CFC062B13D8DFE803F00427F7
:106E300017121212040043781033DB0003F21B32E6
:106E4000881803F5B37313FB0CF3184480B25DF894
:106E500004FB40F253204FF4F373F4E741780CEB5A
:106E60008C03C3EB0310400001F11003DB0000F2C0
:106E70003B1003FB020290B25DF804FB40F2E330EA
:106E800040F21623DFE700BF30B54FF6FF718BB03D
:106E90008B429DF838500F9C19D021780131C9B22E
:106EA000217000294CD02849C1E900028A7A0B815F
:106EB00065F30002254B8A7204F110000022C860BD
:106EC000996001201146FCF7FBF900283AD1207E99
:106ED00010F0010505D11E4A1E4B11781B788B421C
:106EE00001D00BB030BD0133042109A8137005F0A7
:106EF0005BFB099B184A0694A2FB0321174A0095E5
:106F0000A21A174CA4FB02425C1A01EB540140F296
:106F1000471C090A92090CFB1133023211490591F1
:106F20000133CDE90355CDE901552846D2B20121FF
:106F30000993FDF7E3FB10F0FD0FD2D000DED0E7A0
:106F400000DEB0E700DEC2E7C81600207C050020A6
:106F5000916001209060012021F1D49074A500205F
:106F6000ABAAAAAA496C030010B5134C204605F041
:106F700085FE04F10C0005F081FE34F8043C6278D3
:106F800023F4437304EB820223F00203526843F0BC
:106F90000E0324F8043C062100234FF4006CA4F8EF
:106FA00040C013705170637B04EB830004220369BB
:106FB0001A70597010BD00BF90A500202DE9F04354
:106FC000684C1F46684B94F85E6080468E4693E896
:106FD000030083B016F001069DF82CC09DF83030F8
:106FE00000908DF8041040F0A1800CF0070C03F025
:106FF00003034FEA4C0C4CEA032C0EF10803BEF1DC
:10700000010F0DEB030E238B23F4437323F00203D4
:107010004CEA030C637FA4F818C004EB830308BF99
:107020004FF00008A4F85C80D3F8208015461EF8C5
:10703000082C98F8001002F00E0321F01F0002F057
:107040000F02B3FA83F35B09024363F3451288F836
:10705000002002F00F02012A01F00F012ED098F853
:107060000130F3B998F8003005F0010565F3861397
:1070700023F0800388F80030062388F8013094F864
:107080002930246104EB8304AD01E36A5A7845F0AA
:1070900004051D700AB906225A70304603B0BDE8D7
:1070A000F083012934D098F8003005F0010565F32C
:1070B000861323F0800388F80030E0E701290FD021
:1070C00098F80120BABB84F8346098F8003003F0D7
:1070D0000F03012B04D098F80130002BC2D0E2E757
:1070E00008F1080998F8003005F0010565F38613EA
:1070F00067F3C71388F800300A9B1B68C8F808308C
:107100000A9B9B88A9F804300C2388F80130B6E765
:1071100094F8342004F1350108F1080015F007FB5C
:1071200094F83430063388F80130BCE70C2630463A
:1071300003B0BDE8F083052A10D9063A08F1080922
:10714000D2B20A4884F83420494615F0F0FA98F88B
:10715000003003F00F03012BBDD1C3E700DE98F828
:107160000120EAE774A5002058D10400A9A5002059
:1071700008B5FFF7F9FE002008BD00BF08B5FFF70E
:10718000E1FD002008BD00BF08B5064805F086FDFA
:10719000044B03F10C0005F081FDFFF7E5FE002034
:1071A00008BD00BF90A50020034A044B801AA3FB32
:1071B0000030C0F38F10704774A50020ABAAAAAAB4
:1071C000044A0068044B801AA3FB0030C0F38F1000
:1071D000704700BF74A50020ABAAAAAA28B9044B27
:1071E00093F85E0000F0010070470020704700BF78
:1071F00074A500201F2956D82DE9F041437F00EBEC
:10720000830382B01F6A3B7803F00F03012B0E4605
:107210000546904649D00DF107011C3005F088FD68
:107220003A78037802F00F0223F01F031343037030
:107230003B780278C3F3401363F3451202703B7846
:10724000D2B2C3F38013394663F38612027011F889
:10725000023BD2B2DB0963F3C712044600F8022BEB
:10726000062215F072FA3246414604F1080006364D
:1072700015F05DFA667095F85E30DB0706D49DF870
:1072800007306B77002002B0BDE8F08195F8293017
:1072900005EB83032146DA6A2846F0F729FB00282C
:1072A000EDD00C20EFE71220704780F834100A462A
:1072B0003530414615F03BFAE4E700BF03460A4685
:1072C00001481946FFF796BF74A500201F295FD813
:1072D0002DE9F04190F8293000EB830382B0DE6A9B
:1072E0000F460446904600F12805002E41D028465E
:1072F0000DF1070105F01CFD037823F03F03314633
:1073000043F00403037011F8022BDBB2C2F38012C6
:1073100003F03F0343EA82130370BB1D437005462D
:107320000622023015F011FA3A46414605F10800EE
:1073300015F0FDF994F85E30DA0707D49DF80730B0
:1073400084F82930002002B0BDE8F081627F04EBB0
:1073500082024123116A0A7802F00F02D340DB0750
:10736000ECD52A462046F0F7C3FA0028E6D00C20D8
:10737000E9E7284605F082FCC0B258B994F82930F4
:1073800004EB8303DE6A0423337006237370AEE7D5
:10739000122070470720D6E703460A4601481946DF
:1073A000FFF794BF74A50020054B002210B51146CD
:1073B00098600120FBF784FF00B910BD00DE10BD0E
:1073C000AC05002083685A6892F82730DB09014633
:1073D00001D100DE70470831F0F75ABE2DE9F041C7
:1073E0000668254982B004464FF4D4723046FBF754
:1073F000BDFE04F16805214605F016FFE06E01AA06
:107400002946FBF7F3FE08B3DFF870804FF6FF77ED
:1074100098F8792098F87810531CDBB20F2B08BF2E
:107420000023994223D008EBC20128F83270019A58
:107430004A6012680260019A106088F87930E06E44
:1074400001AA2946FBF7D2FE0028E1D1D6F868014F
:1074500006F5B47138B10023C6F86831FEF722F89A
:1074600002B0BDE8F08100DED6F86801F3E700DE87
:1074700000231B80FFDE00BFD816002098B000203C
:1074800010B50C4630B92046FDF73CFF844200D0D1
:1074900000DE10BD00DEF6E710B50C4630B9204620
:1074A000FDF724FF844200D000DE10BD00DEF6E7C9
:1074B00010B50C4640B9074B0246012102209C60E2
:1074C000FBF7FEFE20B910BDFDF70AFF8442FAD09B
:1074D00000DE10BDCC05002000B9704700B583B0B8
:1074E0000191FDF71BFF0199814202D103B05DF8C4
:1074F00004FBFDF7F5FE01998142F7D000DEF5E7C8
:1075000038B51848184B194D194C01224FF4D47155
:10751000FBF7D8FD00224FF4D4711248FBF722FE8E
:107520004FF6FF738384134B0A22181D4FF48271A8
:10753000FBF7C8FD104B0E22181D0821FBF7C2FDFA
:1075400001F0C4FF0D480E490E4A03234FF01B0CF7
:107550002B70A0F800C000254FF4A47025600880AF
:10756000137038BDD8160020F4A5002093600120C8
:1075700070B100206CA60020F8A50020FE5F01205D
:10758000FC5F01209260012010B5037883B1104B9D
:1075900000F1100199608268BAB90E4C0C4B0022C0
:1075A000C0E9024111460120FBF78AFE58B910BD1F
:1075B00003F0FF02084B1030986011460120FBF7E2
:1075C0007FFE0028F3D000DE10BD00DE9968E4E7FE
:1075D000BC050020A9730300AC0500200148FBF79F
:1075E00097BD00BFF4A500200149FBF7A7BD00BF70
:1075F000F4A5002002494FF4D472FBF7B7BD00BFD9
:10760000D8160020024620B903484FF4D471FBF786
:10761000A9BD0020704700BFD816002060B908B58A
:1076200002464FF4D4710548FBF79CFD10B1838CE2
:1076300003B908BD002008BD00207047D8160020FF
:107640000148FBF765BD00BF6CA600200149FBF7B0
:1076500075BD00BF6CA6002000283DD138B502469C
:107660000D461F484FF4D471FBF77CFD0446F0B182
:10767000828CE2B91B4890F859C090F858100CF170
:107680000103DBB20B2B08BF0023994221D020F865
:107690003C2000EBCC0CCCF8045080F85930237817
:1076A00043B994F93730002B0EDB002038BD6FF062
:1076B000150038BD0C4B012103209C60FBF700FE38
:1076C00094F93730002BF0DA0021204604F000FC5A
:1076D000EBE76FF0680038BD6FF01500704700BF32
:1076E000D816002014B10020DC0500202DE9F04759
:1076F00082B0BDF82870BDF82C80BDF8309098B9E4
:107700000C4615464FF4D471024619481E46FBF745
:1077100029FD824640B1838C33B96CB1022C07D06D
:10772000012002B0BDE8F087022002B0BDE8F0877A
:10773000ADB902F017F90EE00D9B0193CDF8009062
:1077400043463A46314602F097F80028EDD19AF9BF
:107750003730002B07DB002002B0BDE8F087294658
:1077600002F010F9F7E70146504604F0B1FBF2E7EA
:10777000D8160020E8B938B502460C460E484FF43A
:10778000D471FBF7EFFC054650B1838C43B902F08E
:1077900005F838B10368236003792371002038BDF0
:1077A000022038BDD5F83230236095F83630237189
:1077B000F4E70220704700BFD816002038B510B19A
:1077C0000224204638BD02460C4615484FF4D471B9
:1077D000FBF7C8FC054600B3838CF3B91A2C15D807
:1077E000042C17D90F4BE340DB0713D5214628465D
:1077F00001F0BAFF04460028E3D195F93730002B99
:10780000DFDA0146284604F063FBDAE7292CEDD0E5
:107810003B2CEBD01224204638BD0C24204638BD2A
:10782000D81600202000380438B5A0B902464FF41D
:10783000D4710D48FBF796FC054660B1838C53B9B3
:10784000012101F03FFF044618B995F93730002BAC
:1078500004DB204638BD0224204638BD01462846B8
:1078600004F036FB204638BDD816002038B598B94C
:1078700002464FF4D4710D48FBF774FC054658B12D
:10788000838C4BB901F036FF044618B995F93730AF
:10789000002B04DB204638BD0224204638BD0146BB
:1078A000284604F015FB204638BD00BFD81600203E
:1078B00070B5D8B90D4616464FF4D471024611483A
:1078C000FBF750FC044688B1838C7BB9D0F840317B
:1078D0009B060ED52946324601F072FF054618B9BF
:1078E00094F93730002B07DB284670BD0225284667
:1078F00070BD1A25284670BD0146204604F0E8FAFE
:10790000F2E700BFD8160020034A044B12881B88F8
:1079100002800B80704700BFFE5F0120FC5F0120EA
:10792000024A034B1080198000207047FE5F01203F
:10793000FC5F01204FF0FB0CA0F800C040F64800AF
:10794000A2F800C008801880704700BFC8B938B5D9
:107950000D4614464FF4D47102460B48FBF702FC67
:10796000034660B1808C50B993F87620C2F30202CE
:107970002A7093F87730C3F30203237038BD0220D6
:1079800038BD0220704700BFD8160020024A034BC2
:1079900010701970002070479360012092600120E0
:1079A000F0B583B000BB0F4616464FF4D4710246C3
:1079B00014481D46FBF7D6FB0446A8B1838C9BB93F
:1079C000D0F84031DB0513D52B4601250095324612
:1079D000394601F0A1FE054618B994F93730002B5D
:1079E0000ADB284603B0F0BD0225284603B0F0BDEF
:1079F0001A25284603B0F0BD0146204604F068FA77
:107A0000EFE700BFD816002048BB10B502460C4671
:107A100014484FF4D471FBF7A5FBF0B1838CE3B9A4
:107A2000C28CB0F88C311049052A0BD802FB033305
:107A30004FF4FA7202FB03F3A1FB03135B0B2380E9
:107A4000002010BD02FB03F340F2E24202FB03F30D
:107A5000A1FB03135B0B2380F2E7022010BD022081
:107A6000704700BFD81600205917B7D150BB10B5CA
:107A700002460C4614484FF4D471FBF773FBF8B17F
:107A8000838CEBB9C38C42F2107202FB04F1052B1C
:107A900001F1FF310AD84FF4FA7203FB02231944B3
:107AA000B1FBF3F1A0F88C11002010BD40F2E242CE
:107AB00002FB03F31944B1FBF3F1A0F88C11F3E7D7
:107AC000022010BD02207047D816002008B5FFF72D
:107AD00017FD002008BD00BF38B51B4800224FF439
:107AE000D471FBF73FFB044660B304F1100221465A
:107AF0000320FDF743FC054610B110F1780F0CD1BF
:107B00000025124A124BC4F88850A2F85850A3F826
:107B10007850FFF7F5FC284638BD40F24D730D4A0A
:107B20000D490E480FF007F80D482A4600210FF0C6
:107B300002F8002383F31188BFF36F8F03231846E5
:107B400002DFDDE700DED0E7D816002014B1002008
:107B500098B0002030DB040070DB040088DB0400F8
:107B6000A8DB0400014B1878704700BF9360012028
:107B7000014B1878704700BF926001200B4689685E
:107B800018600A68107828B1916851B90849C2E9AB
:107B9000021370474A6892F82710C90903D100DE22
:107BA000704700DEF2E703F108011846F0F770BAFB
:107BB000C57303000B68DA889ABB70B50C4606469D
:107BC0004FF4D4711848FBF7CDFA0546D0B1838C39
:107BD000C3B901F013FF2268137F03F00303032BE3
:107BE00008D101231371226831462846BDE8704050
:107BF00001F018BF53B195F862319A0705D53D23BE
:107C000085F86431236801221A7170BD95F86231DC
:107C10009B0703D53D2385F8643122680123137146
:107C200070BD01221A717047D816002010B5B0F847
:107C300024C004464FF6FF7084450CD0A4F82431CC
:107C40002046C4E9471201F0CFFC94F8623113F0EA
:107C5000010002D110BD00DEF0E723F0010384F83B
:107C600062316FF08B0010BD70B51C4C064694F865
:107C700059201BE0FBF776FA03466968E0301BB336
:107C80009B8C0BBB01F082FA94F8581094F85920A1
:107C90004B1C8A4206F1FF30DBB204D00B2B08BF2D
:107CA000002384F8583010F0FF0616D094F85830AE
:107CB0000B4893424FF4D4710FD034F8332004EBC7
:107CC000C305002AD6D069680B7923F003034FF669
:107CD000FF700B71FDF7BCFAD6E770BD14B1002040
:107CE000D8160020F0B5314B1A68904208BF002228
:107CF00083B008BF1A60828CA0F86E21182380F828
:107D00006C31054680F88411012101F077FC05F102
:107D1000E006284601F086FC304601F01FFA3046A6
:107D200001F054FA044628B3037903F00303032B4C
:107D30000CBF0346002303601D4805F17C07FBF7D9
:107D4000E7F9A8B121463A46FBF73EFA304601F082
:107D50003DFA044670B1037903F00303032B0CBF13
:107D60000346002303601248FBF7D2F90028E9D14B
:107D700000DEE7E7AA8C0F4B00950332D2B2012157
:107D80000020FCF7D3FC10F0FD0F08D14FF6FF7375
:107D9000FF20AB8403B0BDE8F040FFF765BFFDF7FF
:107DA0009FFA8542F2D000DEF0E700BF70B10020FC
:107DB000F8A50020B174030038B505460120FFF78F
:107DC00053FF05F1E00001F001FAA8B1037903F0D7
:107DD00003030446032B0CBF2346002307482360FC
:107DE000FBF796F930B105F17C022146BDE8384039
:107DF000FBF7EAB900DEF6E738BD00BFF8A50020C2
:107E000021B3F8B54D1EEDB200F1E00700F17C069C
:107E100012E0237903F00303032B0CBF2346002356
:107E20002360FBF775F978B1013D32462146EDB28A
:107E3000FBF7CAF9FF2D06D0384601F0C7F9044612
:107E40000348002CE5D1F8BD00DEEDE7704700BF28
:107E5000F8A500200149FBF771B900BFF8A5002083
:107E6000014B93F87900704798B0002000B50A4B99
:107E700093F878C093F879E0F4450BD080F800E0EF
:107E800033F83C00088003EBCC035B681360186890
:107E90005DF804FB0020FBE798B00020074B93F847
:107EA00078C0844508D003EBCC0033F83C300B801D
:107EB00043681360186870470020704798B000202E
:107EC000094A92F8781092F879308B4209D04B1C0D
:107ED000DBB20F2B08BF002352F8310082F8783054
:107EE00070470020704700BF98B0002000B50D4AD1
:107EF00092F879C092F878E00CF10103DBB20F2B15
:107F000008BF00239E4509D022F83C0002EBCC0CB0
:107F1000CCF8041082F879305DF804FB00DE002311
:107F20001B80FFDE98B0002070B5537914460546DB
:107F30000E46002B39D0237903F00302032A0CD01C
:107F40004FF6FF72954204BF23F0030323712146CD
:107F50002846BDE87040FDF77BB94FF6FF739D42A0
:107F600006D13368A3421AD0002BF0D000DEEEE732
:107F7000EDB913482A464FF4D471FBF7F3F8E0B19A
:107F8000214601F01DFD3368A342EDD10C480022CB
:107F90004FF4D471FBF7E6F808B1838C03B10020ED
:107FA0002146BDE8704001F0E3BA00DEC3E700DE21
:107FB0000020214601F004FDD3E700DEE0E700BF2A
:107FC000D816002090F86620B0F85C30C2F3021298
:107FD000022A14BFDB089B0890F87E20B0F85800F6
:107FE00014BF0A3B0B3B9BB2D20644BF043B9BB27F
:107FF000984228BF18467047704700BF90F862311A
:1080000043F0020380F86231704700BF90F862319C
:1080100023F0020380F86231704700BFB0F860318E
:10802000B0F82421981880B2704700BF0278038E00
:1080300012B1581E80B27047418DB0F824215818F3
:10804000104480B2704700BF10B504460B68C4F8F6
:10805000323032300B7903710521FBF74BFA94F87B
:10806000373060F3050384F8373010BDB0F8703056
:1080700040F6480C634528BF6346B3F5A47F38BF7C
:108080004FF4A473A1F800C01380704700B5B0F896
:108090006020B0F85A1003468A4290F87700B3F88F
:1080A0005EC028BF0A4600F00700B3F864101B2A20
:1080B00038BF1B22042814BF4FF4A4704FF429606A
:1080C000614528BF61468142B3F86EC038BF0146A2
:1080D0008C45B3F86A0044D08242A3F86E1001D0F8
:1080E000A3F86A2093F8D12042F00202012083F81D
:1080F000D120B3F858C0B3F8622093F87610B3F8E3
:108100005CE0624528BF624601F007011B2A38BFC8
:108110001B220429B3F8661014BF4FF4A47C4FF45B
:10812000296C714528BF71466145B3F86CE038BFD2
:1081300061468E45B3F868C017D06245A3F86C104D
:1081400001D0A3F8682093F8D12022F0020283F82E
:10815000D12093F8D1200120024383F8D1205DF88B
:1081600004FB8242BCD10020C3E76245E9D193F809
:10817000D11041EA510202F0010221F003010A4349
:1081800083F8D1200028E4D15DF804FBB0F860202A
:10819000B0F85A1003468A4290F87700B3F85EC0F0
:1081A00028BF0A4600F00700B3F864101B2A38BF46
:1081B0001B22042814BF4FF4A4704FF429606145BA
:1081C00028BF61468142B3F86EC038BF01468C4576
:1081D000B3F86A000DD09042A3F86E1001D0A3F856
:1081E0006A2093F8D12042F00202012083F8D120C6
:1081F00070479042F3D10020704700BFB0F8622072
:10820000B0F8581003468A4290F87600B3F85CC084
:1082100028BF0A4600F00700B3F866101B2A38BFD3
:108220001B22042814BF4FF4A4704FF42960614549
:1082300028BF61468142B3F86CC038BF01468C4507
:10824000B3F8680014D08242A3F86C1001D0A3F8F0
:1082500068204FF0010C93F8D1106046C1F3400242
:1082600042EA0C0221F003010A4383F8D12070474F
:108270008242ECD193F8D110002001F0010CEDE71F
:1082800040F648039A4228BF1A46FB2928BFFB2123
:10829000B2F5A47F944638BF4FF4A47CA0F87210C6
:1082A000A0F87020A0F85E30A0F85CC0A0F85810CC
:1082B000704700BF38B500228266C266A0F87420FD
:1082C0002B4A128801F00303FB2A28BFFB2203F587
:1082D000847C2833C1F34001A0F87220A0F8582014
:1082E000DB00FB22A0F85A2023FA01F24FEACC036C
:1082F000CB40A0F85E301F4B90F877101B8840F6FB
:10830000480C634528BF6346B3F5A47F01F007011D
:10831000A0F8703038BF4FF4A473042914BF4FF491
:10832000A47C4FF4296C90F8D110A0F85C309445EF
:1083300093B2044638BF9446A0F8643041F002027C
:10834000A0F866304FF01B151B23A0F86A3080F8A8
:10835000D1200566A0F86EC0FFF750FF94F8D13029
:108360000122134384F8742084F8D13038BD00BF53
:10837000FE5F0120FC5F012008B50022D0E91E014C
:10838000FAF72CFFB0FA80F0400908BDF8B50646B0
:108390000C4600F0F9FF054688B32F1D384602F061
:1083A000FDFAEB7963732946304601F003F8304655
:1083B00003F004FBAB68EA68C4F84720C4F8433014
:1083C0002B69C6F8AC30A5690023A361ADB10323C6
:1083D0002F792B71B38CEB8005F11C01204602F044
:1083E000C5FA2E2F02D00423A372F8BD28682946AF
:1083F000FCF7EEFE0423A372F8BD00DEE7E700DE23
:10840000CBE700BF70B504460D4600F0B5FF10B9CC
:108410000623AB7270BD04F18F063346002205F1CE
:108420003B0105F12B0006F073F8D4F89710C4F85F
:10843000B810D4F8A810D4F88F00C4F8C910D4F834
:10844000AC10D4F89B20C4F8B000C4F8CD100020C4
:108450000021C4E93001D4F8933094F8C810C4F86E
:10846000BC2094F8A720C4F8B430002363F30001C3
:1084700084F89F3084F8A03084F8A13084F8A230CA
:1084800084F8A33084F8A43084F8A53084F8A630AA
:1084900042F0010384F8C81084F8A730294620462A
:1084A00000F072FF0646A8B1301D02F08FFAF37992
:1084B0006B733146204600F07DFF204603F07EFAC4
:1084C0004FF4C1636B8194F88E3043F0080384F855
:1084D0008E3070BD00DEE7E770B50C46897A82B059
:1084E00005460D2900F22E81DFE801F05F676A9BE7
:1084F0009F07070C1836393E5053002A00F0A7801A
:1085000002B070BD002AFBD12146284600F034FF9E
:10851000002840F0F1800723A372F1E7022AEFD18F
:10852000A0690023A361002800F0298103230371BF
:10853000AB8CC380237A052B00F00981062B00F059
:10854000038100DE2146284600F016FF002840F097
:10855000AA800923A372D3E7002AD1D1F2E7002A27
:10856000CED10B23A372CBE7072AC9D1284601211C
:1085700000F024FF2846FFF741FD2146284600F081
:10858000FBFE002871D10C23A372B9E7002AB7D1F2
:10859000F3E7082AB4D140F20233638195F88E30B4
:1085A00023F0100385F88E30AAE7002AA8D1237A99
:1085B000062BD6D00223A372A2E7002AFAD09FE7A7
:1085C000012A9DD111462846019300F0F7FE284666
:1085D000FFF714FD284601F045FF019B5A68996892
:1085E000C4F82510C4F821201A7B84F829205A7B6E
:1085F00084F82A20D3F80E20D3F81210C4F83F10C4
:10860000C4F83B20D3F81630C5F8A83021462846D8
:1086100000F0B2FE10BB204600F0F0FE0323A37270
:108620006EE7002A7FF46CAFF0E7032A0CD0042A2F
:108630007FF466AF062140F20362072384F820101E
:10864000A4F84D20A3725BE70523A37258E72146E7
:10865000284602B0BDE87040FFF7D4BE2146284648
:1086600002B0BDE87040FFF791BE2146284600F0F9
:108670008BFE0646002800F08480301D02F0BAF917
:10868000F37963733146284600F094FE284603F0E0
:1086900095F940F60D33638195F88E3023F0080389
:1086A00085F88E302CE72146284600F06DFE064600
:1086B000002868D0301D02F093F9F37963733146D6
:1086C000284600F077FE284603F078F9284603F0A4
:1086D000CDFA0023A3720121284600F083FE28462C
:1086E000FFF794FC284601F0C1FE95F88E3043F068
:1086F000100385F88E3003E72146284600F044FE3B
:108700000646002841D095F8303194F84E10301DBF
:108710001BB1D5F840315B071DD402F075F9F37930
:1087200063733146284600F045FE284603F046F9BB
:10873000284603F09BFA94F82030062B11D0242B06
:108740003FF4DEAE00DEDBE61A230371FAE61C30EE
:1087500002F046F9F6E60A4694F84D1002F060F988
:10876000DDE70121A172284600F03CFE2846FFF714
:108770004DFC284602B0BDE8704001F077BE00DE37
:10878000D4E600DE79E700DE94E700DEBBE700BF59
:1087900092F81FC0ACF1030C02F11C03BCF1080FEE
:1087A00006D8DFE80CF01205050F0505050C0900D9
:1087B0003D2380F8643170470822FFF78DBE072201
:1087C000FFF78ABE0222FFF787BE0122FFF784BEB1
:1087D0008B7A042B06D002D9053B082B00D87047B2
:1087E00000DEFCE705238B72704700BF8B7A042BF9
:1087F00006D002D9053B082B00D8704700DEFCE705
:10880000062040F20362072381F82000A1F84D20E2
:108810008B727047887AA0F10400B0FA80F04009AA
:10882000704700BF13460022FFF756BE70B591F89F
:108830002C30042B0C460ED991F82D20112184F8F0
:1088400028100125134313F0070312D184F82830B0
:108850000125284670BD032B07D091F82D20042A4E
:10886000ECD8032A01D00025ECE7112384F8283046
:108870000125668DFFF7DAFB801B0304E9D428236A
:10888000E4E700BFF0B50E4683B00DF1060201A982
:10889000B0F86C50B0F86E700446FFF7E7FB96F83E
:1088A0002D201ABB96F82C30002B5CD1B4F86C301C
:1088B000AB420ED3BDF806209A420AD3B4F86E300C
:1088C000BB4206D3BDF804209A4202D3002003B075
:1088D000F0BD94F8D130A4F86C5043F001030120AE
:1088E000A4F86E7084F8D13003B0F0BD94F937006D
:1088F000002802DB96F82C30EBB194F8761094F84F
:10890000685001F003032B440D33DB00C1F3400139
:10891000CB409BB2BDF80650B3F5A47F38BF4FF4EF
:10892000A4739D4228BF1D4612B3002803DA96F8AF
:108930002C30002BBAD094F8772094F86A10BDF848
:10894000047002F003030B440D33DB00C2F340025A
:10895000D3409BB2B3F5A47F38BF4FF4A4739F42BA
:1089600028BF1F46A2E794F937000028C5DAE2E7DE
:1089700096F82C30002B99D0002897DADBE700BF5F
:1089800010B50C4689690023A36131B394F82130F6
:10899000DB071DD50B792E2B1DD11D230B71838C6D
:1089A000CB8094F828300B7790F87730C3F302032C
:1089B0008B7790F87630C3F302034B770868FCF7A7
:1089C00007FC94F8213023F0010384F8213010BD16
:1089D00001230B71F2E700DEDFE700DED6E700BF20
:1089E00038B591F821304D6A9B070C4603D4BDB1D0
:1089F00001232B7108E0A5B103232B71838CEB803D
:108A000005F11C0102F05CF928682946FCF7E0FB3F
:108A100094F82130002223F00203626284F82130AE
:108A200038BD00DEE8E700BF70B50C46054600F033
:108A3000BFFC6062C0B1637BE66966610022172BF0
:108A4000E26109D000DE2846314600F0B3FC28463A
:108A5000BDE8704002F0B2BF311D284602F01AF89E
:108A600041F603036381EEE700DEE4E770B5CB690E
:108A70000C460646002B4CD0637B162B2ED196F964
:108A80003730002B2ADBE56965610023E36194F848
:108A9000203096F89C21C3F3C20363F3C50286F825
:108AA0009C2194F8202096F89C3162F3020386F80A
:108AB0009C3194F8203096F87620C3F3801363F34A
:108AC000C30286F87620291D204601F0BFFF02214F
:108AD000304600F073FC0223A37211E000F060FC4A
:108AE00010B90723A37270BD00F062FC606290B100
:108AF000637BE56965610022162BE261C7D000DE69
:108B00003046294600F056FC3046BDE8704001F082
:108B1000B1BC00DEB0E700DEEAE700BF38B50546CD
:108B20000C4601F097FC10B10123A37238BD284612
:108B300002F032FF0028F7D12146284600F01CFC45
:108B40000028F1D0284602F025FF0728ECD028465F
:108B5000012102F019FF28460D2102F019FF16230A
:108B600021466373284600F00FFCE0612146284649
:108B7000BDE83840FFF77ABF38B505460C4602F02D
:108B800015FF10B10223A37238BD2146284600F01C
:108B9000F3FB0028F6D0284602F0FCFE0728F1D0AF
:108BA0000D21284602F0F4FE172363732146284660
:108BB00000F0EAFBE06158B100F0F2FB10B90723C6
:108BC000A37238BD21462846BDE83840FFF72CBFC8
:108BD00000DEF1E770B50C46897A82B0064615468C
:108BE000092906D8DFE801F0080D454805056B8B1B
:108BF00097B800DE02B070BD002DFBD10123A37237
:108C0000F8E71946204601F037FF94F8202096F83F
:108C10009C31C2F3C200C3F3C2010140C2F302009F
:108C2000034043EAC10322F03F02134384F820309B
:108C300096F93730002B0BDB94F8203013F0380F07
:108C400040F09E8094F8203023F03F0384F82030D9
:108C50000221304600F0B2FB012DCBD196F837301F
:108C6000DB09C6D02146304602B0BDE87040FFF7B0
:108C700083BF002DBED1F5E7022DBBD190F937306F
:108C8000002B80F2C380644B96F8762093E80300B3
:108C900094F8203002AD134305E9030003F0070305
:108CA0006B4402211B78304663F30612062386F8D4
:108CB0007620A37202B0BDE8704000F093BB032D94
:108CC00098D11946204601F0FBFE21463046FFF7B9
:108CD000ADFD0546204600F091FB002D5BD094F8D9
:108CE000283096F87620282B08BF86F86431134682
:108CF000092162F3061386F87630A1727AE7002D17
:108D00007FF478AFE369002B74D000F049FBD8BB47
:108D10000723A3726EE7002D7FF46CAFFFF77EF997
:108D2000638DC01A03043FF565AF84F8285096F9A7
:108D30003730002B35DB002294F8213062F300033A
:108D400084F8213096F876201346092162F3061341
:108D500086F87630A1724DE7042D7FF44BAF2146A3
:108D6000FFF70EFE21463046FFF73AFE304602F08E
:108D70007DFF0021304602F00BFE0023A37239E78D
:108D80005A077FF465AF5DE72146304602B0BDE883
:108D90007040FFF749BE304602F016FE0823A3726A
:108DA00028E794F82D1096F8772094F82C3011F0DD
:108DB000030102F007051FD096F87600844661F3A0
:108DC000020C13F0030386F876C000F007001FD0F2
:108DD00063F30202884286F8772014D02146304699
:108DE000FFF750FD94F8213060F34103012284F82D
:108DF0002130A1E700DE88E713F003039BD063F383
:108E0000020286F877209D42E8D194E700DE3AE737
:108E10008842E3D18FE700BF60D1040070B5D37FF3
:108E2000112B05460C4602F11C0625D0182B09D043
:108E3000072B10D0242380F8643101F0C1FB0023FC
:108E4000A37270BD8B7A062B3DD088BF073B022BE7
:108E5000F7D900DE70BD8B7A062BF6D1002102F027
:108E600093FDD5F840311A2223F48073C5F84031C0
:108E7000204684F828200FE08B7A062BE5D1314676
:108E8000204601F0DBFD94F84E3084F82830284667
:108E9000002102F079FD204600F0B0FA94F821306C
:108EA00043F0010384F8213095F876201346092613
:108EB00062F3061385F87630A67228460221BDE8D3
:108EC000704000F08FBA90F93730002B3FDA022162
:108ED000284602F059FD3146204601F0F1FD2146B9
:108EE0002846FFF7A3FC0646204600F087FA9EB905
:108EF00094F82D302BB195F8762063F3061285F89F
:108F00007620284601F0C0FA0823A37228460221E1
:108F1000BDE8704000F066BA0021284602F034FD3A
:108F200094F828300BB185F8643194F8203094F827
:108F30002120DB0963F3000284F8212095F87610E4
:108F40000A4661F30612092385F87620DDE700DE84
:108F5000BDE700BF38B58B7A0C460546092B06D80D
:108F6000DFE803F0070706050505060B0F0600DE20
:108F700038BDBDE83840FFF7D1BDBDE83840FFF748
:108F800075BDFFF74BF8638DC01A0304F0D495F953
:108F90003730002B19DB0021284602F0F5FC94F84D
:108FA0002030002284F82820DB0994F8212063F384
:108FB000000284F8212095F876201346092162F3F7
:108FC000061385F87630A17238BD94F82D1095F807
:108FD000772094F82C3011F0030102F0070C24D014
:108FE00095F87600864661F3020E13F0030385F8C8
:108FF00076E000F0070022D063F30202884285F891
:10900000772019D021462846FFF73CFC94F8213000
:1090100060F3410384F821300021284602F0B4FCBB
:109020000022012384F82820BFE713F00303B2D005
:1090300063F3020285F877206345E3D1ABE788420A
:10904000E0D1A8E791F80AC0BCF1020F08D000D81F
:109050007047ACF1060CBCF1030FF9D900DE704784
:109060000B4690F83710C9090246F7D030B51049C1
:1090700090F8764093F820E003C983B044EA0E0EDE
:1090800002AD05E903000EF0070EEE4461469EF8BE
:10909000000041F6060C60F30614104682F8764094
:1090A000A3F80AC003B0BDE8304000F09BB900BF90
:1090B00060D1040038B58B7A082B04D8033B022B0F
:1090C00000D800DE38BD092BFBD105460C46FFF762
:1090D00057FC21462846FFF783FC284601F070FA2A
:1090E0000021284602F054FC0023A37238BD00BFC3
:1090F00010B592F81FE0BEF1160F02F11C0310D05C
:10910000BEF1180F08D024230C4680F8643102F019
:10911000ADFD0023A37210BDBDE810400322FFF790
:1091200059BDBDE810400122FFF754BD134600228F
:10913000FFF750BD13460222FFF74CBD0023042267
:10914000FFF748BD0023C0E90133C0E903330370D2
:10915000704700BF037801330370704703785BB931
:10916000C3687BB102691AB1816861B10B6082602A
:109170000023C0E903337047013BDBB20370002BCF
:10918000EED0704770474360F1E700BF03783BB112
:1091900000230C300B60436843B119604160704795
:1091A000002304300B604368002BF6D1C0E90011A6
:1091B000704700BF00230B60836813B119608160A2
:1091C0007047C0E901117047406870470346406826
:1091D00028B1996802685A60884208BF9A6070474F
:1091E0004078A0F10C00B0FA80F04009704700BF51
:1091F0004078A0F10800B0FA80F04009704700BF45
:109200004078A0F10200B0FA80F04009704700BF3A
:109210004078A0F11700B0FA80F04009704700BF15
:109220004078A0F10100B0FA80F04009704700BF1B
:109230004078A0F10900B0FA80F04009704700BF03
:109240004078A0F10600B0FA80F04009704700BFF6
:109250004078A0F11800B0FA80F04009704700BFD4
:109260004078A0F10300B0FA80F04009704700BFD9
:109270004078A0F10500B0FA80F04009704700BFC7
:10928000F8B5064608460D46F9F742FF044680B198
:109290000027C0E90577456006722C223946203048
:1092A00013F06CFA4FF47F43FF2262726381A38153
:1092B000A7732046F8BD00BF4078A0F10200B0FAC5
:1092C00080F04009704700BF4078A0F10200B0FA7A
:1092D00080F04009704700BF4078A0F10200B0FA6A
:1092E00080F04009704700BF4078A0F10100B0FA5B
:1092F00080F04009704700BF4078A0F10100B0FA4B
:1093000080F04009704700BF4078A0F10100B0FA3A
:1093100080F04009704700BF4078A0F10900B0FA22
:1093200080F04009704700BF4078A0F10900B0FA12
:1093300080F04009704700BF4078A0F11800B0FAF3
:1093400080F04009704700BF4078A0F10300B0FAF8
:1093500080F04009704700BF4078A0F10300B0FAE8
:1093600080F04009704700BF416809B1F9F7E6BED7
:1093700000DE4168F9F7E2BE024B1868003818BFFA
:1093800001207047FC05002010B50448F9F7C0FE25
:1093900004460430FEF730FE204610BDFC050020D8
:1093A00008B50120FBF728FF003818BF012008BDD1
:1093B000FBF73CBFE030FFF7FDBE00BF38B590F8CB
:1093C000563105460C461BB11C4385F8564138BD45
:1093D000E030FFF7BFFE95F856311C4385F8564143
:1093E00038BD00BF90F8563123EA010180F85611CC
:1093F00001B17047E030FFF7B1BE00BF836943B1F0
:109400001A792E2A04D02E221A71836902691A60F1
:10941000704700DE8369F3E783694BB11A792E2A1E
:1094200000D0704701221A7181690868FBF7D0BE2D
:1094300000DE8369F2E700BF8B6913B11A792E2A27
:109440000BD00B7A072B15D0CB692BB1D0F85C2150
:109450001A60CB69C0F85C3170471B68D0F858219E
:109460005A608B6901221A718B69C0F858310B7AE6
:10947000072BE9D14B6A002BE6D01B68D0F85821A6
:109480005A604B6A01221A714B6AC0F85831DBE707
:1094900070B505460C48F9F73BFE044688B10A4B07
:1094A00043600026C0E9056605722C223146203053
:1094B00013F064F94FF47F43FF2262726381A3814A
:1094C000A673204670BD00BFEC05002010B50A4B06
:1094D000022258685021F9F7F5FD084B012258681F
:1094E0005021F9F7EFFD064BBDE810405868042203
:1094F0002C21F9F7E7BD00BFF4050020EC050020A2
:10950000FC05002038B50446002501F02DF8204662
:10951000C4E93E5584F8045102F08AFBC4F828518E
:10952000C4E9425584F81651A4F81451A4F818510E
:10953000C4F82B51A4F84851C4F83051C4F8345140
:10954000C4F83851C4F83C51C4F84051C4F84451EF
:10955000FBF760F994F88E3084F85651C4E9500155
:10956000C4E9565523F0180384F88E30258638BD9B
:1095700008460149F9F7E2BDFC05002010B5B0F836
:10958000024182B0034624B1A1420FD2641AA0F86E
:109590000241B3F8120120B181420FD2401AA3F860
:1095A000120100231846137002B010BD019200F0A2
:1095B00003FF019A58B1037A0A2B03D022236FF0DC
:1095C0007300F0E790F820306FF07300EBE700DEF7
:1095D000F1E700BF034B0B44B3FBF1F3A0F81831E4
:1095E000704700BFFF59620210B5044602F028FB25
:1095F0002046BDE8104000F0BFBF00BF10B50446D4
:1096000049B1012900D010BD02F064FB2046BDE83D
:10961000104001F007B802F049FB2046BDE81040B9
:1096200000F0F2BF38B5D0F85841054634B1206893
:1096300021464468FBF7C0FD002CF8D1D5F85C4109
:109640000023C5F8583134B1204624680449F9F79D
:1096500075FD002CF8D10023C5F85C3138BD00BF82
:10966000FC05002090F93730002B14DA70B5044661
:109670000E46032009491546FFF702FE014640B198
:1096800080F8206080F82150204600F065FE002020
:1096900070BD0C2070BD0C20704700BFF405002089
:1096A00010B5074904460120FFF7EAFD28B101463D
:1096B000204600F051FE002010BD0C2010BD00BF60
:1096C000F405002038B504460D4602200849FFF78E
:1096D000D7FD58B190F8203065F30003014680F8BB
:1096E0002030204600F038FE002038BD0C2038BD68
:1096F000F405002010B5074904460420FFF7C0FD1B
:1097000028B10146204600F027FE002010BD0C20A5
:1097100010BD00BFF40500202DE9F0410546884644
:10972000072010499DF8186017461C46FFF7A8FD52
:10973000A8B1E30008F0070803F03803BF0143EACB
:10974000080307F040073B4343EAC613014680F88D
:109750002030284600F000FE0020BDE8F0810C20FB
:10976000BDE8F081F405002038B504460D4600F050
:109770009DFF204602F038FB07490A20FFF780FDD5
:1097800038B1014680F82050204600F0E5FD002069
:1097900038BD0C2038BD00BFF405002008B590F995
:1097A0003730002B08DB00F007FE20B1037A0B2BCB
:1097B0000CBF2230002008BD02F0F4F8F5E700BF2E
:1097C000F8B5D0F840319B0601D40020F8BD04461E
:1097D0000D460C2008491646FFF752FD074648B1D2
:1097E000294620463246FEF74BFD3946204600F01A
:1097F000B3FDEAE70C20F8BDF405002070B506467D
:109800000D4602F0CFF820B1037A053B012B044648
:1098100001D90C2070BD01463046FEF7FBFF002841
:10982000F7D029686A68AB68ED68C4F837503046ED
:10983000C4F82B10C4F82F20C4F833302146FEF7AB
:10984000C7FF002070BD00BF38B5054602F0AAF87A
:1098500020B1037A053B012B044601D90C2038BD09
:1098600001462846FEF7D6FF0028F7D028462146B5
:10987000FEF7BCFF002038BD2DE9F8430546D0F8BF
:109880004001BDF820801E4683070F46914617D43D
:1098900095F93730002B1FDB2A490820FFF7F0FC31
:1098A0000446002C42D0237A082B0FD0092B16D067
:1098B00000DE2846214600F04FFD0020BDE8F88379
:1098C00020490920FFF7DCFC0446EAE7A4F82890C9
:1098D0006685A4F82C80ECE71A20BDE8F883099B84
:1098E000E784A4F828906685A4F82C8003B31B882D
:1098F0002387099B5B886387099B9B88A387099BB8
:10990000DB88E387099B1B89A4F84030099B5B89AE
:10991000A4F8423095F93730002BCADA2846FDF713
:1099200069FE0146284602F0D3FAC2E70C20C5E7DB
:10993000054A4FF0FF33C4E90E23A4F840304FF638
:10994000FF73E5E7F40500200000FFFF08B502F013
:1099500029F828B1007AA0F10C00B0FA80F0400993
:1099600008BD00BF10B5044602F01CF810B1037A20
:10997000092B00D010BD01462046BDE8104001F083
:10998000D3BE00BF38B504460D4602F00BF810B147
:10999000037A092B00D038BD80F8205001462046BC
:1099A000BDE8384001F0C4BE08B501F0FBFF28B1A6
:1099B000007AA0F10900B0FA80F0400908BD00BFAC
:1099C00038B505460C4600F0F7FC10B14369A342D8
:1099D0000ED0284601F0E6FF10B14369A34200D043
:1099E00038BD224601462846BDE8384002F0F4B8AA
:1099F00001462246284600F081FDEAE710B50446FC
:109A000000F0DAFC18B10146204600F09BFD20462C
:109A100001F0C8FF014620B12046BDE8104002F029
:109A2000F5B810BD2DE9F041537F144605460E46AA
:109A3000002B3AD0D37F1E2B24D9284600F0BCFC43
:109A40000746284601F0AEFF0146002F68D0FA7A9B
:109A5000E37F002843D09342C07A52D03A7B002A59
:109A60004FD1072B65D0112B74D00D2B40F0868081
:109A70000D2802D00B7B002B3BD01F2385F86431CF
:109A8000BDE8F081474A52F8232022B104F11C00BE
:109A9000904760B1E37F022BCFD1012322463146AC
:109AA0002846BDE8F04102F031B9FF23D3772846BC
:109AB00000F082FC30B1E27FC37A9A42E0D0037BAF
:109AC000002BDDD1284601F06DFF002840D0E27F59
:109AD000C37A9A42D4D0037B002BD1D1DEE79342E4
:109AE00007D03A7B2AB9072B3CD0112B3AD00D2B4B
:109AF000D3D12346324639462846BDE8F04100F02E
:109B0000C7BC8342B9D00A7B002AB6D1072B2FD01D
:109B1000112BEED14B7B94F820209A42E9D1ACE78F
:109B20000028BAD0234632462846BDE8F04101F06D
:109B3000EDBF94F820307A7B9A4225D00728F1D0E7
:109B40000A7B002AEED14A7B9A42EBD0242395E788
:109B50000346A3E794F820307A7B9A421FD011285D
:109B6000EED1DFE77A7B94F820309A4295D1C0E7B6
:109B70004A7B94F820309A42BBD17EE78342D1D011
:109B80000B7B002BCED1E1E707283FF476AF0B7BB0
:109B9000002B7FF472AF4B7B9342AAD16DE7112863
:109BA000F5D16AE7B4DC0400F8B58D6900270C46EE
:109BB00006468F617DB3012703232B71B38CEB80A5
:109BC000237A042B05F11C0118D00C2B0BD0022B8F
:109BD00017D1637A072B16D0092B12D1304600F02B
:109BE000FDFD2FB1F8BD304601F06AF8002FF9D124
:109BF00028682946BDE8F840FBF7EABA637A0C2BDF
:109C000005D000DEEDE7204600F094FDE9E73046A0
:109C100000F086FEE5E7FFF7CBFB05460028CBD139
:109C200000DE0071FFDE00BF70B506460C46FFF790
:109C3000ABFB0546002855D0237A013B291D0B2B91
:109C400007D8DFE803F0151B212806060606062EB6
:109C5000063500DEEB79637329463046FFF7AAFB31
:109C6000237A0A2B2AD03046BDE8704000F002BCAF
:109C7000084600F039FD1323E372EBE7304600F0AD
:109C800067FD0923E372E5E7204600F015FEFF2398
:109C90006561E372DEE7084600F030FE0C23E372F4
:109CA000D8E7204600F01AFEFF236561E372D1E792
:109CB000304600F0D5FF1523E372CBE7F38CB6F8FE
:109CC000921140F2E24202FB03F342F2107202FBF5
:109CD000013101393046B1FBF3F1BDE8704089B282
:109CE00000F0CEBB00DEA7E72DE9F04107460C46A9
:109CF000164601F05BFE28B10323A3720025284617
:109D0000BDE8F08121463846FFF736FB05460028BE
:109D1000F2D021463846FFF737FB804600283CD07A
:109D2000237A013B08F104010B2B07D8DFE803F08D
:109D30001B210627060606060606062D00DE98F8F5
:109D40000730637341463846FFF734FB384601F06D
:109D500035FE0423A372002ED1D0384601F086FFD1
:109D60000023A372CBE7084600F0C8FCFF23E37290
:109D7000E5E7384600F010FDFF23E372DFE7084611
:109D800000F0BCFDFF23E372D9E7384600F080FF06
:109D9000FF23C4F81480E372D1E700DEC0E700BF00
:109DA00038B50B7A013B0C4605460B2B0CD8DFE887
:109DB00003F006060B1B0B0B0B0B0B0D0B16BDE874
:109DC00038400122FFF790BF00DE38BD01F04EFFA2
:109DD00094F820300022A27285F8643138BDBDE8C5
:109DE00038400022FFF780BF90F8283143B90122A4
:109DF000FFF77AFF0028E8D0012385F8283138BD25
:109E000001F034FF0023A37238BD00BF38B50B7AD0
:109E1000013B0C4605460B2B15D8DFE803F0061670
:109E20000E24141414141433143B4B7A072B04D04F
:109E3000132B02D0242385F86431284600F0C0FBA0
:109E40000023A37238BD00DE38BD4B7A072B01D04A
:109E5000092BEFD194F82030DB07EED521462846B8
:109E6000FFF7A2FEE9E74B7A0C2BE3D18B6993B3A2
:109E700021462846FFF798FE284600F0A1FB002364
:109E8000A37238BD00F09CFB00221623A27285F855
:109E9000643138BD4B7A152B16D0072BCAD1D0F8B8
:109EA000403123F02003C0F8403100F089FB00234B
:109EB000A3722846FFF74AFD0028C3D12846042193
:109EC000BDE83840FFF78EBAFEF7E0F868B92846DB
:109ED00000F076FBEBE7FFF763FA0028C8D12846CD
:109EE00000F0C8FA0423A37238BD21462846FFF7C4
:109EF0005BFEECE770B50E7A731E0C4605460B2B25
:109F000007D8DFE803F0080F2337060606060653D6
:109F1000066100DE70BD00F09DFA00287FD00123AD
:109F2000A37270BD00F096FA0028F8D121462846A9
:109F3000FFF722FA0028F2D021462846FFF774FEE8
:109F40006369002B08BF0326A67270BD00F082FA79
:109F50000028E4D121462846FFF70EFA0028DED07B
:109F600021462846FFF760FE6369002B18BF0226D2
:109F7000A67270BD90F828319BBB00F06BFA0028E8
:109F8000CDD121462846FFF7F7F90028C7D0214652
:109F90002846FFF749FE6269002A4FF001030CBF13
:109FA00003220222A27285F8283170BDFFF7E4F97E
:109FB0000028B4D021462846FFF736FE1622022399
:109FC00084F82020A37270BDD0F840319B0602D5E2
:109FD000FFF7BCFC68B1284600F0F2FA0023A37238
:109FE00070BD0C2200234A728B61BDE87040FFF700
:109FF0000DBF284600F02EFA002890D121462846B1
:10A00000FFF7BAF900288AD004212846FFF7D6F9CD
:10A0100021462846FFF708FE0323A37270BD2146A0
:10A020002846FFF7A9F900283FF479AF21462846D2
:10A03000FFF7FAFD6369002B0CBF03230223A37211
:10A0400070BD00BF8B7A022B06D002D9033B012BD7
:10A0500000D8704700DE70470B7A032B01D00A2B23
:10A06000F7D1FFF7D3BE00BF38B58B7A032B05D0ED
:10A0700001D9042B00D138BD00DE38BD0546D07FA4
:10A080000C46831E02F11C016072172B0DD8DFE80D
:10A0900003F00C0C0C0C0C1F0C1B0C0C170D0C0CF7
:10A0A0000C130C0D0C230C0C0C0D00DE2146284665
:10A0B000BDE83840FFF7AABE204600F0BFFCF5E738
:10A0C000284600F043FCF1E7284600F0CFFBEDE71F
:10A0D000204600F02BFBE9E7284600F031FEE5E7DB
:10A0E00038B58B7A032B05D8012B0AD8BDE8384048
:10A0F000FFF700BF042B03D10B7A042B0C4601D0D1
:10A1000000DE38BD0546FFF74BF90028F9D021469F
:10A110002846FFF749FD284600F052FA0023A372B3
:10A1200038BD00BF38B58B7A012B06D002D9023B6F
:10A13000022B00D838BD00DE38BD0546D07F0C4666
:10A14000831E02F11C016072122B20D8DFE803F09D
:10A15000291F1F1F1F1F251F1F1F211F1F1F1F1FFD
:10A16000191F0A00284600F0C3FD04212846FFF706
:10A1700025F92846FEF70AF884F820002046FFF764
:10A180003DF921462846BDE83840FFF709BE00DE0C
:10A19000F7E7284600F0DAFBF3E7284600F03CFB3F
:10A1A000EFE7204600F0A6FB08212846FFF706F956
:10A1B000E7E700BFF8B58D7A032D00D8F8BD042D70
:10A1C00023D10B7A0C2B0C46F8D10646FEF716F875
:10A1D00094F82030294640EA03073046FFF702F999
:10A1E000A5690023FFB2A36105B32B792E2B0ED1F5
:10A1F0007FB901232B7128682946FAF7E9FF304619
:10A2000001F034FD0023A372F8BD00DEF8BD00DECE
:10A21000EEE703232B71B38CEB80237A0C2B05F133
:10A220001C0105D1304600F04BFDE4E700DEDCE721
:10A2300000DEF7E710B58B7A82B00C46042B1ED8EF
:10A24000DFE803F01710031210000B7A0A2B14D169
:10A25000019001F00BFD019894F820300022A272C9
:10A2600080F8643102B010BD02B0BDE81040FFF7C5
:10A2700097BD01238B7202B010BD00DEE8E700DE5F
:10A28000F0E700BF70B5044604F086F858B1D4F882
:10A29000F85035B1D4F8FC202B68C4F8F830AA4245
:10A2A00021D0284670BD05460121032004F03AF86C
:10A2B0002A46064601210320F8F7CCFFD4F8F850CF
:10A2C00045B1D4F8FC202B68C4F8F830954208BF9B
:10A2D000C4F8FC30002EE4D0012211460320F8F728
:10A2E000B9FF284670BDC4F8FC30284670BD00BFD9
:10A2F000F8B506460C4604F04FF868B1D6F8F850A9
:10A30000AC421FD1A3690BBB3046FFF7BBFF204611
:10A31000BDE8F840FFF728B805460121032004F006
:10A3200001F82A46012107460320F8F793FFD6F8E3
:10A33000F850002FE4D0012211460320F8F78AFFDD
:10A34000AC42DFD000DEA369002BDDD01B792E2BC1
:10A35000DAD100DED8E700BFF8B505460C4604F0B8
:10A360001BF840B100232360D5F8FC30F3B11C602A
:10A37000C5F8FC40F8BD06460121032003F0D2FFDA
:10A380003246074601210320F8F764FF2660D5F81E
:10A39000FC3073B11C60C5F8FC40002FEAD00122EC
:10A3A000BDE8F84011460320F8F754BFC5E93E4424
:10A3B000F8BDC5E93E44F0E770B5054603F0ECFF93
:10A3C00018B1D5F8F840204670BD0446012103209D
:10A3D00003F0A8FF2246064601210320F8F73AFFC2
:10A3E000D5F8F840002EEED0012211460320F8F7F0
:10A3F00031FF204670BD00BF38B50546FFF7DCFFD2
:10A40000037A013B04460B2B1BD8DFE803F006065A
:10A4100006061A1A1C1414061A06014600222846BB
:10A42000FFF75EFEA37B03B938BD21462846BDE891
:10A430003840FFF75DBF01460022284601F046F98B
:10A44000F0E700DEEEE7014600222846FEF782FD37
:10A45000E8E700BF90F80401A0F10100B0FA80F035
:10A4600040097047012380F804317047002380F8C9
:10A4700004317047B0F81831A0F80231704700BFBE
:10A48000A0F80211704700BF0023A0F80231704706
:10A4900038B50C468969054610461A46F9B1217A45
:10A4A00001390B2923D8DFE801F00606060622222F
:10A4B000241D1D06220621462846FFF7D5FDA36967
:10A4C00023B11B792E2B1CBF0023A361A37B03B9EF
:10A4D00038BD21462846BDE83840FFF709BFA361D3
:10A4E0002061DCE72146284601F09AF8E7E700DE24
:10A4F000E5E721462846FEF791FCE0E738B50B7A00
:10A50000033B0C460546092B09D8DFE803F0050894
:10A5100008080D08080508052146FFF793FDA37BF1
:10A520000022626143B938BD2146FEF78BFDA37B53
:10A5300000226261002BF6D021462846BDE8384053
:10A54000FFF7D6BE38B50B7A072B0C46054608D068
:10A55000A37B03B938BD21462846BDE83840FFF744
:10A56000C7BEFEF7A7FDF3E70222002380F8002113
:10A57000A0F80231704700BF38B590F800310446AA
:10A58000032B1BD8DFE803F002111011FFF714FFB3
:10A59000034648B11D7A2046FFF72EFF0A2D14BF4F
:10A5A0000123032384F8003138BDFFF705FF00289D
:10A5B000FAD02046BDE83840FFF71EBF00DE38BDA8
:10A5C00010B590F800310446032B1BD8DFE803F0E8
:10A5D0000D020C02FFF7F0FE90B100230122A4F857
:10A5E0000231827384F8003110BDFFF7E5FE28B117
:10A5F00000220123A4F80221837310BD00DEF7E7D7
:10A6000000DEEAE700DE10BD90F80031022B05D035
:10A6100000D87047032BFCD000DE7047002380F881
:10A620000031704738B590F800310446032B3AD812
:10A63000DFE803F00926121320462946FEF7FCFE48
:10A640002846FEF791FE2046FFF71CFE054600282F
:10A65000F2D1022384F8003138BDFFF713FE05461E
:10A660000028F6D029462046FEF7E6FE2846FEF7EB
:10A670007BFE2046FFF706FE05460028F2D1E8E7FC
:10A68000FFF700FE05460028E3D029462046FEF7E6
:10A69000D3FE2846FEF768FE2046FFF7F3FD054689
:10A6A0000028F2D1D5E700DE38BD00BF38B5054639
:10A6B000FFF7E8FD68B1044621462846FEF7BCFED8
:10A6C0002046FEF751FE2846FFF7DCFD0446002831
:10A6D000F2D10024A5F802412146284601F054F9A0
:10A6E00085F8004138BD00BF03780121122243F0F4
:10A6F000030303704170C270704700BF03780121EB
:10A70000132243F0030303704170C270704700BF0F
:10A710000B784FF0020C43F0030307220B7081F813
:10A7200001C0CA7090F84C300B7170470B7980F8FB
:10A730004C3070470B784FF0020C43F003030722B4
:10A740000B7081F801C0CA7090F84C300B717047E3
:10A7500010B50B780C460922082143F00303E17081
:10A760006270237090F93730002BACBF0B460E237C
:10A77000E370FAF74FF8002261F30702C1F3072CE8
:10A780000B0C6CF30F2263F317421B0A63F31F6277
:10A790006060A26010BD00BF38B50C460546FAF7F0
:10A7A00039F8237843F00303237009236370E370BF
:10A7B000D5F84031217263F0FF031840020C0B0CF6
:10A7C000C0F307252071C1F30721100AA2711A0AEC
:10A7D000E07165716172A372E27238BD0B78092273
:10A7E00043F003030B704A70CA70D0E94E23100C7B
:10A7F000C2F3072C0A711A0C81F805C088714FEA60
:10A80000102C0B72C3F30720130A81F807C048729B
:10A810008A72CB72704700BF2DE9F0414A68124E30
:10A820008968530F83EA1273164003F001034FF057
:10A830004052A3FB0232054601F0EF0786EA03040B
:10A84000F9F7E8FF04EA0003C5F8403163F0FF03BD
:10A85000B8463340C5E94E380F400122C5F844716F
:10A8600085F83021BDE8F0812FCF87F72DE9F04141
:10A870004C68104F8A68630F83EA147303F0010376
:10A880004FF04051A3FB01312740054687EA0304FE
:10A8900002F0EF08F9F7BEFFC5E94E78044008EA78
:10A8A00001010123C5F84041C5F8441185F8303154
:10A8B000BDE8F0812FCF87F70B784FF0030C43F002
:10A8C000030319220B7081F801C0CA7090F8203080
:10A8D0000B7190F821304B71704700BF0B7802224A
:10A8E00043F003030B704A70CA7090F820300B716C
:10A8F000704700BF0B7980F8203070470378074A13
:10A90000C0F805204FF0060C43F0030340F60C514D
:10A91000037080F801C0A0F803107047F105FFFF35
:10A920000B784FF0060C43F003030C220B7081F8F8
:10A9300001C0CA7090F82A310B71B0F82B31A1F820
:10A940000530B0F82D31A1F807307047012380F8A9
:10A9500029310B7980F82A31B1F80530A0F82B3174
:10A96000B1F80730A0F82D31704700BF0B780322F3
:10A9700043F003034FF0170C0B7081F801C0CA704D
:10A98000D0F82130D0F825208A604B6090F829302B
:10A990000B7390F82A304B73704700BF10B50378E3
:10A9A0000D21042243F0030341700370C270841828
:10A9B00003F0F2FC0C2120B12046BDE8104001F06C
:10A9C000E1BD2046BDE8104001F0D2BD0378012171
:10A9D000052243F0030303704170C270704700BF4B
:10A9E00003780121062243F0030303704170C27013
:10A9F000704700BF037801210B2243F0030303706B
:10AA00004170C270704700BF037801714FF0020CB3
:10AA100043F003030D22037080F801C0C270704739
:10AA20000378017143F003034FF0030C037011230B
:10AA300080F801C0C3704271704700BF0B7980F885
:10AA40004D304B7980F84E30704700BF0B784FF097
:10AA5000030C43F0030316220B7081F801C0CA7087
:10AA600090F82030C3F3C2034B7190F82030C3F349
:10AA700002030B71704700BF0A7990F8203062F32F
:10AA8000C50380F820304A7962F3020380F8203051
:10AA9000704700BF0B784FF0030C43F003031722FD
:10AAA0000B7081F801C0CA7090F89C31C3F3C203E7
:10AAB0004B7190F89C31C3F302030B71704700BFD8
:10AAC000CB8843850B7980F82C304B7980F82D307A
:10AAD000704700BF0B784FF0180C43F003030F22B0
:10AAE0000B7081F801C0CA70C38C8B80038DCB8042
:10AAF000438D0B81838D4B8190F834300B73C38E63
:10AB0000A1F80D30038FA1F80F30438FA1F8113059
:10AB1000838FA1F81330C38FA1F81530B0F84030FF
:10AB2000A1F81730B0F84230A1F81930704700BFD3
:10AB30000B784FF0180C43F0030310220B7081F8D0
:10AB400001C0CA70C38C8B80038DCB80438D0B8179
:10AB5000838D4B8190F834300B73C38EA1F80D3088
:10AB6000038FA1F80F30438FA1F81130838FA1F824
:10AB70001330C38FA1F81530B0F84030A1F817306A
:10AB8000B0F84230A1F81930704700BF8B88C384F9
:10AB9000CB8803850B8943854B8983850B7B80F8A4
:10ABA0003430B1F80D30C386B1F80F300387B1F8F7
:10ABB00011304387B1F813308387B1F81530C3875C
:10ABC000B1F81730A0F84030B1F81930A0F8423091
:10ABD000704700BF0B78002243F003034FF00C0CCA
:10ABE000CA700B7081F801C090F823300B71036BB1
:10ABF000094AA2FB03239B0AA1F80530438DA1F863
:10AC00000930038DA1F80730838DA1F80B30838CB8
:10AC1000A1F80D30704700BF5917B7D10B7980F8F4
:10AC20002330B1F8053040F2E24202FB03F3036344
:10AC3000B1F809304385B1F807300385B1F80B301E
:10AC40008385B1F80D308384704700BFB1F80930B7
:10AC500003844B68C0F822300B7A80F826307047A6
:10AC60000B784FF0090C43F0030314220B7081F8AA
:10AC700001C0CA70B0F85A308B80B0F858300B81E0
:10AC8000B0F85E30CB80B0F85C304B81704700BFCD
:10AC90000B784FF0090C43F0030315220B7081F879
:10ACA00001C0CA70B0F85A308B80B0F858300B81B0
:10ACB000B0F85E30CB80B0F85C304B81704700BF9D
:10ACC0000B784FF0090C43F0030315220B7081F849
:10ACD00001C0CA70B0F86A308B80B0F868300B8160
:10ACE000B0F86E30CB80B0F86C304B81704700BF4D
:10ACF0008B88A3F11B02E02A21D8B1F808C0ACF17F
:10AD00001B02E02A1BD830B5CD88A5F5A47244F209
:10AD1000481E92B2724511D84A8900210C4662F34E
:10AD20000F04A2F5A4726CF30F0192B263F31F41FA
:10AD300065F31F44724598BFC0E9181430BD7047D1
:10AD40008B88A3F11B02E02A21D8B1F808C0ACF12E
:10AD50001B02E02A1BD830B5CD88A5F5A47244F2B9
:10AD6000481E92B2724511D84A8900210C4662F3FE
:10AD70000F04A2F5A4726CF30F0192B263F31F41AA
:10AD800065F31F44724598BFC0E9181430BD704781
:10AD90008B6900228A610BB3192293F804C01A71DF
:10ADA000828CDA8091F820201A774AB90A8DDA83EA
:10ADB0004A8D1A848A8D5A84BCF12E0F0AD07047AE
:10ADC000C28CDA83028D1A84B0F892215A84BCF1C5
:10ADD0002E0FF4D118681946FAF7FAB900DEDBE74E
:10ADE00030B5C38C0A8D4C8D8D8D934285B002D1C8
:10ADF000038DA34214D0012381F8223002950B6BFE
:10AE0000CDE900240C7A91F82320898C0391A4F1D8
:10AE10000801B1FA81F14909EDF706F805B030BD36
:10AE2000B0F892315B1B18BF0123E5E7F8B5CD6997
:10AE300000230C4607461646CB618DB3291D112E03
:10AE40000AD8DFE806F0200909090909091C0909DF
:10AE5000090909090909241400DEEB7963732946FD
:10AE60003846FEF7A7FA237A092B14D0F8BD084616
:10AE700094F8202094F82110FFF7D2FDEDE720464A
:10AE8000FFF746FCE9E72046FFF7A4FEE5E720468A
:10AE9000FFF74EFEE1E73846BDE8F84000F08EBD12
:10AEA000FEF772FA05460028C8D100DEC6E700BFEB
:10AEB00038B58B690C46054683BBFEF779FA2E231D
:10AEC000A061037194F834200121002384F8231039
:10AED0002363218D4AB1B1FBF2F313FB02F3E28C41
:10AEE0009BB29A429CBF23851946238F994204D373
:10AEF00040F2E24202FB03F323632846FDF796F893
:10AF0000298D034606310B44A3840022284621469E
:10AF1000FFF78CFF4FF60B73638138BD00DECCE783
:10AF200038B504460D4600F041FD20B929462046BB
:10AF3000FEF722FA30B910212046FEF73FFA092326
:10AF4000AB7238BD04F1E000FEF73EF90028F2D103
:10AF50002046FDF711FA0028EDD029462046FEF7DD
:10AF600013FAE861FEF71CFA10B90C23AB7238BD76
:10AF700029462046FFF79CFF20461021BDE83840B7
:10AF8000FEF730BA70B50C460646FFF729FF237A64
:10AF9000092B1DD094F82250ADB1002384F8203045
:10AFA00021463046FFF7F4FE304600F05FFE237A7C
:10AFB000092B05D10C4B1A68964204BF00221A6077
:10AFC0000023A37270BD2046FEF726FAA561EBE7C9
:10AFD000304600F0F9FC237A092BDBD194F82030BD
:10AFE000002BDAD1D6E700BF70B1002070B506465D
:10AFF0000C4600F0DBFC10B10623A37270BD0546C1
:10B0000021463046FEF7B8F90028F5D01122214636
:10B010003046FFF70BFF304600F028FE237A092B5D
:10B0200004D1044B1A68964208BF1D600023A37226
:10B0300070BD00BF70B10020F8B5294A13680646FC
:10B040000C468BB183420FD002238B7200F0AEFC12
:10B05000054620B921463046FEF78EF968BB2046EA
:10B06000BDE8F840FEF7CAB9218DF38C166099420D
:10B0700012D0A5690023A36185B303232F792B7117
:10B08000B38CEB8005F11C012046FFF723FD2E2F2A
:10B090001FD00423A372F8BD628D338D9A42E8D18C
:10B0A000A28DB6F892319A42E3D12046FEF7B4F968
:10B0B00000220523A261A372F8BD4FF472632384BA
:10B0C00021463046FFF792FF2046FEF7A5F9A5611D
:10B0D000F8BD28682946FAF77BF8DAE700DECCE706
:10B0E00070B10020F0B50C46897A83B005460C2972
:10B0F00000F2DE80DFE811F012001E004D00560065
:10B1000062006C007900DC007C00D2008600C00088
:10B110000D00002A00F0D18003B0F0BD002AFBD161
:10B12000237A082B00F0DB80092B40F0C18001233B
:10B13000A372F1E7012AEFD119462046FFF726FD59
:10B14000E38C052B1BD9228DB2F5486F17D893429B
:10B1500015D8638DB3F5FA7F11D2A08DA0F10A0145
:10B1600040F6764689B2B14209D8013313FB02F3A7
:10B17000B3EB800F03D294F8343093420BD940F6EE
:10B180001E7323842146284603B0BDE8F040FFF734
:10B190002DBF012AC0D82146284603B0BDE8F040A3
:10B1A000FFF74ABF002AB7D10192FEF7F9F8019ADA
:10B1B000002840F0AF800323A372ADE7032A79D0C3
:10B1C000042AA9D10F22062384F82120A372A3E721
:10B1D000002AA1D195F93730002B7EDA94F820307F
:10B1E00043B10F2384F82130CCE7002A94D1C9E77A
:10B1F000002A91D1284600F0D9FB002872D00823FC
:10B20000A37289E7022A87D195F83720C2F3C011CB
:10B21000D20975D019462046FFF700FD228D931FF5
:10B2200040F67A419BB28B4200F28780638DB3F582
:10B23000FA7F80F08280A08DA0F10A0140F6764668
:10B2400089B2B14279D803FB0222B2EB800F74D2EB
:10B250002846FCF7EBFEA38C1B1A47F6FE729BB246
:10B26000934240F28880282385F86431284600F014
:10B27000FDFC0023A3724FE7002A7FF44DAF284660
:10B28000FCF7CCFEA38CC01A03043FF545AF214662
:10B29000284603B0BDE8F040FFF774BE002A7FF4F3
:10B2A0003BAF2146284603B0BDE8F040FFF738BE6B
:10B2B00000DE31E70523A3722EE7FEF771F80028C0
:10B2C0003FF42AAF21462846FFF7F2FD1021284619
:10B2D00003B0BDE8F040FEF785B8A261E1E70A23BC
:10B2E000A37219E721462846FEF746F8002886D0C3
:10B2F000102221462846FFF799FD0A2363810BE7B8
:10B3000084F84C10284600F051FB0646B8B10D23D6
:10B31000A37201E7A669A261002E3AD00323377910
:10B320003371AB8CF38006F11C012046FFF7D2FB92
:10B330002E2F1BD00423A372EEE61E2394E7214692
:10B340002846FEF719F80028E1D0072221462846B2
:10B35000FFF76CFD284600F089FC237A092B88D181
:10B360000D4B1A68954284D11E6082E730683146E1
:10B37000F9F72EFFDEE72046FEF740F80B23A37215
:10B380002846FCF753FEA38CC31A1A043FF5C4AE3B
:10B390007DE700DEC2E700BF70B100202DE9F0417B
:10B3A0002C4E336804460D462BB1834203D0012353
:10B3B000AB72BDE8F0812046FFF74CF80028F6D1CB
:10B3C000204600F0E9FA07460028F0D12946204639
:10B3D000FDF7D2FF0028EAD02046FCF727FE012126
:10B3E0008046204600F0D0FAA5F83680D5F81C80BB
:10B3F00085F834703460EF61B8F1000F1BD008F1AC
:10B4000004012846FFF766FB98F807306B73414646
:10B410002046FDF7CFFF2B7A092B08D094F8373060
:10B42000DB0901D100DEC4E704236B81C1E72046BC
:10B43000FFF720F8F2E729462046FDF7A5FF8046F2
:10B440000028DCD100DE04212846FFF743FB98F8F2
:10B450000730FFDE70B10020F8B50C46897A064649
:10B460001546062909D8DFE801F0043008083864D9
:10B470000A001DB9237A092B29D000DEF8BD002D62
:10B48000FCD1FCF7CBFDA38CC01A0304F6D42946EB
:10B49000304600F079FA21463046FFF7A1FC237AC6
:10B4A000092B00F0968094F82250002D40F09D80EA
:10B4B0002046FDF7B1FFA5613046FFF781F8237AFA
:10B4C000092B60D00023A372F8BD002DD6D12146F0
:10B4D0003046BDE8F840FFF761BF032D6CD0042D66
:10B4E0005CD0022DCAD119462046FFF797FB228D6A
:10B4F000931F9BB240F67A418B4262D8638DB3F5BD
:10B50000FA7F5ED2A08DA0F10A0140F6764789B29B
:10B51000B94256D803FB0222B2EB800F51D2294622
:10B52000304600F031FA2046FDF768FF0623A3728B
:10B53000F8BD002DA2D1FEF78DFF10B10523A37237
:10B54000F8BD21463046FDF717FF0028F6D0294602
:10B55000304600F019FAE769E561002F4DD094F804
:10B56000202094F82110381DFFF75AFAFB796373F5
:10B5700039463046FDF71EFF237A092B9CD1304611
:10B58000FEF778FF98E796F93730002B2FDB234B37
:10B590001A68964296D100221A6093E7D0F840319B
:10B5A0001A2223F00203C0F84031214684F82020FB
:10B5B0003046FFF7EDFB7FE75B7984F820302146CA
:10B5C000F6E70021304600F0DFF91E2386F86431EB
:10B5D00072E73046FEF758FF237A092B7FF463AFFA
:10B5E00094F82030002B3FF45EAF0023E5E73046AF
:10B5F000FEF7DAF90028CAD064E721463046FDF7A5
:10B60000C3FE07460028AAD100DE042094F82020BB
:10B6100094F82110FFF704FAEB79FFDE70B10020F7
:10B6200020B592F81FC082B0054602F11C03BCF1A0
:10B63000110F0AD8DFE80CF02D09090909090926BC
:10B6400009090909090909091E17242380F8643129
:10B650000191FEF7B5FF01990B7A092B20D0002349
:10B660008B7202B020BD0322284602B0BDE8204004
:10B67000FFF7F2BE8B7A012BF3D9043B022BF0D9F2
:10B6800000DEEEE70422284602B0BDE82040FFF7C6
:10B69000E3BE0222284602B0BDE82040FFF7DCBE30
:10B6A00095F93730002B06DB074B1A689542D6D147
:10B6B00000221A60D3E728460191FEF775F9019937
:10B6C0000028F1D0CBE700BF70B100201346002264
:10B6D000FFF7C2BE70B5D57F02F11C03CDB10F2DAF
:10B6E00012D024230E4680F86431044600F0BEFADE
:10B6F000337A092B05D1094B1A68944204BF002202
:10B700001A600023B37270BDBDE870400122FFF7DC
:10B71000E9BCBDE870400222FFF7E4BC70B1002034
:10B7200013460022FFF7DEBC00230322FFF7DABC3A
:10B7300000230422FFF7D6BCD37F012B70B505464A
:10B740000C4607D0242380F8643100F08FFA0023E0
:10B75000A37270BD8B7A012B04D013F0FD0FF8D0CB
:10B7600000DE70BD02F11C012046FFF76FFA28468B
:10B77000268CFCF75BFC361A47F6FE73B6B29E4287
:10B7800002D80223A37270BD282385F864312846AD
:10B7900000F06CFA0023A37270BD00BF38B58B7A3D
:10B7A000012B05D0022B0C4603D0A3B901238B72C9
:10B7B00038BD0546FCF732FC238CC01A0304F7D4CD
:10B7C00004F122012846FCF73FFC284600F04EFA1F
:10B7D0000023A37238BD00DE38BD00BFD0F80821B9
:10B7E0008A420346084610D18A69BAB90A4610B49B
:10B7F000D3F80C411168C3F80811A24208BFC3F87E
:10B800000C115DF8044BFDF7AFBD00DE8A692AB963
:10B81000D3F80821002AEAD1FDF7A6BD12792E2A15
:10B82000F6D100DEF4E700BF38B5D0F808512B7A26
:10B83000013B04460B2B28D8DFE803F0060606067A
:10B8400018181D131306220600222946FEF7F2FCE3
:10B85000AB7B2BB129462046BDE83840FFF7BEBF81
:10B8600038BD00222946FFF75BFFF1E70022294699
:10B87000FCF7D8FFECE700222946FDF757FCE7E785
:10B8800000222946FFF78AFFE2E700DEE0E700BF7B
:10B8900070B5D0F8085104461DB394F81431012B4B
:10B8A00003D1022384F8103170BD29462046FDF7EC
:10B8B00063FD0028F5D029462046FDF765FD0646C4
:10B8C00088B1311D2846FEF723FFF3796B733146AB
:10B8D0002046FDF76FFD01220023AA7384F8103182
:10B8E00070BD00DED9E700DEEBE700BFF8B5D0F8A9
:10B8F00008510446ADB394F81431012B03D1012350
:10B9000084F81031F8BD29462046FDF735FD0028A2
:10B91000F5D029462046FDF737FD064688B3204678
:10B92000FEF74AFD2A7A037A934206F104071AD0F9
:10B93000082B1AD02A2194F830311BB1D4F84031A9
:10B940005B0717D43846FFF75FF8F3796B7331461E
:10B950002046FDF72FFD01220023AA7384F8103141
:10B96000F8BD00DEC7E72321E5E7092A0CBF232144
:10B970002A21E0E70A46384694F81711FFF750F8F5
:10B98000E3E700DECBE700BF80F81611704700BF89
:10B99000704700BF0020704790F81501003818BFAD
:10B9A00001207047D0F80801704700BF90F81401DB
:10B9B000A0F10100B0FA80F040097047B0F81831EA
:10B9C000A0F81231704700BF0023A0F81231704771
:10B9D00038B5D0F80841F4B1D0F80C212368C0F88C
:10B9E00008319442054608BFC0F80C319CB121468D
:10B9F0002846FDF721FD2046FDF7B6FCD5F80841A5
:10BA00004CB1D5F80C212368C5F808319442EED129
:10BA1000C5F80C31EBE738BD70B505460C4639B1B9
:10BA2000042900D070BDFFF7D3FF85F8104170BD29
:10BA3000D0F80861002EF5D0337A112B11D8324995
:10BA40004FF0010C0CFA03F0014061B910F4386FAB
:10BA500007D00A2B13D0CBB195F81631F3B9644651
:10BA600004E000DE337A0A2B09D07BB185F815415A
:10BA70002846FFF7D9FE032385F8103170BD28460C
:10BA8000FFF7D2FE052385F8103170BDD37F86F80D
:10BA90004C302846BDE87040FFF7FABE95F93710E4
:10BAA000002910DB012B20D0022BBBD12846FEF74A
:10BAB00083FC327A037A934221D0082B1DD02A23AB
:10BAC00085F8643170BD012BEED12846FEF774FC79
:10BAD00008B1FF23C372012385F815312846FFF70B
:10BAE000A3FE032385F8103170BDD37F85F817318D
:10BAF0002846BDE87040FFF7F9BE092ADFD12323AD
:10BB000085F8643170BD00BF7FF4030038B50C4682
:10BB10008969054610461A46237AF1B10C2B57D88D
:10BB2000DFE803F00D070707073C3C484242074E99
:10BB3000070021462846FEF7F5FAA16921B10B79E5
:10BB40002E2B1CBF0023A361A37B2BB121462846CB
:10BB5000BDE83840FFF742BE38BDA26120610C2B22
:10BB600036D801A151F823F0CDBB030033BB03004D
:10BB700033BB030033BB030033BB03009DBB030097
:10BB80009DBB0300B5BB0300A9BB0300A9BB030019
:10BB900033BB0300C1BB030033BB0300214628466F
:10BBA000FCF7F6FDA169C9E721462846FFF792FD9B
:10BBB000A169C3E721462846FDF79AFAA169BDE7C6
:10BBC00021462846FFF7B8FDA169B7E71146B5E75A
:10BBD00000DEA169B2E700BF38B50B7A072B0C462F
:10BBE00005460FD00C2B0AD0A37B002262612BB13B
:10BBF00021462846BDE83840FFF7F0BD38BDFEF7C6
:10BC0000D9FAF1E7FDF796FAEEE700BF38B50B7AFF
:10BC1000072B0C46054608D0A37B2BB121462846AE
:10BC2000BDE83840FFF7DABD38BDFDF787FAF3E726
:10BC30000422002380F81021A0F81231704700BFC1
:10BC400090F81031052B0ED8DFE803F00609070342
:10BC50000603D0F8083123B97047FFF719BEFFF784
:10BC600045BEFFF7E1BD00DEF6E700BF90F81031FA
:10BC7000052B04D8DFE803F004151305040500DEE6
:10BC80007047D0F80821002380F815315AB10023FD
:10BC90000121A0F81231917380F810317047FFF73D
:10BCA000F7BDFFF723BE00DEF1E700BF90F81031CB
:10BCB000052B04D8DFE803F004090B04050400DEBB
:10BCC0007047002380F810317047FFF70FBEFFF771
:10BCD000DFBD00BF90F8103110B50446052B12D817
:10BCE000DFE803F0030D09030803FFF771FE0423E7
:10BCF00084F8103110BDBDE81040FFF7C9BDBDE8A4
:10BD00001040FFF7F3BD00DE10BD00BFF0B50446E4
:10BD100083B00E46154673B1D27F1B2A37D8DFF8A1
:10BD2000C4C090F837100CEB4203C9095F780123B7
:10BD30008B403B4040D11846FDF7AAFB074620B395
:10BD400000230360D4F80C311BB31860C4F80C0155
:10BD500094F81031052B42D8DFE803F01E270306C4
:10BD600006062046FFF794FDBB7B1BB139462046F3
:10BD7000FFF734FDD4F8081139B12B46324620467E
:10BD800003B0BDE8F040FFF7C1BE03B0F0BD002333
:10BD9000D1E7C4E94200DBE72A4600212046FFF74D
:10BDA0003BFEBB7B002BE5D0E0E72046FFF79EFD86
:10BDB000BB7B002BDED0D9E71CF812300A2BBAD19E
:10BDC0000193FFF705FE0022A4F8122184F8152143
:10BDD00084F810212046FEF769FC019BABE700DEEA
:10BDE000C2E700BF30DD040010B50446FFF7F0FDE8
:10BDF0000023A4F8123184F8153184F8103110BDF5
:10BE000000B9704700DE704730B991F8D43023F0A4
:10BE1000010381F8D430704700DE91F8D43023F06C
:10BE2000010381F8D43070472DE9F041079D9DF85A
:10BE300018700646A88C4FF6FF7188422ED0314606
:10BE4000284690461C46FBF7F1FE38BB2B780133A1
:10BE5000DBB22B7033B3144BB5F860019A7A1C81B6
:10BE600067F300029A72114A013405F110019360E0
:10BE700004440022D960C3E9006811460B4BA5F8C1
:10BE800060410120F7F71CFA50B9FF20FBF7ECFEE8
:10BE90002846FF21BDE8F041FBF7B2BFBDE8F081C5
:10BEA00000DEF2E700DED6E780180020040600205E
:10BEB000012800D0704700B583B00191F9F710FA5E
:10BEC0000199814202D103B05DF804FB00DEFAE77C
:10BED000C38D23B190F8D42012F0010300D0704735
:10BEE00010B542F0010288B00B4C80F8D420033129
:10BEF0000122CDE902320690CAB2CDE90434CDE97F
:10BF0000003303211846F8F7F9FB10F0FD0F01D1BB
:10BF100008B010BD00DEFBE709BE030038B50C46D3
:10BF20001546FBF77BFB48B11CB1BDE83840FDF777
:10BF30008BBC2946BDE83840FDF760BC022038BD07
:10BF400038B50C461546FBF769FB58B190F9373008
:10BF5000002B05DA2A462146BDE83840FDF782BBB2
:10BF60000C2038BD022038BD064B074A10B41F20F4
:10BF70004FF0FF3425211C60187111705DF8044BDF
:10BF8000704700BF1CB300209460012010B5044628
:10BF900000789DF808C002FB01111A4A014482FB97
:10BFA00001020A44521102EBC20002EB80028A1A1B
:10BFB000D0B2C1082070595C02F0070241FA02F2C7
:10BFC00012F001021DD1B0FBFCF10CFB11015C1E53
:10BFD000C9B20433104600F1080E14F8012F5FFABD
:10BFE0008EFE12F0010F00F1010C4FEA520202D056
:10BFF00039B10139C9B25FFA8CF08645F1D19C4262
:10C00000E9D110BDA7C867DD42880088504070475D
:10C01000F0B5304D304C48404FF0030C060A5FFA43
:10C0200080FE0EEB8E2E06EB862004EA401705EA12
:10C03000400605EA4E0004EA4E1E3E4340EA0E006A
:10C0400000EB002706EB062E06EB0E2600EB072082
:10C05000C6F30746C0F3074040EA062000EB001095
:10C060000CF1FF3C08441CF0FF0C80B2D6D14140DB
:10C070001A48A0FB01400C1A00EB5400400900EBE9
:10C08000C00400EB8400081AC0F3C40400F00705E4
:10C09000145D2C41E407C0B21AD401FB03F3561E11
:10C0A000C3F307430432604600F1080516F8011F88
:10C0B000EDB211F0010F00F101044FEA510102D07D
:10C0C00033B1013BDBB2E0B2A842F2D19642EBD1F0
:10C0D000F0BD00BF10210200408408004D91CFBA8E
:10C0E00000F046BA684620F007018D4601B501F020
:10C0F000F7FCEFF797FDBDE801408546704700BFAC
:10C1000008B50A4BD3F840213AB90120F7F73AF9BC
:10C11000BDE808400220F7F735B90020C3F8400118
:10C12000D3F84031F8F764FAEFE700BF00B0004001
:10C130000020F7F727B900BF90B90E4B0E4A1978C7
:10C1400010788842CBB20DD10C480D4990F800C050
:10C15000013313700B78634507D003780B70704779
:10C1600000DEEAE700DE1378EEE700DE03780B700E
:10C17000704700BF95600120966001209A60012001
:10C18000996001200B4A0C4B117893F800C08C4544
:10C190000DD012781A70094A094B18B9117818781D
:10C1A000884202D012781A70704700DEFAE700DE8B
:10C1B000EFE700BF986001209760012095600120A3
:10C1C0009660012001F0BABD08B50B480B4B027810
:10C1D00019788A420CD00A4B0170002203989860AB
:10C1E00011460120F7F76CF800B908BD00DE08BD64
:10C1F00000DE1978EFE700BF95600120966001200E
:10C20000140600202DE9F041304A314E127833787F
:10C210009A428AB00C4605D12E4B2F4A1B781278D1
:10C220009A4247D02768DFF8C88007F12D0525F02E
:10C230007F45D8F800102846F8F7E8FA10F4000017
:10C2400002D10AB0BDE8F081244A254B11781A7852
:10C25000914213D11F4A20491278097891420DD09A
:10C260001A780132D2B21A7000221E4B0092114687
:10C270001046F8F75BFA10F0FD0F24D11A4BE16875
:10C28000C8F800500022CDE90732184BCDE903224F
:10C29000CDE90531CDE901222D2300933478013415
:10C2A000E4B23B46114610463470F8F7B5F90AB0CF
:10C2B000BDE8F0810768DFF8388007F12D050446F6
:10C2C00025F07F45DAE700DE00DED7E79960012040
:10C2D0009A600120956001209660012097600120FE
:10C2E0009860012085C1030039C10300C9C1030062
:10C2F0002CB300207A4A9368002B00F096802DE939
:10C30000F04F136889B08146002B46D04FF0FF33C1
:10C310008DF80A300DF10A00F9F724F904460028D7
:10C320003BD0037F9907F5D1857A15F00205F1D14D
:10C33000C3684B4555D00668A8462F460DF10A0044
:10C34000F9F710F98346F0B1027F9207F6D1827AAD
:10C350009307F3D4C268B8F1000F21D04A4558D0F2
:10C36000DBF800A031465046F8F750FA00F4000020
:10C3700000280DF10A001CBF5F465646F9F7F2F897
:10C3800083460028E0D1002F08BF274639463846AB
:10C39000FFF738FF30F0020339D109B0BDE8F08F64
:10C3A00091458046DCD1237FE16843F00203237787
:10C3B0002046A3699847FF238DF80A300DF10A0043
:10C3C000F9F7D0F804460028E7D0037F9F07F5D19E
:10C3D000837A9E07F2D4C3684B4502D000DED0F8C2
:10C3E0000C903F4A4846D2E9001303AA98470646F4
:10C3F000002843D010F1100F59D0394A002093681B
:10C400001168984716F10B0F10D08C36C5D000DE9E
:10C41000C3E7227FE16842F0020222772046A26948
:10C420009047D8457FF472AFC5E770472C4A002388
:10C43000D2F80890D2E9004802261360FF278DF851
:10C440000B700DF10B00F9F78DF890B1037F9A078F
:10C45000F7D40DB9DB07F4D4C368A342F1D1037F4D
:10C46000826943F002030377214690478DF80B70F1
:10C47000E7E70125AE420AD02E46E0E7237FA26916
:10C48000E16843F0020323772046904785E70022C6
:10C49000CDE904220692039B00964946404604AA31
:10C4A0000794F9F717F800287FF477AFAFE7A37A7E
:10C4B00043F00203A3720DF10A00F9F753F80146A5
:10C4C00000283FF46AAF037F9D07F4D1837A9C076D
:10C4D000F1D4FFF797FE30F002033FF45EAF96E72A
:10C4E0009018002010B517480FF0C1FB30B3164B61
:10C4F00000249C6000F07AFA00281EDB22462146C8
:10C500000120EFF78DFA224601210B20EFF788FA80
:10C51000214622461820EFF783FA0C4B1022C3F86D
:10C5200004230120EFF74CFA0B20EFF749FA18200B
:10C53000EFF746FA01F0EEFA204610BD6FF0120058
:10C5400010BD00BF48CC040090180020001000402F
:10C5500008B500F05DFA002809DB0120EFF73EFA8C
:10C560000B20EFF73BFA1820EFF738FA002008BD50
:10C57000034603488AB2194683681B68184700BF00
:10C5800048CC040030B4074DAB685C6834B18AB263
:10C59000A44601460023284630BC60476FF0570090
:10C5A00030BC704748CC040030B4074DAB685C68C1
:10C5B00034B18AB2A44601460023284630BC604705
:10C5C0006FF0570030BC704748CC04000020704723
:10C5D00070B5044682B0002833D0204B1A688242DE
:10C5E00029D0FF250DF107008DF80750F8F7BAFFA5
:10C5F000034640B91DE0A1420CD00DF10700F8F749
:10C60000B1FF0346A8B11A7F9207F6D4D96818463D
:10C61000002CF0D11A7F9E6942F002021A77B047CF
:10C620000DF107008DF80750F8F79CFF034600282E
:10C63000E9D102B070BD9B686BB1014600209847FC
:10C64000CFE7064A9368002BCBD011680029C8D0E9
:10C6500000209847C5E700DEC3E700BF9018002020
:10C660000020704710B50446F8F76EFF8CB90D4BEB
:10C670009A68AAB11C6800229A601A6004B1246802
:10C680000020F8F789FF2046F9F716F828B10020B6
:10C6900010BD0028F3D100DEF1E700DE002010BD60
:10C6A00000DEE7E7901800202D20704710B51446F3
:10C6B000F8F7AAF82146F8F7A9F8030204D40230E3
:10C6C000092898BF002010BD002010BD262810B5F5
:10C6D000044613D0272809D0252817D1022001F0BD
:10C6E00091FA2046BDE8104001F092BA502001F0C6
:10C6F00089FA2046BDE8104001F08ABA1A2001F0FC
:10C7000081FA2046BDE8104001F082BA0A2807D914
:10C7100027280AD900DE2046BDE8104001F078BA8B
:10C720000230400001F06EFADBE70330400001F018
:10C7300069FAD6E701F0CABA01F0D0BA08B501F03B
:10C74000FDFABDE8084001F03BBC00BF08B501F0B0
:10C75000F5FA01F035FCBDE8084001F0F9BB00BF77
:10C7600008B501F0EBFA01F02BFC01F00FFCBDE87D
:10C77000084001F0EDBB00BF08B50146114801F0CB
:10C78000BFF901F007FB60B101F0B2FC01F0FAF96A
:10C7900000F080F900280EDBBDE808400020FFF71C
:10C7A00061BF01F0A9FA01F0A3FC01F0EBF900F080
:10C7B00071F90028F0DA00DE0020BDE80840FFF73C
:10C7C00051BF00BFC5C1030010B5044601F0B6FA61
:10C7D00001F0F6FB01F0DAFB01F0BAFB2046BDE800
:10C7E0001040FFF7C9BF00BF10B5044601F0A6FA1C
:10C7F0000D48214601F084F901F0CCFA40B100F077
:10C8000049F900280ADBBDE810400020FFF72ABFE5
:10C8100001F072FA00F03EF90028F4DA00DE0020A0
:10C82000BDE81040FFF71EBFC5C103002DE9F04F62
:10C8300089B01F469DF848B0FF238046894692463E
:10C840008DF81F300DF11F00F8F78CFE002846D040
:10C85000037F9D07F6D1837A9C07F3D405683E6871
:10C860009DF81F300593044629463046F7F7CEFF62
:10C87000BBF1000F53D0BC4208BF002426460DF187
:10C880001F00F8F76FFED0B1027F9107F7D1827ACF
:10C890009207F4D402680490294610460392F7F7F1
:10C8A000B5FF039A049B00F4000000280DF11F005F
:10C8B0001CBF15461E46F8F755FE0028E4D1059B1F
:10C8C0008DF81F30314B9A68002A30D17EBB54B1AD
:10C8D000BBF1000F48D1BC4205D000DE03E02B4B7A
:10C8E0009A68044612BBFA681A60C3E9018938469F
:10C8F000D04704460DF11F00F8F734FE014650B151
:10C90000037F9A07F6D1837A9B07F3D4FFF77AFC6B
:10C9100030F0020333D1204609B0BDE8F08F0002A9
:10C92000A9D5FF23354605935C46A7E70646494649
:10C93000CDF800B0534640463A46F8F7CBFD0146E5
:10C9400080B1BBF1000F0AD1BB7A980707D4C6B1FA
:10C950003046FFF757FC30F0020300D000DE6FF0E6
:10C960007604D8E700DEECE7CDF800B053463A464F
:10C9700049464046F8F7AEFD0028F0D1EEE700DE6C
:10C98000C9E7002C14BF26460E46E1E790180020A8
:10C9900001F1100006F0D2BE70B5054688B00C4615
:10C9A0000122002104A80FF02DFB0F4B019300265C
:10C9B000032369462846039602930AF0B2FB002837
:10C9C00010DB31464FF4004340F2E730E4FB030153
:10C9D0004FF47A720023EAF7E3FB02460B4604A801
:10C9E00006F0E0FE08B070BD91C9030010B501204B
:10C9F000064C03F057F900230121A1606360E36056
:10CA00002146BDE810400AF08CBB00BF34B30020C3
:10CA100010B5012003F046F9044904460AF0F0FB82
:10CA20002046BDE810400AF0C7BB00BF34B3002069
:10CA30000C4B1A780AB10020704710B5012018700D
:10CA400003F030F94FF47A710446FFF7A5FF38B9C7
:10CA500020460AF0B1FB02280CBF00206FF0040052
:10CA600010BD00BF9B60012008B5094BBFF35B8F71
:10CA700053E8002F511C43E800100028F8D1BFF301
:10CA80005B8F002A01DC03F015F9002008BD00BF10
:10CA900030B3002008B50E4BBFF35B8F1A68BFF3AD
:10CAA0005B8F002A10DDBFF35B8F53E8002F511E10
:10CAB00043E800100028F8D1BFF35B8F012A01DCA6
:10CAC00003F00EF9002008BD6FF0770008BD00BF2D
:10CAD00030B3002032207047014B33F8100070470C
:10CAE00068DD040010B50446FFF73AFE01F044FA91
:10CAF0002046BDE81040FFF73FBE00BF38B50446F2
:10CB000001F046F9FFF71AFE962001F069FA0023BA
:10CB100018461A46194601F0ADF90120F8F77EFCD7
:10CB2000F0B11C3001F0C6F801F01EF900BB21463F
:10CB3000104800F0E5FF01F02FFB002104460846F5
:10CB400001F0CEF800210546084601F0C5F82C4456
:10CB5000CB34201A01F0D8FABDE8384001F00EBB02
:10CB600000DE1C3001F0A6F801F0FEF80028DED04F
:10CB700000DEDCE7C9CF030010B50446FFF7F0FD87
:10CB800001F0FAF92046FFF7F7FD054B00210122DD
:10CB900008469C60F6F794FB00B910BD00DE10BD9E
:10CBA00024060020814208B50ED00B7ADB0702D4A0
:10CBB0006FF08B0008BD0C4B1360FFF755FF00288A
:10CBC0000FDB6FF00A0008BD0B7B01EB83010B69E3
:10CBD0001B7803F00F03012B0CBF00206FF08B00BC
:10CBE00008BD00DEEDE700BFF5CE030010B548B18B
:10CBF0000C46FFF74FFF00280BDB2046BDE8104036
:10CC0000FFF730BD044800F07BFFBDE8104001F0A5
:10CC100073B800DEF1E700BFE5CA0300084B042249
:10CC200010B598182821F6F74DFA064B00249C8180
:10CC30000222214604480FF0E5F9204610BD00BF4E
:10CC40006CB300205CB300204CB30020084B0422DE
:10CC500010B598182821F6F735FA064B00249C8168
:10CC60000222214604480FF0CDF9204610BD00BF36
:10CC70006CB300205CB300204CB3002010B5044618
:10CC80000548F6F745FA20B1034600205870636066
:10CC900010BD6FF00B0010BD6CB3002003460020E8
:10CCA000187058709860704738B51E4D2B7B6A7BA2
:10CCB0009A4202D055F8234034B91B48F6F728FAB7
:10CCC000044680B1204638BD184806F091FD2B7B04
:10CCD0006A7B9A42F6D00133DBB2032B08BF0023F4
:10CCE0002B73204638BD11484FF42032002306F044
:10CCF00059FDA0B90D4806F07BFD2A7B6B7B934262
:10CD00000BD0531CDBB255F82220032B08BF0023A5
:10CD10002B7312B11446204638BD00DED2E700DE88
:10CD2000E8E700BF5CB300206CB300204CB30020E8
:10CD300010B5027843789A4214D0D4B24470027885
:10CD4000944204D05A1C4370D3B2022B0ED01A4620
:10CD500000EB82040B70606800B110BDFFF7A4FF08
:10CD6000606010BD0133DBB2022BF0D1002213460C
:10CD7000EEE700BFF8B5027843789342044625D029
:10CD8000D5B2154A507B92F80CC0431CDBB2032B82
:10CD900004EB850708BF00239C450E46796806D042
:10CDA00042F8201053730D4806F0C8FC00216B1C9C
:10CDB000DBB2022B0ABF00221A46134679602370A9
:10CDC000012104EB820431706068F8BD1A4604EB5F
:10CDD00082046068F8BD00BF5CB300204CB3002043
:10CDE00030B5037AC3F302130446002B93FAA3F081
:10CDF000B0FA80F008BF4FF0FF3083B000F10100BF
:10CE00003AD0217A5A1E134063F30611217224305E
:10CE1000FFF75CFC00230DF1070104F10C008DF815
:10CE20000730FFF7A7FF054620B3284600F048FF6C
:10CE30002B7803F00F03022B13D00DF1070104F13F
:10CE40001800FFF797FFE0B121460F4800F058FEA9
:10CE5000962001F0C5F8002003B0BDE8304000F096
:10CE6000C1BF0A48214600F04BFE03B0BDE8304088
:10CE700001F060B800DED8E700DE237AC3F30213C6
:10CE8000BFE700DEE0E700BFFDCA0300E1CE03001C
:10CE900010B50446FFF764FC237A03F07102012AFF
:10CEA00005D1C3F3420262F306132372DBB213F01F
:10CEB000700F05D0636853B193F82C309B0706D5EB
:10CEC00001F05AF82046BDE81040FFF755BC204657
:10CED000FFF786FF00F00AFFBDE8104001F04EB9F1
:10CEE00010B5044600F054FF2046BDE81040FFF79F
:10CEF000CFBF00BF70B5C36804461E68F7F784FC57
:10CF000005463046FFF7D0FB00232D1AC4E9005335
:10CF100023812046BDE87040EBF79ABA10B582B085
:10CF20000446FFF7A1FD002809DB084A0849094823
:10CF300000940023F8F7EEFB18B902B010BD00DE34
:10CF4000F3E77730F9D000DEF7E700BF5184020045
:10CF5000EDCB0300A5CB0300F8B5079D9DF8187035
:10CF60009DF820400E462DB10C78B2EBD41F16D0A0
:10CF70000020F8BD417A01F00301012901D9002CFC
:10CF8000F6D03178B2EBD11FF2D1062206F10801BA
:10CF900018460FF0FBFBB0FA80F04009F8BD1846C8
:10CFA000062208310FF0F2FB0028E1D1C4F380140F
:10CFB000BC42DED10622B11C28460FF0E7FBB0FAD6
:10CFC00080F04009F8BD00BFF0B587B0044600F01E
:10CFD000D5FEC0B2002800F08B8000F0F1FE0546BF
:10CFE00000F0DEFFEDB2064600F0E4FF00F0BAFF0D
:10CFF000FFF7B6FB45B95848214600F081FD07B060
:10D00000BDE8F04000F078BEFF2301208DF8173016
:10D01000F8F704FA0546002800F09880237B95F87D
:10D020001CE004EB830305F11C011F693B46F6B2CB
:10D0300013F802CB0CF00F00012808BF07F108001D
:10D04000CCF380124FEADC170EF00F0C18BF002053
:10D05000BCF1030F4FD0BCF1050FCCD16D7F222D59
:10D06000C9D16568002DC6D095F82C50AD07C2D443
:10D070000DF11705CDE90106009720460395FFF74E
:10D080006BFF0028B7D00420F8F7C8F90028B2D009
:10D090003248214600F034FD00F02EFE00F064FE20
:10D0A000002855D1626892F82C3043F0010382F8D1
:10D0B0002C30F8F7CDF917224FF6FF730271C380B9
:10D0C0008460054601F00EF8286101F05FF8002148
:10D0D0000446084600F004FE241A6C61F8F7B8F91B
:10D0E000E8602868294607B0BDE8F040F8F7DAB9EB
:10D0F000FFF736FB7FE7697F0C297FF47CAF0028C0
:10D100007FF479AF617ACF0702D5002E3FF473AF79
:10D11000B2EBDE1F7FF46FAF062205F12401184643
:10D120000FF034FB00287FF466AF0D48214600F075
:10D13000E7FC00F0FFFE237E04EB8303D86900F0D8
:10D14000BFFD00F011FE28B907B0F0BD00DE65E7B5
:10D1500000DEA7E700DEF7E791CE030079CB0300FE
:10D16000E1CE0300F8B50546FFF7FAFAF8F796FAAC
:10D17000044600283FD0214B214A1B781178A27920
:10D1800020485B0001F0010103F002030B4322F091
:10D19000030213431C4A01881278A18001202070E9
:10D1A000A371227219B195F92730002B04DB2846B0
:10D1B000BDE8F840FFF7E0BA95F82C30C3F302134E
:10D1C000022B16D0042B0CBF4FF4BC77282700F09D
:10D1D000C9FF064600F0CCFF361AE660EA6BC4E9E8
:10D1E00004270023EB636B642846BDE8F840FFF793
:10D1F000C3BA1827EBE700DEBDE700BF9E60012041
:10D200009F600120006001209C60012008B500F0B3
:10D21000E1FD02780346012161F301021A7000204A
:10D2200008BD00BF00207047704700BF30B40849F8
:10D23000084A094D094C0A4800230B80137009491C
:10D24000094A2B80237003700B70137030BC704739
:10D2500000600120A0600120026001209F60012089
:10D260009E6001209D6001209C600120814207D0CA
:10D2700091F82C305B070BD50B4B188840B97047E1
:10D28000094A0A4B128819781AB941B100DE03E045
:10D29000064B1B78002BF9D16FF08B0070470122F1
:10D2A0001A706FF00F007047026001209D6001202E
:10D2B00038B50D4678B30446FFF7ECFB002847DB92
:10D2C000E2682389518B938301330B4492F9271031
:10D2D0005383002913DBF8F7E1F9002836D083796E
:10D2E00023F00303002243F0020301210170828036
:10D2F000837102722846BDE83840FFF7B3B9208930
:10D30000136B916B00FB03330B44516B8B4228BFB3
:10D310000B469363DFE791F92730002B0ADB0D48BA
:10D32000294600F0EDFB00F0E7FC95F87E301B0786
:10D3300008D438BD084B1B88002BF0D1074B0122C5
:10D340001A70ECE7BDE8384000F0D6BF00DEC6E753
:10D3500000DEB5E765D10300026001209E60012078
:10D36000F8B505460120F8F759F8024658B30021F0
:10D37000517795F86760B5F85A7006F007063046A1
:10D3800002F11C0400F000FC95F87E30B2001B078F
:10D39000F9B242F001020ED50431C9B2082000F002
:10D3A0005FFC2246314605F17F0000F0FBFEBDE840
:10D3B000F84000F07FBC082000F052FC2046BDE899
:10D3C000F84000F077BC00DED1E700BF38B5044676
:10D3D000FFF7B4F9244AA08913880133138000F0C1
:10D3E000FFFD94F8662094F86700C2F3C00300F0D4
:10D3F000070002F00702002100F03CFD2046FFF785
:10D40000AFFF00F0B1FC60BB00F0C6FE258A03460A
:10D4100094F8670001210D3500F007001D4400F06D
:10D420005FFC94F8673003F00703022B054416D025
:10D43000042B0CBF4FF4BC73282394F86600C0F390
:10D44000C00100F007001D4400F046FC281A00F05F
:10D450005BFE21460548BDE8384000F051BB18236B
:10D46000EBE700DED0E700BF0260012085D50300B6
:10D47000F8B50F4690F86610B0F8586001F0070450
:10D480000546C1F3C001204600F07EFB95F87E30D2
:10D49000A200DB0642F00102F1B20DD50431C9B29F
:10D4A000082000F0DDFB394605F1A00000F0C0FEC9
:10D4B000BDE8F84000F004BC082000F0D1FB38467D
:10D4C000BDE8F84000F0FCBBF0B5054683B001AA0A
:10D4D000806E0F46E96EF5F781FE95F87E305A07AB
:10D4E000064638D448B3019C95F87D3095F87C20E9
:10D4F00004341C4412B9627885F87C2033B1237857
:10D50000012262F30103237095F87D3095F87C20A9
:10D51000D31A63702846FAF755FD637883422AD9F7
:10D5200060700122237803F00F03002143EA021305
:10D530002370A1703C6003B0F0BD43F0040385F894
:10D540007E3000F047FC0446237823F0100323705C
:10D550003C6003B0F0BD43F0040385F87E3000F07A
:10D5600039FC0446002EEFD0037843F0100303701B
:10D570003C6003B0F0BD3268EB6ED21A18BF0122D6
:10D58000D0E700BF2DE9F04383B0044600F0F6FB7E
:10D59000C0B2002879D000F013FC5FFA80F800F0E8
:10D5A000E1FCFFF7D3F8A84A138801200344138055
:10D5B000F7F734FF0546002800F0EB80B8F1000FC4
:10D5C00018D1A24B1F78002F6AD1012201A9204651
:10D5D0001A70FFF779FF94F92730002B80F2F98059
:10D5E000676CB946002F00F0CF804FF00009019E14
:10D5F000474660E094F87E302A7F03F00101C2F3D1
:10D600008000884200F0A28094F9272081F0010177
:10D6100061F30003002A84F87E3005DA94F82C3098
:10D6200043F0080384F82C3094F87E305E0700F154
:10D63000C780D4E91A0101AAF5F7D0FD0646F0B17A
:10D6400094F87D20019B1344597971B194F87E3090
:10D65000D8060AD5D4F8B0300133C4F8B030D4F8C5
:10D66000B43043F10003C4F8B43094F87C300A4479
:10D67000D2B29A42C0F0B58000F0D28000DE94F8B9
:10D680007E302A7F4FF0000962E0FFF75FF87048B4
:10D69000214600F035FA03B0BDE8F04300F02CBBA2
:10D6A000013FFFB201A920461F70FFF70DFF002FB9
:10D6B00091D1019EC1466648214600F021FA00F052
:10D6C00039FC94F87E20337862F3C303337094F806
:10D6D0007E303278C3F3400363F382023270314606
:10D6E0002046FFF7C5FE00F03FFB00286FD100F099
:10D6F00039FD88B1B9F1000F15D0A08A4FF6FF733C
:10D70000984200F085804946FAF7F0FB7FB903B0F4
:10D71000BDE8F043F7F7BEBE00F018FD00F01CFDB9
:10D72000B9F1000FE9D117B903B0BDE8F083F7F7FD
:10D730008FFE03232B71A38A2868EB802946F7F715
:10D7400099FE03B0BDE8F043F7F7A4BE4FF000091F
:10D75000C2F3C002C3F340039A4245D000273B4ABC
:10D760003C4B002111702046012201A91A70FFF7DD
:10D77000ABFE94F92730002B4DDB2B7FDA0603D468
:10D78000019E3378DB0627D5334B1B783BB1019ED6
:10D7900091E700DEB8F1000F3FF413AF2AE7E0890C
:10D7A00000F01EFC94F8670000F0070000F01AFB80
:10D7B0002A48214600F0A4F900F0E0FC019E80E731
:10D7C00023F0040384F87E3000F004FB57E700DE0A
:10D7D0008DE70027B946D7E77378002B3FF46BAF8E
:10D7E000D2E784F87D204AE70320F7F717FE0028E8
:10D7F000B4D094F87E3083F0020384F87E306B7FDF
:10D80000002BABD094F87E30190729D40127A6E766
:10D8100000DEA08A77E7636C002BAED0B846E6E660
:10D820000022A4F87C20E06E04F16801F5F7DEFC2C
:10D83000019B1B683360019B1E60DDF8049094F827
:10D840007E302A7F84E700BF00600120A0600120B5
:10D8500065D103009F6001209D600120CDD30300AE
:10D8600000F018FD00285DD000F03CFD002849D1F3
:10D87000D4F88F30D4F89320134304D12B7F03F0D6
:10D880000303032B28D0284B2848022221461A7074
:10D8900000F036F900F030FA00F066FAB8B900F09E
:10D8A00061FC60B1B9F1000F3FF43EAFA08A4FF6C2
:10D8B000FF7398420DD04946FAF718FB27E700F0AE
:10D8C00045FC00F049FCB9F1000FEFD12CE700DE78
:10D8D000E5E700DEA08AEEE700F080FA4278272A2A
:10D8E0000146D0D8033205F11C000EF020FFD4F819
:10D8F0008F30D4F89320013BC4F88F3042F1FF33CE
:10D90000C4F89330D4F88F30074A0133C4F88F300D
:10D91000D4F8933004F18F0143F100034B600123ED
:10D92000137073E700DE9FE79C60012065D1030060
:10D9300010B582B00446FFF797F8002809DB084AC3
:10D940000849094800940023F7F7E4FE18B902B02B
:10D9500010BD00DEF3E77730F9D000DEF7E700BF57
:10D9600081850200B1D203006DD203004FF08053D5
:10D970000246D3F8A410013107D04FF08051D1F8FE
:10D98000A00010F0010009D17047D3F8A8304FF67D
:10D99000FF719BB28B42F0D100207047D1F8A430C8
:10D9A0001360D1F8A8301371C3F3072363F03F036A
:10D9B0005371D1F8903001331CD0D1F89430013339
:10D9C00018D0D1F89830013314D0D1F89C300133FD
:10D9D00010D0D1F89030C2F80630D1F89430C2F8A7
:10D9E0000A30D1F89830C2F80E30D1F89C30C2F825
:10D9F000123008E00023C2F80630C2F80A30C2F83C
:10DA00000E30C2F812300120704700BF00234FF0E3
:10DA10008052036043608360C360D2F8803001337A
:10DA200018D0D2F88430013314D0D2F888300133C2
:10DA300010D0D2F88C3001330CD0D2F880300B608B
:10DA4000D2F884304B60D2F888308B60D2F88C30BA
:10DA5000CB60704700230B604B608B60CB607047DE
:10DA6000054B4FF480320021C3F80815C3F8442356
:10DA7000C3F80423704700BF00B00040054B18787E
:10DA8000421C1A7018B9044B01221A607047012019
:10DA9000704700BFA160012000B00040074B18781C
:10DAA00048B10138C0B2187018B9054B01225A604C
:10DAB00070470120704700DE1878F2E7A16001206E
:10DAC00000B00040014BD3F80405704700B000409F
:10DAD000024B00F5A87043F82010704700B00040DA
:10DAE000044BD3F8103123B1034A044B10681B6870
:10DAF000184770470010004024B7002028B70020C6
:10DB0000024A034B11601860704700BF24B7002021
:10DB100028B700204FF080434FF0FF320021C3F8B8
:10DB2000002EC3F8042EC3F8081EC3F80C2EC3F849
:10DB3000101EC3F8142EC3F8182EC3F81C2EC3F8F9
:10DB4000202EC3F8242EC3F8282EC3F82C2EC3F899
:10DB5000302EC3F8342E7047084B094810B44FF4E8
:10DB6000905100244FF41052C0F81845C3F8001823
:10DB7000C3F804285DF8044B704700BF00F0014073
:10DB800000100040704700BF054B02280CBF042165
:10DB9000032140F20122C3F81015C3F85026704744
:10DBA00000100040072819DC831EDBB2052B11D9B9
:10DBB000002818DA031D1BDA10F1080F1ADA10F129
:10DBC0000C0F19DA10F1100F18DA10F1150FCCBF85
:10DBD000EC20D8200A4BC3F80C057047084B0820EE
:10DBE000C3F80C057047064B0020C3F80C057047BE
:10DBF000FC20EFE7F820EDE7F420EBE7F020E9E781
:10DC000000100040014BC3F80805704700100040A9
:10DC1000084B00F07F00C3F85405D3F8182522F014
:10DC20000072C3F81825D3F8182542F00072C3F823
:10DC30001825704700100040084A00210123C2F84F
:10DC40002C15C2F83035C378C2F8243581780388A2
:10DC500043EA01431B02C2F81C3570470010004024
:10DC600002F01C03A3F1080302F00302B3FA83F3EA
:10DC7000013A5B091B06022A98BF43F4801300F0A7
:10DC80000F000A4A184340F48070C2F81405D2F815
:10DC90001805074B0340C2F81835D2F81835194358
:10DCA00041F44031C2F81815704700BF0010004021
:10DCB0000000F8FE014BC3F8040570470010004057
:10DCC000014BC3F8040570470010004002280CBF48
:10DCD00028202920704700BF012070472920704765
:10DCE00002280CBF05200A20704700BF014B01220B
:10DCF0001A607047001000400C4B0D480D4910B4DD
:10DD00004FF41064C3F8084501224FF480245A6090
:10DD1000DA60C0F84843084CC3F808450020C1F851
:10DD200000020A615DF8044B704700BF00F001403B
:10DD300000B0004000100040C001700E094B0022EE
:10DD4000C3F80021D3F80011C3F80421D3F804115B
:10DD5000C3F80C21D3F80C11C3F81021D3F81031FB
:10DD6000704700BF00100040034BD3F8000100389B
:10DD700018BF0120704700BF00100040034BD3F8CC
:10DD80000C01003818BF0120704700BF0010004090
:10DD900001207047034BD3F85005B0FA80F04009DA
:10DDA000704700BF00100040044B40F20312C3F85C
:10DDB0003425C3F83805C3F83C15704700100040FF
:10DDC000034BD3F80004003818BF0120704700BF90
:10DDD000001000400048704724B6002000487047FB
:10DDE00020B50020F0B41D4B1D4D1E4E1E4C1F4F84
:10DDF0000322C3F800222A78C6F8687502F10C03E2
:10DE0000DBB2D000DB00910003F1804300F18040E1
:10DE100003F5F83300F5F83001F18041C6F86C05E0
:10DE200001F5104104EB82041148C3F81045C3F812
:10DE30001405D1F840352D2B8ABFD1F84035012388
:10DE40002D3BC1F840350132064B4FF4106102F012
:10DE50000102C3F804152A70F0BC7047001000409E
:10DE6000A260012000F00140409100400C110040F0
:10DE7000041000402DE9F041284E294C294FDFF8CD
:10DE8000ACE0DFF8AC800323C6F800322178CEF88E
:10DE9000688501F10C03DBB2DB00CD0003F18043A8
:10DEA00003F5F83305F1804507EB810705F5F835F3
:10DEB000CEF86C554FEA810CC3F8107549F63465FD
:10DEC000C3F814654AF2B813022A18BF1D460CF1B4
:10DED000804C42F2B84241F28833022818BF134600
:10DEE0000CF5104C104A2B44A2FB0323DCF8402510
:10DEF000B2EB931F85BF9809DCF8403501231B1A4C
:10DF0000CCF840350131094B4FF4106201F00101AA
:10DF1000C3F804252170BDE8F08100BF0010004067
:10DF2000A260012040910040D34D621000F00140FA
:10DF30000C1100400449054B03204FF41062C1F856
:10DF40000002C3F8082570470010004000F00140AF
:10DF5000034B0022C3F81C21D3F81C31704700BFCB
:10DF600000100040034BD3F81C01003818BF0120FB
:10DF7000704700BF00100040034AD2F8403623F03B
:10DF8000FF03C2F84036704700100040034B0022E8
:10DF9000C3F81421D3F81431704700BF00100040BB
:10DFA000034BD3F81401003818BF0120704700BF9D
:10DFB00000100040014BD3F81004704700100040DF
:10DFC0000449054B054A4FF48020C1F84803C3F8C3
:10DFD0000825704700B0004000F00140C001700EFD
:10DFE000034B044A1B7803F5A87342F823007047DB
:10DFF000A260012000900040F0B4A2F574232F4DE0
:10E00000A3F51073AB42044606D902F1E87202F59B
:10E01000D432013902F5A572294B2A482A4D2B4EDC
:10E020000127DF600027C3F80475A0FB0202042764
:10E03000C3F81075900C0227C3F80875244AC3F87A
:10E040004005C5F848154FF48021C5F84413402118
:10E05000C2F84065C2F84435C2F8041544B34FF421
:10E060008013C2F804351B4A194B1B4D0124D460A0
:10E0700000210424C2F80415C2F81045C2F808159E
:10E08000C3F828290C32C3F85055C3F8542502F5BB
:10E09000AF32124CC3F8584502F5FC72C3F85C2548
:10E0A0000F49C3F860150832C3F86425F0BC704707
:10E0B0004FF40013C2F80435D5E700BFBFBDF07FB1
:10E0C0000080004083DE1B4300B0004048B10040A8
:10E0D00000F00140009000400C11004040910040D1
:10E0E00044910040014BD3F84805704700B0004010
:10E0F0000349044A01234B600B615360136170476D
:10E1000000800040009000400449054BC1F84405E0
:10E110004FF08862C3F80425704700BF00800040BC
:10E1200000F00140054B06480649074AC3F8480578
:10E13000C3F84C15C3F80425704700BF00F0014038
:10E14000001100404080004080000004014BD3F8E3
:10E150004405704700800040014B1860704700BFC5
:10E160001CB50020014B1868704700BF1CB500208B
:10E17000014BD3F84005704700800040024B4FF040
:10E180000062C3F80425704700F00140014BD3F84A
:10E190004805704700800040014BD3F848057047A0
:10E1A000008000401C4B30B40024C3F80045022915
:10E1B0004FF00204C3F80045044626D003F580332F
:10E1C0004FF00071154DC3F80415134B1448C3F8F4
:10E1D00004550021C3F80845124CC3F80C05C3F8D8
:10E1E0001025C3F81445C3F80012C3F80011D3F882
:10E1F0000021C3F80411D3F80421C3F80811012247
:10E20000D3F808111A6030BC7047074B074D4FF028
:10E210000071C3F80415D8E700F0004001000001C8
:10E2200020B5002010B4002000F0014001000101E1
:10E2300010B4144B002204460220C3F80025C3F892
:10E2400000051148C3F80405C3F808450F48C3F892
:10E250000C150F4CC3F810050121C3F81445C3F881
:10E260000012C3F80021D3F80041C3F80421D3F809
:10E270000441C3F80821D3F8082119605DF8044B64
:10E28000704700BF00F000400000010120B50020F1
:10E2900010B4002038B5114C0223C4F80433D4F86C
:10E2A000043163B92025EFF3118085F31288BFF3A1
:10E2B0006F8F09F040FAD4F80431002BF3D0074BEC
:10E2C000074A02204FF40041C3F80803C2F8801146
:10E2D000D3F80801B0FA80F0400938BD00F00040E2
:10E2E00000E100E0034BD3F80004003818BF012020
:10E2F000704700BF00F00040034B012100229960ED
:10E30000C3F80025704700BF00F000400139012923
:10E3100005D80B200AB1EDF753BBEDF75FBB00DE6C
:10E32000704700BF29B10139012905D80B20EDF74D
:10E3300069BB1820EDF766BB00DE0020704700BF08
:10E3400088420BD0012803D0022809D00020704752
:10E35000A1F10200B0FA80F0400970470120704737
:10E36000A1F10100B0FA80F040097047012908D0FE
:10E37000022906D059B9074B4FF08072C3F800212B
:10E380007047044B4FF40062C3F80021704700DE71
:10E39000704700BF00E100E008B50DF034FF08BD94
:10E3A000032803D8054B185C28B1704700DE034BE7
:10E3B000185C0028F9D100DE704700BF90DD040032
:10E3C000013810B41C46042806D8DFE800F0091311
:10E3D0001D270300042935D000DE5DF8044B70478B
:10E3E0000429F9D11B4B9C605DF8044B02210020ED
:10E3F000F4F766BF0329EFD1174B01219C605DF84C
:10E40000044B0846F4F75CBF0429E5D1134B9C602C
:10E410005DF8044B02210120F4F752BF032909D013
:10E420000429D9D10E4B02219C605DF8044B0846AB
:10E43000F4F746BF0B4B9C605DF8044B01210220B2
:10E44000F4F73EBF084B9C605DF8044B02210320AB
:10E45000F4F736BF8406002074060020640600200E
:10E460004406002054060020340600200146002007
:10E47000FFF72EBB124B30B4012104460020596037
:10E48000C3F80445C3F80001C3F80401196005E0AE
:10E49000D3F8042132B9D3F804251AB1D3F80021F6
:10E4A000002AF5D05960D3F80421002AE7D1D3F827
:10E4B0000455002DE3D0C3F8042530BC704700BFDD
:10E4C00000E0004070B5114C0126D4F80455666098
:10E4D0000E20EDF783FAD4F8040140B10021C4F80E
:10E4E0000411D5E90E323046BDE870401847D4F823
:10E4F000003143B1C4F80001D5E90E3205F1200125
:10E50000BDE87040184700DE70BD00BF00E000406D
:10E5100070B58CB00E4615460146102268461C4662
:10E52000F4F72AFE10220DEB02003146F4F724FE28
:10E530006846FFF79FFF25B1102208A92846F4F787
:10E540001BFE2CB108AD0FCD20606160A260E360BE
:10E550000CB070BDF8B5036900AF0C4603F1A0051F
:10E56000BFF35B8FD3F8A030BFF35B8FC3F380039F
:10E57000994218D1184A194B6E4688B0002918BF25
:10E5800013466A461649CDE905134FF40073ADF8FA
:10E590001C30144B42F8103F134800234FF4E45151
:10E5A000ECF7C6FBB546BFF35B8F5CB155E8003FA7
:10E5B00043F0040345E80032002AF7D1BFF35B8F34
:10E5C000BD46F8BD55E8003F23F0040345E800329E
:10E5D000002AF3D0F6E700BFD93906009C380600C0
:10E5E000A338060003000001D4D004002DE9F04751
:10E5F0000546D0F808A0894690461F460CF061F801
:10E600000446C0B1067DF30709D5037E1648174AB4
:10E61000012108F066FF6FF07700BDE8F0873B4608
:10E62000424649460CF005F840B9237E104A0E4890
:10E63000012108F056FF6FF01200EEE79DF8203040
:10E6400084F8198026F00606678323772675DAF8A2
:10E650001830214628469847227DB0FA80F35B099E
:10E6600063F300022275D8E7D4D00400B538060061
:10E67000CF38060070B5054686680CF022F80446CF
:10E68000D0B1037DDB0708D4037E0D480D4A01217C
:10E6900008F027FF6FF0770070BD0146F369284648
:10E6A000984738B1237D03F00103227D63F3000214
:10E6B0002275F1E70346F8E76FF01200ECE700BFC0
:10E6C000D4D00400F1380600F8B587680546FB6B26
:10E6D0000C46984728690BF0E2FFD0B12146284646
:10E6E0000BF0EFFF0646B8B1037D9B0705D0037E14
:10E6F0000B4A0C48032108F0F4FE346824B1BB68CF
:10E70000314628469847044628463B6C98472046A1
:10E71000F8BD4FF0FF34F7E76FF01204F4E700BFE5
:10E720000C390600D4D004002DE9F341D0F808805C
:10E730001746D8F83C3005460E4698470C4800224C
:10E7400000233946EDF714FD044670B9094A0A481A
:10E7500000963B46012108F0CEFE2846D8F840300E
:10E760009847204602B0BDE8F0810676F5E700BF85
:10E77000A80A00202D390600D4D0040010F0080F9C
:10E780000B4B42B20CD100F00F00002A4FF01402E4
:10E7900002FB0033B4BFD3F80806D3F8080770476C
:10E7A000002AB4BFD3F8A806D3F8A807704700BF63
:10E7B00000700240F8B50246EFF31181202383F385
:10E7C0001288BFF36F8F00F008050CF096FA012451
:10E7D000844057066FEA04061BD0D5B9174F3B6833
:10E7E00023FA00F0C00714D533403B6053B2DB433B
:10E7F00022F08000DB0F00F2DA301B0103EB400354
:10E800000F48C0F80038D0F8043843F00203C0F8CD
:10E8100004380C4803683340036035B90A4803687C
:10E82000120654BF334023430360054BC3F86C44C6
:10E8300081F31188BFF36F8FF8BD00BFB4B700201C
:10E8400000700240B8B70020BCB70020EFF3118081
:10E85000202383F31288BFF36F8F0A4BD3F8001C79
:10E86000032261B949F27531C3F8001CC3F8142DB5
:10E87000C3F8001C80F31188BFF36F8F7047C3F893
:10E88000142DF7E700E00640EFF31180202383F317
:10E890001288BFF36F8F0A4BD3F8001C61B949F29D
:10E8A0007532C3F8002CC3F8141DC3F8002C80F394
:10E8B0001188BFF36F8F70470022C3F8142DF6E75D
:10E8C00000E0064070B502460CF017FAEFF3118530
:10E8D000202383F31288BFF36F8F531E0124062B6E
:10E8E00004FA00F40FD80E4E0E4B31681B680B4330
:10E8F000C34013F0010306D10B4802F59472214383
:10E9000040F822303160094A136823431360084BF2
:10E910008022C3F8042185F31188BFF36F8F70BD87
:10E92000B4B70020BCB7002000700240B8B7002088
:10E9300000E100E0F8B50306044623D410F0080710
:10E9400020D100F00F02920002F1804202F51C3249
:10E95000D2F84434B3B1EFF31186202383F3128845
:10E96000BFF36F8F0CF0C9F9084DC2F8A0740123F2
:10E9700003FA00F12B6823EA01032B6086F3118868
:10E98000BFF36F8F024BC3F81845F8BDBCB700202A
:10E990000070024010B591F91800154B0A7E00284E
:10E9A000B4BFD3F81045D3F8144502F00F02012389
:10E9B000934023420DD10E4A0028B5BFD2F810056E
:10E9C000D2F8140503430343B4BFC2F81035C2F8AC
:10E9D00014350B7E1A0709D4054AC2F80C3543F4E6
:10E9E0008073C2F80C35087EFFF7A4FF002010BD2D
:10E9F000007002400B7E064A13F07F0F0BBF01230D
:10EA000043F480735365C2F818350020704700BF87
:10EA10000070024070B506460D460BF052FE0446EB
:10EA20000BF058FE28BB20460BF077FE08B3802D74
:10EA300016D1437E9A0744BF0E4A15705B070FD567
:10EA40000D4B1B7813B90D4B01221A6520460BF0B4
:10EA500060FE002201463046BDE870400BF076BEF5
:10EA60002846FFF72FFF20460121BDE870400BF03C
:10EA700035BE70BDA5600120AA6001200070024073
:10EA800070B506460C460BF01CFE05460BF022FE48
:10EA900020BB28460BF041FE0146F8B1ACB9437EDD
:10EAA000D8071BD49A0704D50D4B1C700D4B0122BF
:10EAB000DA644B7E5B0708D50B4B1B7873B130468D
:10EAC0000022BDE870400BF041BE2046FFF7FAFE81
:10EAD00028460121BDE870400BF000BE70BD00BFAC
:10EAE000A560012000700240AB60012008B5054A16
:10EAF000054803210CF009F90DF062F803F068FDF8
:10EB0000002008BD5B390600DCD0040010B5446865
:10EB1000206801F0C7F8104B1860104B1B782BB120
:10EB20000F4B0022186811460BF004FE0022012151
:10EB30002720ECF775FF201D03F018FD04F10800F5
:10EB400003F052FD0DF035F8064A074803210CF09A
:10EB5000DCF8002010BD00BF6CB70020A7600120CA
:10EB6000C0B7002064390600DCD00400012810B5CD
:10EB700003461AD002280AD000BB144B02460146B5
:10EB800018680BF0D7FD124B01221A700CE0114BE4
:10EB9000114C00221A70114BC4F800332720ECF7F7
:10EBA0000FFF0123C4F8043510BD084B00220146B5
:10EBB00018680BF0BFFD064B0022E6E7084A09483B
:10EBC000BDE81040012108F08CBC00BFC0B7002098
:10EBD000A7600120A660012000700240FDFFDF0158
:10EBE00070390600DCD00400014601480DF076BD06
:10EBF0006409002008B5054B1970054B1B7813B14B
:10EC00000420FFF7F1FF002008BD00BFA86001202D
:10EC1000A960012010B50469087E0D4A0CF06DF85A
:10EC2000012303FA00F013680343136005F010FC9E
:10EC30004020FFF7D9FF4FF0FF324FF0FF3304F1D0
:10EC40008401044805F044F805F016FC002010BDCE
:10EC5000B0B70020800900202DE9F043064689B0B6
:10EC600007694D4A4D4803210CF04FF84C4B1E608C
:10EC700007F184000DF0F6F800220023CDE9062309
:10EC800000246FF00703CDE90334CDE90144454B7F
:10EC9000454900964FF40072444805F0C9F8DFF882
:10ECA0003481434941480DF0B4FAD8F81020414B63
:10ECB000134043F4820343F04003C8F81030C146C8
:10ECC00088F81840414630460BF00DFD3A4B3B4A60
:10ECD000054678B13A4A314801210CF016F8284629
:10ECE00009B0BDE8F083016919401143016108F1E1
:10ECF0002008E5E70134092C10D009EB4410082C5A
:10ED0000817C41F040018174EDD1D9F810112D487A
:10ED100008402D490143C9F81011E8E72B4C2C4B52
:10ED20002269134043F4041343F0400323618046F7
:10ED3000A14668F07F012176304621460BF0D3FCD6
:10ED40001D4B1E4A05460028C4D108F10108B8F140
:10ED5000090F17D009EB4810B8F1080F817C41F07A
:10ED60002001817408D1D9F81011164808401649BD
:10ED70000143C9F8101103E0016919401143016111
:10ED80002034D6E797F8803023F0720343F0720303
:10ED900087F88030A3E700BF87390600DCD0040085
:10EDA000C0B7002081EE030000830120A0180020DE
:10EDB0008F3906000000BEFF0000F9FF400006008A
:10EDC000983906000000F7FFFF010800C4B70020D3
:10EDD0000000DEFFE4B8002010B50C4620461146C6
:10EDE0000BF09DFC207E0BF088FF014603480BF0E2
:10EDF0008EFF0120FFF7F8FE002010BD08BA0020AA
:10EE000008B5064A0B7EC2F80C3543F48073C2F88D
:10EE10000C35087EFFF78EFD002008BD0070024013
:10EE200010B50C7E4FF0FF324FF0FF33114804F065
:10EE3000B9FC2046FFF7BEFC04F00F02012393400B
:10EE40000D4A14F0800F14BFD2F81015D2F8141523
:10EE50006FEA030315BF0B400B40C2F81035C2F830
:10EE60001435044804F06AFC044B8022C3F80421E2
:10EE7000002010BD140900200070024000E100E0F5
:10EE80002DE9F04FBF4D85B004464FF0FF384FF0ED
:10EE9000FF390022CDE900894FF0FF31BA480DF06B
:10EEA00024FCB9484FF0FF310DF01BFC0746380732
:10EEB00033D5B64AB64803210BF027FFB548424682
:10EEC0004B4604F06FFCEFF31182202383F312888A
:10EED000BFF36F8FB04B1B787BB1D5F8003413F4C0
:10EEE00000730AD10121C5F82C15D5F82C15D5F8D9
:10EEF0000014890548BFC5F82C3582F31188BFF38B
:10EF00006F8FA44804F01AFC01212046FFF722FB72
:10EF10000022032120460BF00DFCFE060DD59F4A72
:10EF20009B4803210BF0F1FE00212046FFF712FB66
:10EF30000022022120460BF0FDFBB8060DD5984AB1
:10EF4000934803210BF0E1FE00212046FFF702FB6E
:10EF50000022022120460BF0EDFBB90761D4FA072D
:10EF600010D5BFF35B8F8F4B002253E8008F43E82F
:10EF700000210029F9D1BFF35B8F0126B8F1000F02
:10EF800040F0C080790734D5874B4FF0000C83F8F0
:10EF900000C0D5F88004C0B28DF80800D5F88414FC
:10EFA000C9B28DF80910D5F88834D5F88C2443EA15
:10EFB00002239BB2ADF80A30D5F89024D5F89464BA
:10EFC00042EA0622ADF80C20D5F89824D5F89C64C6
:10EFD00042EA062292B2754EADF80E20002840F0AB
:10EFE000AA80052940F0A78001213170002A00F095
:10EFF000AE807B067FF549AF206984304FF0FF3249
:10F000004FF0FF3304F0A6FA694E3168002940F052
:10F01000DD80684804F022FE2069843004F00CFB97
:10F0200033E7654BBFF35B8F002253E8008F43E863
:10F0300000210029F9D1BFF35B8F4FF0010AB8F12D
:10F04000000F8CD098FAA8F3B3FA83F30F2B1E4667
:10F05000C6BFA3F11006F6B246F080060AFA03F323
:10F0600028EA03083306314620462FD50BF029FB4A
:10F0700083460BF04EFB814650B9504A4448334614
:10F08000012108F02EFA31462046FFF7C3FCD6E7EF
:10F09000002158460BF022FB0022494620460BF087
:10F0A00055FB802EEFD1404B002183F800A0204675
:10F0B000C5F850A00BF005FB0BF02BFB0146002818
:10F0C000E1D0002220460BF041FBDCE70BF0F9FA1F
:10F0D00083460BF01EFB814650B9394A2C48334613
:10F0E000012108F0FEF931462046FFF7C9FCA6E7EA
:10F0F000584600210BF0F2FA0022494620460BF058
:10F1000025FBF0E798FAA8F3B3FA83F30F2B19461F
:10F11000C6BFA3F11001C9B241F0800106FA03F3A2
:10F120000A0628EA0308204602D5FFF773FC25E704
:10F13000FFF7A6FC22E7234A86F800C0D5F8703412
:10F1400012789A420AD1204B00221A7014E003F080
:10F150007F03ADF80A30ADF80C20F4E71A4A01231A
:10F16000137033704FF4A063ADF80830D5F87034E5
:10F17000ADF80A30CDF80CC002A920460BF00DFB0B
:10F1800037E700BF0070024064090020B439060070
:10F19000DCD0040014090020A6600120CB39060051
:10F1A000E139060008BA0020AB600120AA60012006
:10F1B000B0B700208009002004BA0020F939060009
:10F1C000123A0600A8600120A960012091FAA1F777
:10F1D000B7FA87F70F2F3946C6BFA7F11001C9B29A
:10F1E00041F0800120460BF06CFA804690F81890B0
:10F1F0004FF0FF324FF0FF33134804F0D3FA484684
:10F20000FFF7D8FA104804F099FA104B8022C3F89F
:10F210000421414620460BF0B1FA002140460BF094
:10F220005DFABFF35B8F0123BB40094ADB4352E821
:10F23000000F184042E800010029F8D1BFF35B8FAE
:10F24000326813403360E0E61409002000E100E07A
:10F2500004BA00204FF08053D3F83031082B02BF9E
:10F26000024B0022C3F81C2C704700BF0070024004
:10F270002DE9F04105464FF0FF324FF0FF33414892
:10F2800004F090FA404B8022C3F884212720ECF749
:10F29000B9FBA8B13D4F3E4B3C681B686FF30F04B0
:10F2A0001C434FF00108002C37D13A4E40F2FF13B7
:10F2B0003B602720C6F80445ECF790FBC6F80043F6
:10F2C000354A13788BB1334B0021C3F80811012163
:10F2D000C3F80026C3F804165960D3F808110029B2
:10F2E000FBD00021C3F8081111702A4B0024C3F889
:10F2F0000045FFF7AFFF234804F020FA21462846D7
:10F30000FFF7B8F9F0B1254A254801210BF0FDFCC3
:10F310006FF004052846BDE8F08194FAA4F6B6FA29
:10F3200086F60F2E3346C6BFA6F11003D8B243F0BF
:10F330008000030701D4FFF73DFA08FA06F624EA35
:10F340000604B0E728468021FFF794F90546002817
:10F35000D9D1144B14491E68304607F051FF10F103
:10F36000780F044603D1304607F026FF0446002CF0
:10F37000D0DA0E4A0A482346012108F0B2F82546A1
:10F38000C8E700BF1409002000E100E0BCB700207E
:10F39000B8B7002000700240A36001202F3A060099
:10F3A000DCD004006CB700205CB70020523A0600A5
:10F3B0002DE9F04FAD4BDFF8F4A2D3F85421AC4F58
:10F3C00087B00AB30022C3F85421D3F80423910272
:10F3D0001AD5D3F8C034002B14BF4FF001224FF4DC
:10F3E0008072A44B9B683BB99AF800000BF085FC37
:10F3F0000123834022EA03023B6813439E4A3B6099
:10F40000136823F001231360984BD3F8604134B1A3
:10F410000022C3F86021D3F86C44C3F86C44D3F8DD
:10F4200028214AB10022C3F82821944B18780BF008
:10F4300064FC012383401C439AF800509AF9008031
:10F440002A0700F10B81B8F1000FB4BF8C4B8D4B34
:10F4500005F00F02920013441A684AB300221A60A2
:10F460002846FFF78BF9884B1A7800F001005040CE
:10F470001870FFF7EFFE854B28461A680BF03DFC2D
:10F48000C240D307064600F12381B8F1000F80F295
:10F490000F81882D00F00C81774A01231168B34059
:10F4A0000B43136081238AF80030724804F046F958
:10F4B0008CB13B68704ADFF8E49124F001210B43E2
:10F4C0003B60136823EA01031360A4B24FF0010804
:10F4D000002C40F00381654BD3F800217AB1002461
:10F4E000C3F800416A4B1C706A4A6B4803210BF059
:10F4F0000CFC6A4B2246186804210BF01BF95B4B8D
:10F50000D3F858212AB30022C3F85821D3F8004475
:10F51000C3F80044E00505D55D4B012208201A70B0
:10F52000FFF762FBA10505D5594B002210201A7088
:10F53000FFF75AFB62050CD5554B1A784AB10022E9
:10F540001A704A4B0122C3F8082520209A65FFF75C
:10F550004BFB464BDFF834B1D3F85C31F3B1454B8C
:10F560009B681BB99AF800305B0617D03F4B00220E
:10F57000C3F85C21DBF800303F4A23F00113CBF8DD
:10F5800000303B6823F4803343F001033B60136891
:10F59000042023F001131360FFF726FBDBF8004083
:10F5A0003B681C4000F03381304BD3F82C95B9F107
:10F5B000000F40F02C812F480022002304F0F2F8C5
:10F5C000002840F0248114F001230CBF94FAA4F326
:10F5D00093FAA3F3B3FA83F30293029B9DF80840D6
:10F5E0000F2BC8BF103C2D4BCCBFE4B244F08004BD
:10F5F000186821460BF065F803900BF08EF863B2A3
:10F60000049304F00803059363B2002B064680F2CE
:10F610009C80039B058A5B8BD0F80C80C3F30A03A4
:10F620009D4240F28C801D46002608F06043B3F1F5
:10F63000005F06D041461A48DFF864802A460DF084
:10F6400076F8002E00F0B380029B01229A40DBF88E
:10F65000003023EA0203CBF80030A8E0114B124A35
:10F6600033EA280328BF1346F6E600BF00700240C5
:10F67000BCB7002014090020B4B70020A560012009
:10F680000871024030710240A3600120B8B7002029
:10F69000A6600120693A0600DCD00400C0B7002053
:10F6A00070B70020507102402C710240A46001200C
:10F6B000634831460BF02BFB0220FFF795FAB8F1B7
:10F6C000000FFFF6E9AE013D062D7FF6E5AEE9E657
:10F6D000002DF4D15B4B0122DA64E3E694FAA4F541
:10F6E000B5FA85F508FA05F345F080052946D9F8FD
:10F6F000000024EA03040AF0E4FF0BF00EF80646CB
:10F700002846FFF73BF8014606F10C0008F0EEF83A
:10F71000338A002B7FF4DCAE30460BF002F818B1D0
:10F7200030460BF002F8D3E628460BF0E6FA014625
:10F7300043480BF0ECFA0220FFF756FAC8E60AF04D
:10F74000F0FF80F00106F6B26FE704F008023D4BCF
:10F75000002A5FD0D3F8C03413F4803F08BF994625
:10F76000328AF368758A03EB0208AD1A72699B1A34
:10F77000ED1A4D4553D2344A344800954B46012189
:10F7800007F0B9FE294606F10C0008F076F8039B55
:10F790005B8BC3F30A034B457FF456AFF268716984
:10F7A000738A521A9B1A328A93423FF44DAF4FF03C
:10F7B00080530121D3F83031082B02BF214B822224
:10F7C000C3F81C2C029B3A688AF8004001FA03F344
:10F7D00022EA03023A6004F008021A4B0ABB049AB8
:10F7E00004F00F04002A4FF0140202FB0432A9BFF8
:10F7F0000A3403EB8403C2F80087C2F80457AFBF92
:10F8000043F82410C2F80086C2F80456596007B0C5
:10F81000BDE8F08F04F5947253F82290A0E74D46AE
:10F82000B0E7049A002AB5BFC3F8A086C3F8A08742
:10F83000C3F8A456C3F8A457B4BF59629964E6E765
:10F8400004BA0020007002406F3A0600DCD00400C9
:10F8500010B5EFF31184202383F31288BFF36F8F69
:10F86000164B1B7803F0FF02CBB11549D1F82C35AC
:10F8700013B30023C1F82C354FF08053D3F8303147
:10F88000082B0CD10F4BD3F8000CC02188B949F2DA
:10F890007530C3F8000CC3F8141CC3F8000C84F3D3
:10F8A0001188BFF36F8F002A0CBF6FF00A00002091
:10F8B00010BDC3F8141CF2E71A46F0E7A660012059
:10F8C0000070024000E0064073B50022009211462D
:10F8D00040230446FEF78AFE024648B1604A61486A
:10F8E00001210BF012FA6FF00404204602B070BD43
:10F8F0000090402320468021FEF778FE0446002831
:10F90000ECD15949594B4860C860012618688E608F
:10F9100007F007FC051E07DA554A52482B463146C8
:10F9200007F0DFFD2C46E0E7EFF31185202383F39A
:10F930001288BFF36F8F4F4B4FF40062C3F800245F
:10F940000BF0CDF908B1FEF781FF4FF08053D3F8EB
:10F950003031082B18D1EFF31180202383F3128864
:10F96000BFF36F8F444BD3F8001CC022002970D125
:10F9700049F27531C3F8001CC3F8142CC3F8001CFD
:10F9800080F31188BFF36F8F3A4B0122C3F8002533
:10F99000D3F800241205FBD54FF40062C3F800240D
:10F9A0004FF08053D3F83031082B17D1EFF311808B
:10F9B000202383F31288BFF36F8F2F4BD3F8001CE3
:10F9C000002949D149F27532C3F8002CC3F8141C40
:10F9D000C3F8002C80F31188BFF36F8F0BF07FF911
:10F9E00030B1FEF751FF0BF07AF908B1FEF72EFFA8
:10F9F0004FF08053D3F83031082B1E4B0AD140F220
:10FA0000E372C3F800284022C3F80428BFF36F8FC5
:10FA1000BFF34F8F8022C3F81C250122C3F8302585
:10FA2000164B40F2FF121A60154B00211960154B5E
:10FA30001960154B1970FFF70DFC144B19700BF082
:10FA40004EF908B1FEF720FF85F31188BFF36F8FE1
:10FA50004BE7C3F8142C93E70022C3F8142CB9E742
:10FA60008E3A0600DCD004005CB700206CB70020A2
:10FA7000B03A06000070024000E00640BCB700202B
:10FA8000B8B70020B4B70020A3600120A560012012
:10FA9000084B70B5C31A0D4607499B1004465943DD
:10FAA000064840220BF079F92B4601462046BDE876
:10FAB0007040184720BA0020B76DDBB6D8CB0400E1
:10FAC00073B50C4C0C4A4023041B00930D460B46A7
:10FAD0000A49A4106143064609480BF08AF9014619
:10FAE00028B130462B4602B0BDE87040184702B03E
:10FAF00070BD00BF20BA00205FAE0400B76DDBB65A
:10FB0000D8CB04000022F8B5012105461046EBF7DA
:10FB100087FF104802F07AFA0446B8B902F096FA64
:10FB20002F690D49384607F0E9FA031E09DB012663
:10FB30003E642D69084905F11C0007F0DFFA031E39
:10FB400002DA1C462046F8BDEE64FBE76FF00404C1
:10FB5000F8E700BF89FC030000DE04001FB50022A7
:10FB60000123CDE902236C46074A6B46CDE90044E8
:10FB70000BF06EF928B94FF480420023684603F079
:10FB800011FE04B010BD00BF73AE040010B5EFF35A
:10FB90001184202383F31288BFF36F8F074A136801
:10FBA00023F00201DB07116002D401200BF0FBFC03
:10FBB00084F31188BFF36F8F10BD00BF70BA0020AF
:10FBC00030B4104B0C2202FB003301460020D3E975
:10FBD0000E529863EFF31180202484F31288BFF350
:10FBE0006F8F1C6C04F0C00444F002041C6480F3AA
:10FBF0001188BFF36F8F1DB12B46034830BC1847E7
:10FC000030BC704720BA0020D8CB040010B4EFF30A
:10FC10001180202282F31288BFF36F8F18490B687E
:10FC200043F0020413F001030C601AD04FF080433C
:10FC3000D3F80C14D3F80C3413F0010311D0EFF304
:10FC4000118182F31288BFF36F8F0E4A136C03F099
:10FC5000C00343F00203136481F31188BFF36F8F75
:10FC6000012380F31188BFF36F8F23B15DF8044B3C
:10FC70000020FFF7A5BF5DF8044B01200BF08BBC03
:10FC800070BA002020BA002010B1012804D07047BB
:10FC9000034B1B6C5B0701D1FFF792BF704700BF9E
:10FCA00020BA0020024AC3B21C2000FB0320704788
:10FCB00020BA0020094BBFF35B8F53E8002F42F0BE
:10FCC000010143E800100028F7D1BFF35B8F9307D1
:10FCD00002D401200BF05FBC704700BF70BA002057
:10FCE00010B5EFF31184202383F31288BFF36F8FD5
:10FCF000074A136823F001019B07116002D4012019
:10FD00000BF051FC84F31188BFF36F8F10BD00BF5F
:10FD100070BA00202DE9F0413849BFF35B8F80466F
:10FD2000012251E8003F41E800200028F9D1BFF34B
:10FD30005B8F33B9324933484B60CB608A6007F040
:10FD4000F0F908F1FF33012B4BD8B8F1010F07D1BF
:10FD50004FF08043D3F81C3403F00303012B40D051
:10FD60000CF051FA054658B1EFF31186202383F3C6
:10FD70001288BFF36F8F0125234F4FF080441EE0A0
:10FD8000224B1B78002BEFD04FF080430222C3F8A8
:10FD900008230646F0E735B3304607F0CCFCD4F82C
:10FDA000183563B9D4F804214AB1C4F80431D4F841
:10FDB00004310123C4F81835C7F88031A360D4F8A2
:10FDC0001824D4F81834D203E5D503F00303012B2B
:10FDD00002D0B8F1010FDED155B186F31188BFF31F
:10FDE0006F8FBDE8F081002121200CF0F8FAD6E7F2
:10FDF0004FF080430222C3F80423F2E71CBA00202C
:10FE00000CBA00203CBA002000E100E0D0600120E4
:10FE100008B507480BF02BFF38B10648ECF744F95A
:10FE20000448EAF7E9FB002008BD6FF01200FBE789
:10FE30002CCC040039FE03000A2838B5074D0446CF
:10FE400004D1AB680D215B6828469847AB6803482E
:10FE50005B68E1B29847204638BD00BF2CCC040057
:10FE6000EFF31182202383F31288BFF36F8F0A4BC5
:10FE7000D3F8001161B10021D3F80805C3F80011CF
:10FE8000D3F80031C0B282F31188BFF36F8F70478F
:10FE90006FF00A00F7E700BF00D00040F0B503465E
:10FEA0008478C678EFF3118E202080F31288BFF398
:10FEB0006F8F1D7893F801C0641B3440A24288BF45
:10FEC000A2B2AF18374028461F708EF31188BFF3D7
:10FED0006F8F8F188F4218D165450CD1EFF31181C8
:10FEE000202080F31288BFF36F8F1878587081F349
:10FEF0001188BFF36F8F1B79A41AA34228BF074B49
:10FF000090B224BF01221A60F0BD03EB000E013055
:10FF10009EF805E001F801EB3040DBE700D000403F
:10FF2000DB432DE9F04713F001050F46144604D0DA
:10FF30002448FFF7B3FFBDE8F087B2B3EFF31186B3
:10FF4000202383F31288BFF36F8F0D20EBF75AFD48
:10FF500080460D20EBF742FD86F31188BFF36F8FCB
:10FF6000DFF868A0184ECAF80051DAF800314FF4F3
:10FF700000590123CAF800302546C6F88091DAF806
:10FF80000031A3B1FFF76CFF031EA4BF05F1FF35DD
:10FF9000ADB2C6F88091A8BF7B55002DEFD1B8F166
:10FFA000000F02D00D20EBF70BFD2046C3E7EFF367
:10FFB0001180202383F31288BFF36F8F07F0BBFB00
:10FFC000DDE700BF94BA002000E100E000D000406F
:10FFD00070B50D4614460CB9204670BD4FF0FF3386
:10FFE0004FF0FF320C4803F0DDFB224629460B4858
:10FFF000FFF754FF0646084803F0A0FB3EB94FF058
:020000024000BC
:10000000FF324FF0FF33064803F0CCFBE6E7A41BBA
:10001000A4B23544DFE700BF74BA0020A9BA0020BB
:1000200084BA002038B50122114617480BF0EAFFC8
:10003000154D0122002105F110000BF0E3FF40F205
:1000400007432B874FF070632B620C2385F8243015
:1000500000240E4B85F83540EC86D3F8042542F099
:100060000102C3F804250121C3F80041D3F800219F
:10007000C3F80413224619600D20EBF7D1FC0D20C4
:10008000EBF79EFC204638BD74BA002000D000403B
:1000900010B5FFF7E5FE002820DB174B93F8222070
:1000A00093F8214093F82310141B31EA0404C0B2E2
:1000B0000DD193F8372093F8364093F83810141B7D
:1000C00031EA04040BD10D4B01225A600EE09C185A
:1000D0000132114084F8250083F8221010BD9C18CD
:1000E0000132114084F83A0083F837100448BDE823
:1000F000104003F023BB00BF74BA002000D00040C2
:1001000084BA00202DE9F043476840F20636D00655
:100110003B7C87B002EA060654BFC2F3401C4FF096
:10012000030C01F01F05B6F5837F144645EA43151D
:100130008DF803C044D00DD8062E16D005D8A6B130
:10014000022E3FD06FF0150037E0B6F5807FF9D171
:1001500001260AE040F20222964235D0B6F5407FF1
:1001600034D0B6F5007FEDD10226220330D57A686F
:1001700001238B40C2F80835B868A0BB05F01F0307
:100180006D092DD0012D77D13E4A02EB8302C4F3D5
:100190000043D2F8001783F00103C4F3404444EA5B
:1001A000430421F4E16144EA8C0421F0070144EAAC
:1001B00006230B43C2F80037002007B0BDE8F083E8
:1001C0000726D2E70426D0E70526CEE70326CCE7AC
:1001D000630341BF01237A688B40C2F80C35CBE73B
:1001E0004FF0A042D1E70DF1020229460BF04BFC83
:1001F00014F4403F80460CD1B86829460BF078FCD7
:10020000B8F1000FD8D19DF80210B86802F0B6F826
:10021000D2E74FF0000901ABCDE90199CDE90439EE
:10022000CDF80C90B86803AA29460BF001FB4845AD
:10023000C2DB14F4003314D0C4F300449DF803303F
:100240008DF80E3084F001048DF80C608DF80D40AF
:10025000B8684B4603AA29460BF09DFB0028CFDA6D
:10026000AAE7CDE904330DF103030393B86803AAA9
:1002700029460BF0DDFAF1E703F5E07350F823307F
:10028000FFDE00BF00030050420970B5034602D0F4
:10029000012A17D070BD0D4E326951680029F9D07E
:1002A00003F01F0301250C689D400029F2D08A68E5
:1002B0002A4002D04B68304698472CB1236821462B
:1002C0001C46F2E7024EE7E72346F8E710CC0400AD
:1002D000F4CB040038B54568A86890B10BF002FC77
:1002E000014670B9A8680BF0E1FB044658B9024614
:1002F0000649A8680BF0C4FB224605210620EBF74F
:100300008FFB002038BD6FF00400FBE7890204007A
:10031000F0B545681646A8682A7C01F01F0487B02E
:1003200044EA4214002869D0B6F5001F04D12146E2
:100330000BF031FC002052E001AA0020B6F5800F3E
:100340000190506037D1B3F1007F14BF052304231F
:100350008DF804300023CDE904230393EB6823FADE
:1003600001F111F001010DF103073AD1B6F1A07FBF
:1003700037D104F01F03620903F5E07326D0012A88
:100380003FD1214A52F82330DB072AD4A8683A46E5
:1003900021460BF078FB16301BD00297A86803AA01
:1003A00021460BF045FA002819DBA86801222146F6
:1003B0000BF0A0FBBEE7B3F1C06F05D0B3F1007F37
:1003C00014BF01230223C3E70323C1E74FF0A04278
:1003D000D8E7A868394601F0D7FF0028DDDA07B072
:1003E000F0BDA8683A4621460BF04DFB0028D5D158
:1003F0009DF80310A86801F0C1FFCFE76FF08500FA
:10040000EDE751F82330FFDE00030050036803F0EE
:100410001F025B09026004D0012B034818BF0020B3
:1004200070474FF0A0407047000300502DE9F04F97
:1004300000EB8109614985B01546834640F2FF1AF9
:10044000D94503D1002005B0BDE8F08FDBF80020CE
:10045000C2F3C72818F00808C2F3C320C2F3080487
:1004600040F0A680564B120E1E5C544508BF4FF05C
:10047000FF34222A00F29F80DFE802F012222633A6
:10048000292F339D9D9D9D36409D9D9D9D9D9D9DAC
:100490009D9D437E81849D9D9D878B8E9194970029
:1004A000C5F80C45621C64D003A80394FFF7AEFFA7
:1004B000039A012707FA02F2C0F80825384636E009
:1004C000C5F81445002715E0C5F80845EAE7C5F862
:1004D00008450027601C1FD14BE0C5F80C450127DB
:1004E000F8E7C5F81045EDE7C5F80845002EE9D155
:1004F00000270626631C3CD0002018E0C5F80C45F8
:10050000F4E7C5F86045BBF80220671C02F0010261
:100510002FD0002AC8D1012703A80394FFF776FF44
:10052000039A8446012000FA02F2CCF80C25DBF88D
:100530000020019202F4004CBCF1000F08BF80467D
:1005400003A818BF01270394FFF760FF039C019ADB
:1005500000EB8400C2F3412CD0F80047320242EA9B
:100560008C0242EA08020C40224342EA4702C0F8E9
:1005700000270BF1040B63E7C5F86445C3E7C5F832
:100580006845C0E7C5F86C45BDE7C5F824450127B7
:10059000B0E7C5F8284585E7C5F83045F7E7C5F861
:1005A0003445F4E7C5F83845F1E7C5F83C4579E747
:1005B0006FF0150047E76FF0850044E7F0F8FCFFA7
:1005C000353E060008B578B10849094A4FF4004E97
:1005D0008C460021E0FB0EC100236046E6F7E0FDFB
:1005E000BDE808400BF0FBBE08BD00BF3F420F0056
:1005F00040420F002DE9F047446894F8265005F07A
:100600000305B5F1000800AF064618BF4FF001081A
:100610000AF0B5FCA06A30B9002D4CD141463046F5
:100620000AF026FD1AE00BF022FB0346C8B9A26AC5
:100630006C4688B011686A462248CDE905014FF43E
:100640000071ADF81C10204942F8101F1F484FF4EC
:10065000E251EAF76DFB6FF01200A546BD46BDE81A
:10066000F087002DE28DA06A94F82C100CBF4FF497
:10067000B0134FF4D0131A43D0F810E0D0F808901C
:10068000DEF800C042F3000303F4402353404FF070
:10069000010A23F480120AFA01FADB074CBF4CEA84
:1006A0000A032CEA0A03CEF80030D9F80030984744
:1006B0000028B1DAD2E7A0690028AFD003F0A2FE8B
:1006C000ACE700BF433B060003000001B4D00400C8
:1006D0002DE9F041044647680D460BF094FD88B1C2
:1006E0004FF02008EFF31186314688F31288BFF3EC
:1006F0006F8F60680AF030FE50BB86F31188BFF33D
:100700006F8FEFE71F4B1B78002BE9D04FF02008CD
:10071000642660680AF020FE70B901200AF0EAFE43
:10072000013EF6D1002121200BF059FEF0E786F3BF
:100730001188BFF36F8FF5E7EFF31186314688F329
:100740001288BFF36F8F60680AF006FE0028EED0B3
:10075000BB691D706368BA691B680020C3F8442533
:100760000122C3F84825C3F82001D3F82041C3F87B
:100770005801D3F858019A6081F31188BFF36F8F45
:10078000BDE8F081D06001202DE9F041002205464E
:1007900001210220EBF744F90220EBF711F96C6814
:1007A0000121E0680AF02EFE6B681A682369C2F81E
:1007B0002435617D237D0B43A17D0B43C2F86C354D
:1007C0006F68D7E9004313F0010318D0D5F8108003
:1007D00004F10C0108F10C0204F590700AF0C7FE58
:1007E000061E07DA224A2348012106F071FE304630
:1007F000BDE8F08198F80C0001F0F4FB0123082219
:10080000C4F80025BA69C4F8442501210022C4F8BF
:100810004825A1606BB9D4F82031002BFBD0C4F877
:100820002021D4F820310123E3604FF48073C4F811
:100830000433D4F85831002BFBD00021C4F8001544
:100840006D682C68E8680AF0DDFD0823C4F80035FF
:100850002A7A52B9EB69C4F834350123C4F8383523
:10086000C4F81021D4F8102123600026BFE700BF90
:10087000903B0600CCD0040070B5012383400F4AA2
:10088000BFF35B8FDC4352E8001F01EA040542E836
:100890000056002EF7D1BFF35B8F4FF480328240B9
:1008A0000748C0F80823BFF35F8FBFF36F8F03EAD9
:1008B0000100003818BF012070BD00BF04BB00203C
:1008C0000010014070B41249D1E90034D01AC318A5
:1008D00044F1000422F07F46C1E90034A6F500137C
:1008E000B3F5400F09D20B4B1B681A0A1B069C1963
:1008F000094B42F10005C3E90045EFF311812023C4
:1009000083F31288BFF36F8F70BC03F01BBF00BF6F
:100910007819002008BB00208019002011B3BFF314
:100920005B8F0123104A834052E800CF4CEA030C4E
:1009300042E800C10029F7D1BFF35B8F0B4A4FF4A7
:1009400080338340C2F80433094BBFF35B8F1B68CD
:10095000BFF35B8FC340DB0742BF064B4FF400324F
:10096000C3F80021704700BF04BB00200010014005
:1009700000BB002000E100E00D4B1868010A0006F2
:10098000BFF35F8F0B4BD3F80435181841F100010A
:10099000B3F5801F0AD2084BD3E90023904271EBD4
:1009A000030303D210F1807041F10001704700BFD2
:1009B00008BB002000100140801900202DE9F04FF5
:1009C00085B016461F469DF840A00446FFF754FF29
:1009D0000190FFF7D1FFB04271EB07035ED23E4BAF
:1009E000301A67EB0101984271F1000109D36FF0F1
:1009F000150520460199FFF791FF284605B0BDE88F
:100A0000F08F364B03EB0413D3E902239F4208BF58
:100A1000964254D032494FF4803804F1500508FA18
:100A200004F8AD00C1F848832046ADB20AF042FD9B
:100A300026F07F4B05F1804504F5A87305F5883550
:100A4000DC464FF003090293029A2CF07F4341F8F1
:100A50002230C1F84483D1F80435224A6FF00200F5
:100A6000C01A604420F07F40904228D9286868B1BD
:100A7000D1F804350393A3EB0B0020F07F40B0F5D1
:100A8000000F1CD920460AF015FD039BBAF1000F98
:100A9000ADD109EB030C09F10109D5E7BAF1000F5B
:100AA000A5D10123104ABFF35B8FA34052E8000F8A
:100AB000184342E800010029F8D1BFF35B8F0749D2
:100AC0000E98230101EB0412C8500F9B5360C2E93A
:100AD000026700258DE700BF010080006819002033
:100AE00000100140FDFF7F0000BB00207FB51C4CC3
:100AF0001C4BC4F80833C4F848331B4B00254FF097
:100B0000FF304FF0FF31C4F80855C3E902014FF43C
:100B10008033C4F80433154B02264FF40032012110
:100B2000C4F804631120C3F880212A46EAF778FF4D
:100B30001120EAF745FF0E4A0123A36023601360EA
:100B40000C4B0D4A0093CDE9015500232846FFF7D1
:100B500035FF3046FFF7DEF8284604B070BD00BF11
:100B60000010014003000F006819002000E100E0C0
:100B700004BB0020C5080400FFFF7F002DE9F34DF2
:100B80002D4CD4F8043399070BD5D4F8043143B174
:100B90002A4A0023C4F80431D4F80431136801331D
:100BA0001360D4F80433DA0341D5BFF35B8F244BD1
:100BB00053E8002F22F0010143E800100028F7D18C
:100BC000BFF35B8FD30702D4D4F840317BB3002549
:100BD000C4F84051D4F84031FFF7CEFEEFF3118254
:100BE000202383F31288BFF36F8F164BD3E902677C
:100BF000B042B9411ED34FF0FF3A4FF0FF3BC3E97B
:100C000002ABD3E900181D604FF48033C4F84833B9
:100C1000C4F84051D4F8403182F31188BFF36F8F8C
:100C200029B1CDF8008032463B460020884702B00B
:100C3000BDE8F08D2946EFE70010014008BB002019
:100C400000BB00206819002030B5431C124C85B051
:100C500005D08442A8BF0446012CB8BF0124FFF789
:100C60008BFE0E4B0C4DD3E90013401AB0F5000F6C
:100C700010D22218AA4228BF2A4652184FF000006C
:100C800007490091CDE9010043F10003FFF796FE0B
:100C900005B030BD2A46F0E7FFFF7F00781900203D
:100CA000C508040008B5FFF767FE024B1B68C01AB1
:100CB00008BD00BF7819002030B5154604781A46E3
:100CC000D0E9010303F1140E00F108031EED055AEB
:100CD0005EED044A1EED034A5EED023A1EED013A56
:100CE00013ED026A53ED017ABAB11046AC46B1EC8D
:100CF000017AF0EE466AE5EE076A0138E4EE877A9B
:100D000063EE265AE3EEA67AECEC016AB0EE676A6F
:100D1000F0EE657AE4EE077AE9D1013C03ED026A70
:100D200043ED017A0EF1140E03F1080301D02946B8
:100D3000CCE730BD10B5017082600446CA00184689
:100D400000210BF01BFD606010BD00BF31B32DE929
:100D5000F0414FF0000E02F1020832F81EC038F8E0
:100D60001E304FEA9C0C9B0850F82C7050F8236002
:100D700040F82C604FEA8C059C0040F8237005F188
:100D8000040C231D0EF1020E50F80C50C45840F80C
:100D90000C408E45C550E0D3BDE8F081704700BFE0
:100DA0002DE9F04F2DED108B8FB0CDE90B320346BE
:100DB00004339FEDBBCA0A908B468A460D934FEAD7
:100DC000DA0707EB87014FEACA000190C800C7EBBA
:100DD000C7010A9B03904FEAC709C8004FEA0718EA
:100DE000069008F1040109F1040007EB470603EB44
:100DF0004712184419447B010293330102EB071593
:100E00000493F300A5EBC60405930D9E019B09977F
:100E100002EBC70C4FF0000E04EB4717D5ED009A1C
:100E200094ED004A97ED009A11ED012A92ED006AC7
:100E30009CED005A56ED013A50ED017A34EE098AE4
:100E400037EE850A32EE293A33EE867A70EE085A8A
:100E500077EE036A77EEC57A36EEA55A76EEE56A46
:100E600006ED015AC2ED006A9CED01BAD0ED00BA60
:100E700094ED011AD2ED01AAD6ED005AD7ED012A60
:100E800091ED00AAD5ED011A7BEECB6A37EEC45A7C
:100E900076EEC14A75EEEA0A73EEC63A35EE095AA5
:100EA00034EEA26AF0EE608AF0EE634AE5EE4C4A58
:100EB000D644F345E6EE4C8A77EEC97A76EEE26ADE
:100EC00077EE847A32EE699A3AEE614A76EE816A7A
:100ED00075EEAA5A39EEC22A7AEE21AA71EECA1A22
:100EE0007BEE8BBAE5EE0C3AB0EE44AAB0EE64BAF3
:100EF000B0EE495AF0EE689A31EE221AA7EE8C5AFB
:100F0000E6EE0C0AA6EE8CAA35EEEA6AE6EE8C1A3C
:100F100037EE437AE7EECC9AA6EECCBAA7EE8C2A4F
:100F20007BEE812A77EE416A75EEAA7A36EE403A78
:100F300037EE6B7A36EE486A77EEA2AA37EE017A80
:100F400077EEE27A33EE8A1A76EEAB2A74EEA14A95
:100F500033EE083A70EEC51A36EE006A73EECA3AFE
:100F600034EE0B4A35EE205A78EE825A79EE296A31
:100F7000C6ED00AAC2ED017A1E4441ED012A1A44D1
:100F800085ED007A81ED003A85ED016A194400EDA6
:100F9000011A1D44C7ED003A8CED004AC4ED004A29
:100FA000C0ED001A87ED015A1844CCED015A1F44D8
:100FB000C4ED016A9C441C443FF630AF1F46099BB8
:100FC000072B40F29C810A9E049D059A069C02987C
:100FD000039909F1080906EB090308F10808083527
:100FE000089306EB08030832079373190834069335
:100FF000B3180C30059333190C3104933318039351
:10100000731802934FF001094FF000083B460B9A0A
:1010100090440C9A02EBC80292ED00FA02EBC8026F
:10102000D2ED00EA02EBC80292ED00EA02EBC80240
:10103000D2ED00DA02EBC80292ED00DA02EBC80250
:1010400008EB4801D2ED00CA02EBC802D2ED00BAAB
:1010500092ED01BAA2EB0112D2ED01AA02EBC80295
:1010600092ED01AA02EBC802D2ED019A02EBC8028E
:1010700092ED019A02EBC802D2ED018A02EBC8029E
:10108000D2ED017A0A9ACDED017ADDE90276DDE949
:101090000454DDE9060102EBC90C089ACE4601E0D2
:1010A000F304353FD4ED004A91ED007AD5ED00FA16
:1010B000D0ED006A56ED013A17ED013ADCED005A29
:1010C000D2ED007A9CED011A74EEAF0A37EE830A76
:1010D00037EE265A35EEA36A30EE204A36EE052A60
:1010E00077EEC37A32EE043A75EEE35A8CED003AAD
:1010F00097ED003AD2ED013A96ED008A32EE442A9D
:1011000036EE456A94ED014A33EEC35A73EE833AE4
:1011100037EEE43A77EE661A33EE2F3A76EEC76A88
:1011200077EEEF7A95ED017A75EE44FA71EE482A82
:1011300077EEA47A7FEE87FAF0EE654AE3EE4C4A4A
:10114000D644F345E3EE0C5AB0EE623AAFEECC3A39
:10115000E7EE8C6A35EE475A73EE266AA7EECC3A74
:1011600035EE045A31EE081A34EE074A91ED018A41
:1011700090ED017AEFEE8C2AF0EE43FAB0EE613A90
:10118000A7EE8C3A71EEAF7A78EE071A78EE47FA4E
:1011900037EE487AB0EE6F8AA5EE0C7AA5EE0C8A8F
:1011A00037EE247AE5EE4C4A31EE615A74EEAF4ADE
:1011B00075EE60FA35EE405A71EE211A35EE205A7E
:1011C00033EE841A76EE440A36EE636A70EEA30AB2
:1011D00034EE066A71EE813A22EE494A31EEC11AC6
:1011E000CCED013AADEE814A9C4469EE011A2AEE3B
:1011F000051AEDEE821AB0EE412A70EE2FFADDEDFF
:10120000013A46ED011AAEEEA02A60EECA0A32EEAD
:10121000C31AEEEE850A23EEAF5A66EE633AACEEE1
:10122000865A35EE886A35EEC88A86ED004A33EE76
:10123000223A6AEE811A28EE4B4A26EE6A0AEFEE4F
:10124000061A1E44ABEE834A6BEE032A29EEA76A08
:1012500027EE693AAFEE010A68EEA65A24EEE81AC4
:10126000AEEE076AB0EE437AECEEAF3AEBEE882AC8
:10127000EDEE245AADEE261AAEEE277A81ED002A65
:10128000C1ED010A80ED005AC0ED013A1944C2EDEA
:10129000001A82ED010A1844C5ED002A85ED014AC5
:1012A0001A4447ED015A87ED001A1D4484ED006A87
:1012B0001F4484ED017A1C443FF6F4AE089A0832CC
:1012C0000892079A08320792069A08320692059AFF
:1012D00008320592049A08320492039A0832039263
:1012E000029A08320292099A09F101094A457FF4EB
:1012F0008EAE0B9BDB009BB20B9392465FE50FB06B
:10130000BDEC108BBDE8F08F2DE9F04F2DED0A8B71
:1013100091B0012A0588019206468B46009300F0A1
:101320002881B5F5807F00F036811FD8402D00F070
:10133000158134D8102D34D0202D00F02C81009B45
:1013400023B1B268B1895846FFF700FD019B012B1C
:1013500020D107EE905AF8EE677AB7EE007AC7EE22
:10136000276ABDB10BF10803029368E3B5F5006F7E
:1013700000F0118100F2EE80B5F5007F00F0EE8004
:10138000B5F5806F0DD0009B002BDAD1019B012BAE
:1013900000F0D48011B0BDEC0A8BBDE8F08F802D39
:1013A000F1D1B6F800E072684FEA5E010BEB8E04F3
:1013B0005FEADE0E4FEA810000F0AC8010300BF1E6
:1013C00010030BEB000C103203EB0E1E204404F153
:1013D000100717ED041A57ED031A10ED045A50EDDB
:1013E000035A57ED028A17ED018A10ED027A50ED8B
:1013F000017A13ED044A53ED034A13ED026A53EDEB
:10140000016A1CED042A5CED032A1CED020A5CED66
:10141000010A74EE01BA34EEA1BA72EE059A32EE08
:10142000A59A30EE073A70EEA73A76EE28AA36EE85
:1014300088AA43ED04BA03ED03BA43ED02AA03ED13
:1014400001AA4CED049A0CED039A0CED023A4CED16
:10145000013A52ED033A12ED043A34EE414A74EE89
:10146000E14A75EEE25A35EE425A24EEA31A63EED3
:10147000C41A23EE652AA4EE031A10339E4565EEC6
:10148000032AB0EE614AA4EE834A0CF1100C02F17B
:101490001002F0EE424AE5EE234A07F1100700F190
:1014A0001000B0EE625AA5EEA35A07ED074A07ED09
:1014B000081A40ED084A00ED075A52ED055A12EDA0
:1014C000065A36EE686A76EEC86A77EEE07A37EE4C
:1014D000407A26EEA53A65EEC63A25EE674AA6EEB4
:1014E000053A67EE054AB0EE636AA6EE856AF0EE4D
:1014F000446AE7EE256AB0EE647AA7EEA57A07EDB6
:10150000063A07ED056A40ED066A00ED057A7FF4BC
:1015100060AF72688FB2022339465846FFF740FC2D
:101520000223726839462046FFF73AFC009B002BE5
:101530007FF407AF019B012B7FF42CAF07EE905A8D
:10154000F8EE677AB7EE007A0BF10803C7EE276A68
:10155000029374E2B5F5805F7FF415AF01237268E2
:1015600029465846FFF71CFC009B002B3FF40EAFAA
:10157000E7E6002D00F07A8201F10C03002253ED22
:10158000027A0132F1EE677A954243ED027A03F175
:101590000803F4D1C5E633889BED007ADBED017AD0
:1015A00072685B080BEBC30494ED006AD4ED015A3A
:1015B00004EB830077EE066A37EE467A37EEA56ACB
:1015C00077EEE57AD0ED005A90ED012A03900BEB0F
:1015D000830797ED005AD7ED012A059736EEA53A15
:1015E00077EEA53A33EE053A77EE024A8BED003AF4
:1015F00076EEC56A77EE857A73EEC53A34EEE25A36
:10160000D0ED014A36EE624A76EEE56A77EEE57A8B
:1016100037EE227AD7ED015A36EE246A5946083160
:1016200037EE427A36EE256A029159088BED016A4F
:101630000C9187ED007AC7ED013A394634EE424A03
:1016400027460837C4ED006A84ED014ACDE9064714
:1016500080ED005A0446C0ED017A84460C9802F1F0
:1016600008070A97023802F1100708310497083476
:1016700002F1180740080891099402990B974FEA64
:1016800083030D9000F03A8105990F95A1F10C04A8
:101690000E9402F1200A069CDDF8109002F1300849
:1016A000039A0C3B05460E986344A2F10C0E01F11F
:1016B000100C0BF11007A4F10C011032103412EDD4
:1016C000028A5CED022A14ED026A17ED023A12ED6D
:1016D000012A14ED017A5CED01AA57ED016A33EE9F
:1016E000064A72EE887A76EE874A77EE847A33EE8F
:1016F000463A47ED027A52ED015A5CED017A77EEF7
:10170000A57A76EEC76A77EEA47A73EE429A47ED31
:10171000017AD3ED02BA9EED026AD0ED021AD1ED44
:10172000025A93ED01BA9EED011A91ED010A90ED76
:1017300001AA31EE86CA75EEAB0A3AEE015A70EE96
:101740008C7A36EEE29AC0ED027AD3ED018AD1EDC1
:10175000017A77EEA87A35EEEB7A77EE857A39EE74
:10176000089AC0ED017A59ED018A59ED027A79EEB5
:10177000AA9A7CEE655A71EE8B3A70EECC0A75EE41
:10178000EB5A29EE28CA68EEE9BAA9EEA7CA013DCC
:1017900007F1080773EEC63AF0EE6B9AE9EE279A66
:1017A000A0F1080009F1080937EE419A73EEC03A3A
:1017B00035EE405A39EE0A9A35EE4B5A36EE0B6A40
:1017C00023EEA7BA67EEC97A4CED019AF0EE4B9A78
:1017D000E3EEA87A0CF1080CA1F10801E9EE289AD1
:1017E0000AF1100A04F1080434EE624A74EEEA4A7F
:1017F0000CED04CAC1ED039AC1ED047A5AED077AE3
:101800005AED083A34EE484A74EEC24A76EEC86A97
:1018100064EEA78A27EEC48A65EEA75A67EEC57AFA
:10182000E4EE238AAEF1080E08F11808B0EE484A3B
:10183000A4EEA34A02F10802A3F10803E5EE635AFD
:10184000E3EEA07A37EE4A7A33EE6A3A44ED048A40
:1018500036EE406A04ED034ACEED047ACEED035A2B
:1018600018ED0C5A58ED0B5A77EE017A33EE023A26
:1018700036EE617A76EEA26A25EEC34A65EE674AD5
:1018800027EE056AA6EE854A66EEA53AF0EE646A92
:10189000E7EE256AB0EE467AE3EE053AA7EEA57AC2
:1018A00042ED043A02ED034AC3ED046A83ED037A84
:1018B0007FF405AF0D9A04980B9F089C0A990F9D21
:1018C000531E02EB420207EBC20210300B9200EBF8
:1018D00003120492079ADB001A44083208340831D4
:1018E0000792E2180892CA1809990A9203F10802AD
:1018F0001144029A099102F108011944089B099ABE
:10190000079893ED005AD2ED004AD0ED003AD1EDA0
:10191000007AD3ED012A92ED013A90ED014A91ED62
:10192000017ABDF8304035EE246A77EEA36A77EE8F
:10193000E37A36EE266A76EEC56A81ED006A92EDAC
:10194000012AD3ED015A37EE046A75EE825A37EE5A
:10195000447A75EE865A37EEC34AC1ED015A77EEE6
:10196000453A0A9934EE224AD1ED015AD1ED001AD6
:1019700073EEA43A25EEC42A63EEA55AA3EEA12A7B
:101980002146E4EE215A83ED012AC3ED005A36EEDA
:10199000626A049B76EEE46AD3ED015AD3ED003A15
:1019A0000B9B36EE436A25EEE64A66EE255AA6EE16
:1019B000234AE6EEA35A77EEE27A37EE647A80EDB8
:1019C000014AC0ED005AD3ED016AD3ED005A77EE1B
:1019D000837A37EE057A26EEE76A67EE266AA7EE87
:1019E000256A04235846E7EEA56A82ED016AC2ED36
:1019F000006A7268FFF7D4F90598726804232146DB
:101A0000FFF7CEF90698726804232146FFF7C8F95C
:101A10000423039872682146FFF7C2F9009B002B4C
:101A20007FF48FAC019B012B7FF4B4AC07EE905A8E
:101A3000F8EE677AB7EE007AC7EE276A029B0022BB
:101A40000132954203F1080313ED047A53ED037A52
:101A500027EE267A67EEE67A03ED047A43ED037A01
:101A6000EED111B0BDEC0A8BBDE8F08F009B002BCE
:101A70003FF490AC826881895846FFF767F968E4C3
:101A8000064B99898181D3E901324FF4006CC0E99A
:101A90000132A0F800C00020704700BF40130600CC
:101AA000064B99898181D3E901324FF4806CC0E9FA
:101AB0000132A0F800C00020704700BF501306009C
:101AC000064B99898181D3E901324FF4007CC0E94A
:101AD0000132A0F800C00020704700BF601306006C
:101AE000064B99898181D3E901324FF4807CC0E9AA
:101AF0000132A0F800C00020704700BF701306003C
:101B0000064B99898181D3E901324FF0800CC0E9FD
:101B10000132A0F800C00020704700BF801306000B
:101B2000064B99898181D3E901324FF0400CC0E91D
:101B30000132A0F800C00020704700BF90130600DB
:101B4000064B99898181D3E901324FF0200CC0E91D
:101B50000132A0F800C00020704700BFA0130600AB
:101B6000064B99898181D3E901324FF0100CC0E90D
:101B70000132A0F800C00020704700BFB01306007B
:101B80002DE9F041154607460C461A46002B58D061
:101B9000D1ED007AD1ED016A0088796937EEA67A35
:101BA00077EEE67AF6EE003A431E27EE237A67EEEA
:101BB000A37A002B85ED007AC5ED017A04EBC30C06
:101BC00038DD01F1100EACEBC00004F11001ACF1F6
:101BD000080C05F11006DCED027A51ED024A51EDD8
:101BE000016A1EED026A5EED015A9CED035A34EE65
:101BF000E74AB0EE667AE6EE447AACF1080C0836B5
:101C0000A5EE847A60450EF1080E75EE266A77EE31
:101C1000A47A37EE457AE5EEE67A01F10801A6EE00
:101C2000667A67EEA37A27EE237A46ED047A06ED0C
:101C3000037AD0D1294638460123BDE8F041FFF7A9
:101C400063BB0123FFF760FBD4ED017A94ED006ADA
:101C50003E88786977EEA77AF0EE006AB0EE677A90
:101C6000A6EE267A013E04EBC603D6EE267A1030A5
:101C700005F11002F6EE003A27EE237A67EEA37A1A
:101C800085ED007AC5ED017A04F11001083BD3ED32
:101C9000027A51ED024A51ED016A10ED026A50EDEF
:101CA000015A93ED035A37EEE44AB0EE667AE6EE57
:101CB000047A013E0832A5EE847A002E00F1080075
:101CC00075EE266A77EEA47A37EE457AE5EEA67AC7
:101CD00001F10801A3F10803A6EE667A67EEA37A84
:101CE00027EE237A42ED047A02ED037ACFDCBDE8D9
:101CF000F08100BFB1F5007F38B50C46054657D0DE
:101D00000FD8802940D030D820291CD0402938D184
:101D1000002836D0FFF714FF10B92A4B2C826B61D4
:101D200038BDB1F5006F39D0B1F5805F14D0B1F591
:101D3000806F26D128B3FFF7C3FE0028F0D1224BD5
:101D40002C826B6138BDE0B1FFF70AFF0028E7D1B4
:101D50001E4B2C826B6138BD98B1FFF791FE0028B5
:101D6000DED11B4B2C826B6138BDB1F5807F08D171
:101D700038B1FFF7C5FE0028D2D1164B2C826B611B
:101D800038BD4FF0FF3038BD0028FAD0FFF7C8FE4D
:101D90000028C5D1104B2C826B6138BD0028F0D0D3
:101DA000FFF77EFE0028BBD10C4B2C826B6138BD47
:101DB0000028E6D0FFF794FE0028B1D1084B2C8212
:101DC0006B6138BDE85C0500E83E0500E85D050094
:101DD000E8DE0400E8560500E85A0500E81E0500A4
:101DE000E84E0500024AD2F80034002BFBD07047C1
:101DF00000E0014010B54FF08053D3F83021082A9D
:101E00004ED14FF080420021C2F80C11C2F81011DF
:101E1000C2F8381502F54042D3F80414C2F8201570
:101E2000D3F80814C2F82415D3F80C14C2F82815F6
:101E3000D3F81014C2F82C15D3F81414C2F83015C6
:101E4000D3F81814C2F83415D3F81C14C2F840158E
:101E5000D3F82014C2F84415D3F82414C2F8481556
:101E6000D3F82814C2F84C15D3F82C14C2F8501526
:101E7000D3F83014C2F85415D3F83414C2F86015EE
:101E8000D3F83814C2F86415D3F83C14C2F86815B6
:101E9000D3F84014C2F86C15D3F84434C2F8703546
:101EA00009F018FB18B13E4B3E4AC3F88C2609F0E6
:101EB00011FB18B13C4BFB22C3F8182509F00AFBB3
:101EC00058B14FF080424FF08051D2F8E43ED1F843
:101ED000581261F30303C2F8E43E09F0FBFA20B1A3
:101EE000324B4FF40072C3F840264FF08053D3F8C2
:101EF0003031082B09D14FF08043D3F80024D207AA
:101F000044BF6FF00102C3F80024294AD2F8883098
:101F100043F47003C2F88830BFF34F8FBFF36F8F65
:101F20004FF08053D3F83021082A0BD1D3F8343145
:101F3000042B81BF4FF01023D3F808224FF08043C9
:101F4000C3F858254FF01023D3F80022002A03DBF2
:101F5000D3F80432002B22DA164901234FF0102067
:101F6000C1F804351224FFF73DFFC0F80042FFF727
:101F700039FFC0F80442FFF735FF0023C1F80435EC
:101F8000FFF730FFBFF34F8F09490B4BCA6802F4CC
:101F9000E0621343CB60BFF34F8F00BFFDE710BD7E
:101FA000005000404881030000F0004000900240D3
:101FB00000ED00E000E001400400FA05014B18606C
:101FC000704700BF0CBB002010B5054B18681446C5
:101FD00009F092FA0028A4BF2070002010BD00BFB5
:101FE0000CBB0020024A01238340C2F8043570472D
:101FF00000F00140014B00201B68184710BB002077
:10200000014B1B68184700BF10BB002010B50C4CDB
:10201000237993B9012323710A4B2060002818BF4C
:10202000184600F04BF850B923680748002BBDE86C
:10203000104008BF184600F091B86FF0770010BD4F
:1020400010BB0020F51F04000120040008B5064B5A
:102050001B682BB10020E9F7D5FC08B9E9F7B0FC03
:10206000024B01221A7008BD10BB0020CE60012077
:1020700038B54FF080440123C4F80833636000236F
:10208000C4F80031D4F8003142F21075D4F80C24B1
:10209000D4F80C34D20307D5DB0705D5012009F0AD
:1020A00029FA013DF2D138BD09F08CFA0028FAD0A6
:1020B000014B00225A71F6E718BB002010B5084901
:1020C0000C794CB9012308600B7109F07BFA08B94F
:1020D000002010BD4C71FBE76FF07700F9E700BFFF
:1020E00018BB00204FF080430022C3F80021D3F832
:1020F0000021094901221A60096811B1C3F80423BB
:102100007047D3F80021002AFBD00022C3F8002139
:10211000D3F80031704700BF18BB002010B54FF056
:102120008043D3F80423D20715D5D3F8002192B108
:102130000022C3F800210121D3F80021C3F80813BD
:1021400009F040FA044B10B15A7922B95971BDE82F
:1021500010401B68184710BD18BB0020074A1379B0
:1021600043B90121106011714FF080421846C2F846
:10217000183570476FF07700704700BF20BB002014
:1021800010B54FF080431D4CD3F81814D3F8182421
:1021900011F4803F1AD002F00302012A01D092B953
:1021A00000224FF08043C3F818250022C3F8042111
:1021B000D3F8042101229A6022688AB9D3F8042155
:1021C000002AFBD014E009F00EFAE9E7D3F8142452
:1021D000D107E5D5D3F81C249207F4D422681AB1AC
:1021E0000222C3F8042310BDD3F80421002AFBD037
:1021F0000022C3F80421D3F80431F4E720BB002007
:10220000F8B54FF08043194FD3F80443012504F08B
:102210001A04002604B9F8BDB4FA84F0C0F11F0016
:10222000830003F580739BB203F1804305FA00F24B
:10223000196892B224EA02040029EBD01E601B68E0
:102240004FF08043022AC3F808230BD1D3F81814A7
:10225000D3F81814890705D1C3F81855C3F8042317
:102260009D60D7E73B68C0B29847D3E720BB00200A
:10227000036803F01F025B09026004D0012B0348CE
:1022800018BF002070474FF0A04070470003005077
:10229000034A430900F01F00D35C1844C0B27047E2
:1022A0003D3E0600024611F0010030B515D18B0706
:1022B000C1F3400022D51249D1F8200550604FF0FB
:1022C0008052C1F82005D2F83021082A08BFD1F881
:1022D0002025003818BF012010E04FF0A0444FF037
:1022E0008055D4F820351360C4F82035D5F8305126
:1022F000082D08BFD4F82045002BD8D030BD00BF32
:1023000000030050F7B504460846FFF7C1FF04EB91
:1023100040060D46B38ADB072AD5204609F066FA47
:102320002946204609F0D2F950B1204609F0E4F9D7
:10233000276807EB80000023C0F81035C0F810357F
:102340002946204609F001FA0021B18201A8019531
:10235000FFF78EFF019B00EB8300074BD0F80027AF
:10236000134043F00203C0F80037084603B0F0BD45
:102370006FF01500FAE700BFF0F8FCFF014809F024
:10238000D9B800BF7007002010B504480C4609F00A
:10239000B3F80028A4BF2070002010BD70070020F3
:1023A0002DE9F04F074689B057F8049BD9F804137C
:1023B000C9B28346082241F00041484609F0EEF9CF
:1023C000051E2FDA0023032106A8CDE90633FFF707
:1023D00069FF634B01930DF118084FF0000A019A51
:1023E000604912F8013B0192DA0803F007038A5CA6
:1023F00022FA03F3DB071CD40AF10103022B08F1D4
:1024000004084FF0010AEAD14FF00041002248468B
:1024100009F0C4F9032106A8FFF744FF0028D8D12A
:1024200025F000450124002D40F0848009B0BDE86E
:10243000F08F4D4B53440293D8F80060002EDBD050
:10244000029B96FAA6F61C78B6FA86F646EA44147B
:102450002046FFF71DFF0BEB4000F208818A18F8B9
:1024600002000594C1F382030393009306F007066C
:10247000012303FA06F620EA060008F8020005A880
:10248000FFF7F6FE059A039B02F5E07211F0100FBC
:1024900050F82260C6F3014633D0009A38462146F0
:1024A00009F034F905A80594FFF7E2FE059B03F552
:1024B000E073F6B250F82330C3F301439E4207D1D4
:1024C0000021204609F0F3F83146204609F0EFF8E4
:1024D00005A80594FFF7CCFE059B012202FA03F341
:1024E000C0F820354FF08053D3F83031082B01BFAE
:1024F000D0F82035D0F82035D0F82035D0F8203568
:102500009AE7022E14BF022103212046039309F00B
:10251000CEF8039B032B03D0022E07D1012BD7D17A
:10252000009A2146384609F0F1F8D1E7032ECFD1C1
:10253000022BF4E795FAA5F3B3FA83F304FA03F256
:1025400025EA020503F5A2720BEB430359F822209A
:10255000B3F87C10C2F30142384609F0D7F862E7BD
:102560004D3E0600C41306004D3E060010B5174C44
:1025700023783BBB0278C2F3400392070FD54FF09C
:102580008053D3F83021082A08D1D3F83431022BF4
:1025900002BF4FF080430122C3F8382601234FF0D9
:1025A0008042C2F88035037803F00103C2F8783521
:1025B0000020E9F727FA08B9E9F702FA01232370A6
:1025C000002010BD6FF07700FBE700BFCF60012057
:1025D0004FF080434FF46072C3F80823014B002290
:1025E0001A60704728BB002008B5FFF7F1FF0368A9
:1025F0000BB1014A136008BD28BB002010B54FF095
:102600008043D3F80443620707D54FF4847009F080
:10261000C4FA10B11E4B1B689847A30608D54FF4A7
:102620008A7009F0BAFA18B11A4B00201B68984753
:10263000600608D54FF48C7009F0AFFA18B1154B4D
:1026400001201B689847210608D54FF48E7009F0C9
:10265000A4FA18B1104B00201B689847E20508D572
:102660004FF4907009F099FA18B10B4B01201B68D8
:102670009847A3050AD54FF4927009F08EFA28B155
:10268000054BBDE810401B680220184710BD00BF75
:1026900030BB00202CBB002028BB002080F0800332
:1026A000042B04D8054B034413F8800C704707280B
:1026B0009ABF034B185C0020704700BF4F3E0600D6
:1026C000543E0600064B93F82E00012806D002283F
:1026D00018BF042814BF0120002070470020704755
:1026E00034BB002010B5164B164A0020C3F8000575
:1026F00092F82F40D3F8041382F82E40146821F08A
:1027000033010CB141F02301C3F81C01D3F81C4183
:10271000C3F81801D3F81841C3F80801D3F8080129
:1027200092F8340092F8332002F0010200F0010028
:10273000D20142EA80120A43C3F8002310BD00BF51
:102740000070004034BB002070B50D4A002392F8A1
:10275000301001251E4618B90BB182F8301070BD3B
:1027600090FAA0F3B3FA83F305FA03F40C3302EB07
:10277000430320EA0400DE8021EA04010123EAE7A2
:1027800034BB002073B50023044601AA0E464FF463
:102790008071019309F022FA4FF48A71204609F002
:1027A0001DFA4FF482710546204609F017FA20B150
:1027B0001EB115B1144BD3F8343601AA4FF484710D
:1027C000204609F00BFA4FF48671204609F006FA0C
:1027D0004FF48871204609F001FA0C4B234083B175
:1027E0004FF48E75294601AA204609F0F7F9291FF2
:1027F000083589B22046ADB209F0F0F9B5F5AE7FE3
:10280000F0D1019802B070BD00700040C0FF3F00E1
:102810002DE9F04F9A464FF0805393B0D3F83041F2
:102820001C9D082C3FD1D3F83431012B3BD00DF146
:10283000080C0AAF3E4C3E46E046002304EB031E64
:102840000133DEF8189548F8049B082BDEF81CE5E8
:1028500046F804EBF2D1D4F8F065D4F84036019391
:102860004FF0010E0023D4F84496D4F84886C4F8FB
:10287000FC3FC4F8FCEF2E4C5CF804BB04EB031ED9
:102880000133CEF818B557F804BBCEF81CB5082BA9
:10289000F2D1019BC4F84036F6B2C4F84496C4F8AD
:1028A0004886C4F8F065234B002483F8334083F84E
:1028B00034409C601C611D6083F831009C831C4B7C
:1028C000C3F8F015C3F8F4257DB32322C3F8002321
:1028D000184D174C00220127110107FA02F301F1EC
:1028E0008046034006F5E04619BF95F81EE095F8CE
:1028F0001FC09C469E46002B04EB0103C6F810E562
:10290000C6F814C5D3F8181514BF5646002621F092
:102910008071013241EA0661082AC3F8181505F1F1
:102920000205D9D113B0BDE8F08FC3F80053CFE74B
:102930000070004034BB0020F8B50446067A4779A1
:10294000417AC079FFF7AAFE10B96FF01500F8BD03
:10295000214A01F10C0502EB4503012F987139D191
:102960003046FFF79BFE0028EFD002EB4505E871EB
:10297000E378A0781B03000200F4E06003F48053C6
:102980000343207800F0030003432079000400F49F
:10299000E02003436078000100F030000343A07999
:1029A000000600F0807003436079000500F4801099
:1029B0000343080100F1804000F5E040C0F81835FD
:1029C000012303FA01F192F830300B4382F83030E2
:1029D0000020BCE70020C8E734BB0020F0B5214B45
:1029E000DFF88CC0204DC4000646002018511B594A
:1029F0001E4B18510CEB06101B598BB243EA0243D5
:102A0000C0F81C35012095F83330B04011F5004F67
:102A1000C0B24FEA46074FF0800404FA07F40BBF38
:102A20008343034385F8333085F833300CBFCCF84B
:102A30000843CCF8044395F8343047F6FF74A242BB
:102A40004FF040010A4A01FA07F10BBF83430343E9
:102A500085F8343085F834300CBFC2F80813C2F85A
:102A60000413F0BD1C71004034BB002018710040FD
:102A70000070004070B5204D95F82E40002C38D1E4
:102A8000FF20012685F82E60FFF75EFE1B4B1C48D9
:102A9000C3F80041D3F80021C3F80441D3F804215E
:102AA000C3F81041D3F81021C3F81441D3F81431FE
:102AB0001C239A0806FA02F111F0330F1CBF03F130
:102AC000804101F5E24102F1FF3218BF0C6006FAC5
:102AD00002F218BF096812F0330F1CBF1C501A58BD
:102AE00008335C2BE5D10720E8F76AFF0020286057
:102AF00070BD6FF07700FBE734BB00200070004032
:102B0000FC7000402DE9F341804615461A46FFF758
:102B1000D9FD0646002837D1204F97F830C008204D
:102B20003446012318EA030F04D013EA0C0F2ED009
:102B30000134E4B201384FEA4303F3D16B8813B197
:102B4000012C27D832B328786B7818B113B9012C2F
:102B500020D80126009202464046FFF759FE6B88B6
:102B60000F4A0BB143F48053C2F8F83587F832406E
:102B70002B7987F83530042387F8366087F82E30B4
:102B8000002002B0BDE8F0816FF00F00F9E76FF0B0
:102B90001500F6E76FF08500F3E700BF34BB0020B7
:102BA0000070004030B51D4A136904466BBB00F04D
:102BB0006043B3F1005F2BD192F83250B1FBF5F3D3
:102BC00005FB131038BB0BB2002B24DD92F82E301E
:102BD000052B06D8032B0BD8022B0ED06FF07600F6
:102BE00030BD062BFAD10E4BC3F82C46C3F8301675
:102BF00093683BB1C2E90441F2E78D420BD1C2E9CF
:102C00000245EDE7C2E90241EAE76FF07700E7E746
:102C10006FF00C00E4E76FF00600E1E734BB002042
:102C2000007000402DE9FF41524CA368002B00F0DA
:102C30009D8094F82E20022A06D0042A33D06FF00B
:102C4000760004B0BDE8F0814B4D0126C5F8006563
:102C50002168E26849B1032184F82E10C5F82C36AA
:102C6000C5F830262E600020EBE7C5F82C36C5F8F5
:102C700030262E6008F0CAFF04F108036E6001934D
:102C800001990220FFF77EFD0028F9D03A4B00227F
:102C9000C3F80821D3F80811C3F80C21D3F80C119C
:102CA000C3F80025DFE7344D4FF00108C5F8008573
:102CB000276857B1052284F82E20E268C5F82C3623
:102CC000C5F83026C5F80080CDE7A18B94F83220F6
:102CD000039203EB41030293C5F82C36C5F8302666
:102CE000C5F8008008F092FF94F8363063BB224D9F
:102CF00001236B6002A90220FFF744FD0028F9D0F0
:102D00000023C5F80831D5F80821C5F80C31D5F8ED
:102D10000C21A18B94F832200A44E16892B28A42D5
:102D2000A28321BF154AA383D2E90201236124BFF4
:102D3000C2E900011846104B4FF0000238BF6FF097
:102D40000F00C3F800257CE7D5F8F465F6B208FA61
:102D500006F6013EBE42CAD9C5F80480002104200F
:102D6000FFF710FD0028F9D00137F3E76FF00B00F3
:102D700067E700BF34BB0020007000403CBB002070
:102D8000084B93F82E20072A0CBF5A681A681AB10C
:102D9000054B01229A60704700229A601A619A835B
:102DA000704700BF34BB002000700040F8B507201A
:102DB000FFF7E6FFE8F712FE144B154E0025C3F8A7
:102DC0000851D3F80821C3F8005596F8304096F81A
:102DD000313001271C4314B986F82E40F8BD94FA0F
:102DE000A4F0B0FA80F007FA00F324EA0304030128
:102DF00003F1804303F5E0430649C3F8105547F655
:102E0000FF72C3F81455FFF7E9FDE4E700700040D6
:102E100034BB00200080FFFF7FB56549644E33203E
:102E2000FFF7B0FC10F0100F05460BD0614B1022DD
:102E3000C3F80823B218C3F82C260222C3F83026A0
:102E400001221A6015F0200F5B4C10D094F82E3040
:102E5000584A072B05D0D2F834369BB2E3600023E2
:102E60002361D2F80433DB0601D5FFF73BFCA8074A
:102E70001AD594F82E20A16802910023E1688DF8FC
:102E80000430062AADF80C101AD0072A39D0032ACC
:102E90000AD1484AC2F80035C2F80035022384F846
:102EA0002E30236801A89847E90751D594F82E30B1
:102EB000033B042B4CD8DFE803F05C4B2B43600052
:102EC00094F8353023B1236913B13A4B01221A60CB
:102ED000236801A89847394B93E8030086E803006C
:102EE00000232361A368002BDED1324AC2F80035EB
:102EF000C2F80035042384F82E3005238DF8043001
:102F0000CFE7FFF7EFFB02238DF804306368C9E7D2
:102F100004238DF8043001A823689847254BD3F883
:102F2000F825D20444BF01225A602269062384F89E
:102F30002E302AB11F4B6169C3F82C26C3F8301616
:102F400023692BB903238DF8043001A8236898471F
:102F500094F82E30072B0AD0164B1948D3F80433B7
:102F600000211840FFF70EFC012685094DB904B079
:102F700070BD104B01225A60EAE70E4B01229A60A5
:102F8000E6E795FAA5F3B3FA83F306FA03F225EA26
:102F900002055A08DB4303F001038DF809308DF870
:102FA000046023688DF8082001A89847DEE700BF79
:102FB0003CBB00200070004034BB002044BB00201C
:102FC000C0FF3F0010B50446E7F7E4FD0348044A9C
:102FD000012104F07DFA204608F054FEA4D004003C
:102FE000CD3B06002DE9F843044600AF0D46EFF354
:102FF0001188202383F31288BFF36F8F04282A4A95
:1030000098BF2A4B9668117C94BF53F82030284B08
:10301000E9468AB06A462748CDE9073140F20133D4
:10302000ADF82430244BCDE9050442F8103F234885
:1030300000234FF43151E7F77BFECD4645B1EB69F4
:10304000C3F3080323B11E4A1C48012104F040FACF
:103050002EB1304609F0E0F808B1037803B91948F9
:10306000E9468AB06A46184B0790CDE9053640F22A
:103070000133ADF82030154B42F8103F00230F48C4
:103080004FF41151E7F754FE2946CD462046FFF78D
:1030900099FF88F31188BFF36F8F3046E8F7D2FDB0
:1030A000BD46BDE8F88300BF6CBB0020C813060016
:1030B000DC3B0600EA3B060005000001A4D004004A
:1030C000123C060084290600333C0600040000017F
:1030D00038B50A4B53F82040013053F82050A54230
:1030E00000D838BD606830B1037EDB0701D408F03A
:1030F000A6FD0834F3E723689847FAE7DC130600D7
:1031000070B52A4B2A4C2B4D86B0012203201A7031
:10311000FFF7DEFF01F0C4FC0420FFF7D9FF2646CD
:10312000AE4204F130040FD301F092F9204CAC42CE
:1031300026D301F0A1F9E6F7D5F91F4A938923F0C8
:103140000103938106B070BD54F80C3C059354F80C
:10315000103C049354F8143C039354F8183C029325
:1031600054F81C3C019354F8203C009354E90A2382
:1031700054E90C0100F0DCFD54F8303C5E65CEE70C
:10318000D4E90A23B3F1FF3F08BFB2F1FF3F05D0F6
:1031900052EA0301206803D100F026FE3034C6E76E
:1031A0000649183001F03EFAF8E700BFD060012070
:1031B00070CE040070CE0400501A00203FC30400FB
:1031C00070B5154E154D1649C82386B003FB006631
:1031D00001220023CDE904230F22CDE9023201931D
:1031E000182303FB0055044601EB40210D4B0095CD
:1031F0004FF4C072304600F09BFD337C0A4AEE600B
:1032000023F0040333744FF4086304FB03331344C3
:103210002C746B6006B070BD881900206CBB002058
:10322000008E012017BE0400808501207FB500209C
:10323000FFF74EFF294B83F30888294C636943F459
:10324000007363610025E02384F82230E57725765A
:103250006576A57684F82050636A43F4E0236362C0
:1032600084F82350E8F768FBE8F7D6FC4FF0FF330B
:10327000A362E362E8F72AFEE8F76CFDE7F7E4FBF8
:103280001848194C00F0A0FD0120FFF721FF022093
:10329000FFF71EFF01F0D4F8144B15499C61154B44
:1032A000059301220523CDE90332CDE901554FF401
:1032B0008052114B0095204600F03AFD237C0646D3
:1032C00023F004032046237409F001F82846FFF791
:1032D00077FF094A31462046E8F772FC008E01204C
:1032E00000ED00E0001C0020501A00206CBB002004
:1032F00000900120953C06000131040038B5064CD1
:10330000064DAC4201D3002038BDD4E9011220465D
:1033100008F002FD1434F4E7B4080020DC080020B3
:1033200030B585B0DDE90845034B0293CDE9004592
:1033300008F0B0FC05B030BD1569040038B5074C85
:10334000074DAC4201D3002038BD204608F009FDEE
:1033500008B91C34F5E76FF01500F5E744080020C4
:10336000B408002073B50C46EFF31181202585F3D6
:103370001288BFF36F8FC5685DB125602B68C3608D
:10338000836901338361002081F31188BFF36F8F5C
:1033900011E052EA030603D125606FF00B00F3E75A
:1033A000CDE900230246083000F036FF18B9034B80
:1033B0009B685B69236002B070BD00BF6CBB0020DE
:1033C000F7B50D4604469DF82010EFF31187202035
:1033D00080F31288BFF36F8F266AE068864240D27E
:1033E0002668B4421AD0CEB1304608F01FFD06F16F
:1033F000180009F084F854F8082F70692946002550
:1034000009F095F93046C6F8805008F060FF204674
:10341000394608F0BAFF284603B0F0BDA268A9B14A
:10342000E069294609F083F9E369A26813446269F7
:10343000E361934201D12369E361236A013323628B
:10344000002087F31188BFF36F8FE5E7A069236938
:10345000984208BF6069801AA061294609F067F99F
:10346000EBE752EA03010BD00749896804F1080031
:103470004D61CDE900233946224600F0CDFECBE771
:103480006FF02200DDE700BF6CBB0020F7B50446FB
:103490000846EFF31186202181F31288BFF36F8F66
:1034A000216A00293BD0A268A16909F040F9A3690B
:1034B000A268256813446269A361934204BF23692B
:1034C000A361236AAC4203F1FF33236236D028465E
:1034D000002D34D008F0AAFC05F1180009F00FF80F
:1034E0006969A268E06909F022F9E369A2681344F6
:1034F0006269E361934204BF2369E361236A0027A1
:10350000013323622846C5F8807008F0E0FE04F11C
:103510000800314608F039FF384603B0F0BD52EAE2
:10352000030111D00A4989684861CDE90023314679
:10353000224604F1080000F06FFEEEE7002086F35B
:103540001188BFF36F8FE8E76FF02200F7E700BF45
:103550006CBB00202DE9F341044617461E46EFF3ED
:103560001188202383F31288BFF36F8F304BC2681A
:103570009B6872B18068984217D057EA060216D14C
:1035800088F31188BFF36F8F6FF00F0002B0BDE8B2
:10359000F08193F90E1021610132C4E9023288F3FF
:1035A0001188BFF36F8F0020F0E72169F3E793F9EB
:1035B0000E1090F90E30994230DA9942A8BF1946A0
:1035C00008F048FC0546CDE900761A4822464146F7
:1035D00000F022FE0028E6D0EFF31186202383F3CB
:1035E0001288BFF36F8FA068D0B1236821699C4215
:1035F0000AD04BB193F90E309942A8BF19466FF02B
:103600007F039942B8BF194608F024FC40B109482D
:10361000314608F0BAFE6FF00A00B7E70025D2E79E
:10362000002DF4D186F31188BFF36F8FF3E700BF4D
:103630006CBB0020D1600120F8B583680546002BE3
:1036400040D0234A926893423FD1C368012B03D9EB
:10365000013BC3600020F8BDEFF31187202383F303
:103660001288BFF36F8F0169806808F0F3FB2C6844
:10367000A54207D10023C5E9023387F31188BFF3C0
:103680006F8FE7E7002CF5D0D4E9003213605A6061
:10369000237C002623F002032374C4E90066A6609D
:1036A00004F1180008F02BFFAC6094F90E302B6188
:1036B0002046C4F8806008F00AFE0648394608F043
:1036C00064FEC7E76FF01500C5E74FF0FF30C2E7B3
:1036D0006CBB0020D160012037B51146EFF3118596
:1036E000202282F31288BFF36F8F04689CB1236895
:1036F000426823F003039442036008BF4360012142
:10370000204608F02BFC044685F31188BFF36F8F29
:10371000204603B030BD51EA0302F5D000F10802A3
:10372000CDE900131046294600F076FD0028EFD1C0
:10373000014B9B685C69EBE76CBB002070B5EFF355
:103740001186202383F31288BFF36F8F0468A04291
:103750001BD0D4B1D4E9003213605A60237C002519
:1037600023F002032374C4E90055A56004F1180096
:1037700008F0C5FE2046C4F8805008F0A8FD314688
:103780000748BDE8704008F000BED0E902329A4216
:1037900018BF0133836086F31188BFF36F8F70BD4C
:1037A000D160012013B5EFF31181202484F3128836
:1037B000BFF36F8F846844B1013C846081F311884A
:1037C000BFF36F8F002002B010BD52EA030406D190
:1037D00081F31188BFF36F8F6FF00F00F3E7CDE92E
:1037E00000230246014800F017FDECE7D1600120FC
:1037F00070B50546EFF31186202383F31288BFF3DB
:103800006F8F00232C68A54219D0C4B1D4E90032CF
:1038100013605A60227C002322F00202C4E90033C4
:103820002274A36004F1180008F069FE6FF00A0327
:10383000C4F88030204608F04AFD0123E2E7002268
:10384000AA6023B986F31188BFF36F8F70BD31462C
:103850000248BDE8704008F098BD00BFD16001206B
:1038600007B5074B0093074907484FF0FF334FF464
:10387000805200F04FF9002003B05DF804FB00BF58
:10388000F413060080A00120181B00202DE9FF4141
:10389000544E04462027EFF3118887F31288BFF3B4
:1038A0006F8FD4F8CC50F5B9022104F1E40008F090
:1038B000B5FB002870D004F1DC0500220121284668
:1038C00008F0DAFD0028F8D1002302934FF0FF3210
:1038D0004FF0FF33CDE90023414604F1D4024248C2
:1038E00000F0E0FDD7E7D4F8D0202B68C4F8CC3046
:1038F000954208BFC4F8D030D4F8E43043F0020356
:10390000C4F8E430EB6823F0040343F00103EB60F8
:103910006B6888F31188BFF36F8F28469847EFF3E1
:10392000118887F31288BFF36F8FEB68D80623F0F6
:1039300001023ED4EA60EB689A0717D5306823F09D
:103940000203EB6090B10368002178B142689542B0
:103950003DD10368002934D172683360904200D1B0
:103960007360002340F8083BFFF7E8FED4F8E4302A
:1039700023F00203C4F8E430DB0530D4D4F8CC30B3
:10398000003B18BF012388F31188BFF36F8F002B12
:1039900081D008F062FC7EE7D4F8E430D90693D5F4
:1039A000C4F8E40088F31188BFF36F8F04B0BDE85A
:1039B000F08123F01103EB6005F11000FFF7BEFE6C
:1039C000B9E70B607368984208BF7160C9E70146A8
:1039D0001BB11A6818461346B7E71A46FAE70023E0
:1039E000D1E700BF90BB0020D1600120F8B5C368CB
:1039F0009A0704460E46C3F3400542D45F0742D4FB
:103A00000B680BB983680B60E368D80744BFA368F1
:103A1000336037684CBF0225012557B31B4B9A68AA
:103A2000D7F8C8309A421ED108F0EDFB80F00100B3
:103A3000C0B2D7F8E430D907C3F380021CD5F2B185
:103A4000F8B100232360D7F8D03073B9C7E9334405
:103A5000384608F0FEFAE36843F00403E360336895
:103A6000A3602846F8BD0020E3E71C60C7F8D040FB
:103A7000EEE76FF0150506E06FF0120503E01B0797
:103A8000DFD56FF00F0500233360EAE76CBB002041
:103A9000F8B5C36803F00503002B06460C4614BFB7
:103AA000012700271CD085680122002104F11000A5
:103AB00008F0A8FA1349204608F02CFBE36843F00D
:103AC0001003E360F3685B0712D5336823606BB9BA
:103AD000D5F8D03033B9C5E93344284608F0B9FAEF
:103AE0003846F8BD1C60C5F8D040F6E73460F4E70E
:103AF000D5F8CC302360D5F8D030C5F8CC40002BB9
:103B0000EBD1F0E733C004000146014808F01EBBCA
:103B1000181B0020F0B589B004460020C4E933002A
:103B20000E9D04F1D400C4E9350004F1DC00C4E9C1
:103B3000370055B32879002840F2011008BF012052
:103B4000C4F8E40000204FF0FF364FF0FF37CDE916
:103B50000330CDE90100CDE906670D4B0094204606
:103B600000F066F955B1296811B1204608F051FB03
:103B70006B791BB1A38943F00103A381204600F0B8
:103B800033F9C4F8C84009B0F0BD0120D8E700BF40
:103B90008D38040037B501900846EFF311842021D9
:103BA00081F31288BFF36F8FC16811F01E0F16D119
:103BB00053EA020508D101A9FFF718FF84F3118821
:103BC000BFF36F8F03B030BD41F00801C1600199B0
:103BD00081620449103000F025FD0120EEE700204D
:103BE000ECE700BFC7C0040001460148FFF7D2BFA1
:103BF000181B0020F7B50C46019016461D46EFF342
:103C00001187202383F31288BFF36F8F084608F0D3
:103C100011FA55EA060309D101A92046FFF7E6FE8D
:103C200087F31188BFF36F8F03B0F0BDE3680749D6
:103C300043F00803E360019BA36232462B4604F184
:103C4000100000F0EFFC0120EAE700BFC7C004004D
:103C500001460148FFF7CEBF181B00202DE9F041B7
:103C60000546EFF31187202383F31288BFF36F8F8C
:103C70000468A0421CD0DCB1204608F0B7FA04F179
:103C8000180008F03CFC0026B046C4F880802046AE
:103C900008F01DFB2C68A54206F1010610D07CB18E
:103CA000204608F0A3FA04F1180008F028FCECE71D
:103CB00087F31188BFF36F8F00263046BDE8F0818F
:103CC0000248394608F061FBF7E700BFD1600120E8
:103CD0002DE9F3411C4652EA040307460D461646F9
:103CE00008D10846FFF7A8FC6FF00A04204602B08E
:103CF000BDE8F081EFF31188202383F31288BFF32E
:103D00006F8F0846FFF798FCCDE9006407483A46F4
:103D1000414600F081FA04460028E7D14FF0FF3217
:103D20004FF0FF332846FFF715FCDFE7D160012095
:103D30002DE9F043073285B022F007020E461F46F8
:103D40001099818100F15803FF32C0E9163304460F
:103D5000002322F07F020421836001747F2A0F98E0
:103D6000A073C4E90633E37306F18009A2F1800869
:103D700005D883F31188BFF36F8F084602DFB518AB
:103D800029462046E7F792FB07300E9B20F00700FC
:103D90002067C4E91A9802930D9B01932D1A0C9B7E
:103DA00000932A463B4631462046E7F785FE00232E
:103DB0006365044B9B6803B15B6F6367284605B07E
:103DC000BDE8F0836CBB0020012310B50374838130
:103DD0000023C0E91A33044600F054FE014B9C60F6
:103DE00010BD00BF6CBB002038B50446EFF3118551
:103DF000202383F31288BFF36F8F037C5B070FD5FB
:103E0000183008F07CFB237C23F004032046237445
:103E100008F06CFA29460548BDE8384008F0B5BA04
:103E200085F31188BFF36F8F38BD00BFD1600120CB
:103E3000F0B587B000250595109D04950F9D03955D
:103E40000E9D0295DDE912760D9D01950C9D009564
:103E50000446FFF76DFFB6F1FF3F08BFB7F1FF3F24
:103E600005D056EA070305D12046FFF7BDFF2046DF
:103E700007B0F0BD3A46334604F11800014900F09E
:103E8000D1FBF4E73FC304000A4A93686FF00A01CC
:103E9000C3F880100849D8674B6843F080534B60E3
:103EA000002383F31188BFF36F8F9368D3F88000EA
:103EB000704700BF6CBB002000ED00E038B590F902
:103EC0001020037C002A014604DA03F07F03037408
:103ED00008F0C5F90D4D2A46AB6852F81C4F9442C4
:103EE00000D004B9EC688B4207D01A7CD20604D10A
:103EF000DA897F2A01D9A2692AB1A34202D02046D9
:103F000000F012FB2346AB6138BD00BF6CBB002044
:103F100070B590F91020037C002A2FDBD9062DD133
:103F20001A4C63F07F032246037452F81C3F216A47
:103F3000934207D1C0E90021086020620FE0994256
:103F4000F8D01B68002BF5D093F90E6090F90E5055
:103F5000AE42F4DD5968C0E9003108605860E56997
:103F6000954200D005B9E568A3681A7CD20606D14F
:103F7000DA897F2A03D9AA690AB9A36170BDAB4265
:103F800002D0284600F0D0FAA561F7E76CBB00200C
:103F9000034648B9EFF3058232B9064A916992683F
:103FA000914201D0FFF770BF83F31188BFF36F8F89
:103FB000704700BF6CBB002038B5184CA168206A60
:103FC0000B68814214BF1A46002249680B60596091
:103FD000A368216A2AB9124AC3E900210B6023624F
:103FE0000AE092F90E5093F90E00854212DD5168F5
:103FF000C3E900210B605360E569094B9D4200D085
:1040000005B9E568A3689D4202D0284600F08CFA05
:10401000A56138BD8A42DED01268DBE76CBB0020A8
:1040200088BB00202DE9F047002A027C0CBF4FF02E
:1040300010094FF0080919EA020F04460E460F4610
:1040400028D149EA0203D20946D10374B9F1080F15
:1040500048D04FF00008DFF8F4A0534653F81C5F37
:104060009D4200D00DB9DAF80C50DAF80830AB42B6
:1040700002D0284600F058FAB9F1100FCAF81850CB
:1040800008D0204603F041FBB8F1000F02D02E48C3
:10409000FFF79AFE2D4B9B68A3424FD1EFF30583A8
:1040A000002B4BD1A289D20711D586F31188BFF31B
:1040B0006F8F83F31188BFF36F8F0423184602DFDD
:1040C000EFF31187202383F31288BFF36F8F3846F5
:1040D000BDE8F047FFF7D8BE03F07F03037408F094
:1040E000BEF8B3E7A36813B1204608F0C0F804F1A6
:1040F000180008F004FAA56D04F15808A84511D07D
:104100004FF0000A75B1284608F0B1F805F1180023
:1041100008F0F5F9C5F880A02846FFF7F9FEA56D6F
:10412000A845EFD1094B9B689C4292D1EFF30588DB
:10413000B8F1000818BF4FF001088CE786F311882A
:10414000BFF36F8FBDE8F087001C00206CBB002020
:1041500070B50F4D2B46064653F81C4F9C4200D0BD
:1041600004B9EC68AB681A7CD20604D1DA897F2ADC
:1041700001D9A2692AB1A34202D0204600F0D4F9A5
:104180002346AB613046BDE87040FFF701BF00BF7A
:104190006CBB002070B5EFF31186202383F31288E7
:1041A000BFF36F8F1A4CA168206A0B68814214BF5D
:1041B0001A46002249680B605960A368216A2AB92F
:1041C000144AC3E900210B6023620AE092F90E5001
:1041D00093F90E00854216DD5168C3E900210B609A
:1041E0005360E5690B4B9D4200D005B9E568A368B3
:1041F0009D4202D0284600F097F9A5613046BDE8FF
:104200007040FFF741BE8A42DAD01268D7E700BF9C
:104210006CBB002088BB0020F8B5124B0C46114641
:10422000114A98681060DDE90676EFF311822022CA
:1042300082F31288BFF36F8F9D68284608F021F83B
:10424000B6F1FF3F08BFB7F1FF3F06D007493A4636
:10425000334605F1180000F0E5F92046BDE8F840C6
:10426000FFF712BE6CBB002098BB00203FC30400C8
:10427000F8B50446EFF31187202383F31288BFF3C8
:104280006F8F037C03F01F02002A0CBF012600265B
:1042900049B235D103F07F03037407F0E0FF294DE5
:1042A000037C817363F07F032A46037452F81C3F3A
:1042B000286A934207D1C4E9002004602C620DE013
:1042C0009842F8D01B68002BF5D093F90EC08C45AE
:1042D000F6DD5968C4E900310C605C60EC69944219
:1042E00000D004B9EC68AB689C4202D0204600F0D4
:1042F0001BF9AC6187F31188BFF36F8F3046F8BDAF
:104300009B071CD5856807F0AAFF81732B689D4227
:1043100009D16B68C4E900531C606C60EAE76A6805
:104320009A42F6D01B68002BF3D093F90E208A42F4
:10433000F5DD5A68C4E9003214605C60DAE7817325
:10434000D8E700BF6CBB0020034648B9EFF30582F5
:1043500032B9064A91699268914201D0FFF794BD43
:1043600083F31188BFF36F8F704700BF6CBB0020D1
:10437000F8B550EA010306460C4603D107F06DFF7D
:104380000020F8BDEFF31187202383F31288BFF3D9
:104390006F8F184D184BA868186007F0A9FFA86820
:1043A000164932462346183000F03CF9AB681A7CB7
:1043B000DF6742F004021A746FF00A02C3F880202B
:1043C0000F4A536843F0805353600446002383F33D
:1043D0001188BFF36F8FAA68D2E90A12B2F1004FB9
:1043E00008BF9942CCD108F0BFF8201A20EAE0704B
:1043F000C7E700BF6CBB002098BB00203FC3040090
:1044000000ED00E00C490D4A08B58C464FF4004E13
:104410000021C0FB0EC100236046E2F7C1FEC117B8
:10442000FFF7A6FF054947F6FF730022E0FB0132C4
:10443000DB0B43EA424008BD3F420F0040420F0001
:10444000024B03F11C02C3E9072270476CBB00203A
:10445000EFF31181202383F31288BFF36F8F054B95
:104460009A68D37B013BD37381F31188BFF36F8FBD
:10447000704700BF6CBB0020EFF31180202383F353
:104480001288BFF36F8F034B9A68D37B0133D373CA
:10449000FFF75EBE6CBB0020014B9868704700BF01
:1044A0006CBB0020D3B5DDE90667089CCDE9006749
:1044B000FFF7B2FE1CB1034B9B685B69236002B03F
:1044C000D0BD00BF6CBB0020027C12F01F0203466F
:1044D00010D10A4988420DD00949086868B1D989C4
:1044E0007F2909D893F90E20064B1B689A42B8BF62
:1044F0000020704700207047104670478819002040
:10450000740700209CBB0020044BC01A044BC01051
:104510005843044B01221A54704700BFC81C0020A6
:10452000ABAAAAAAD160012070B50C4B0C4D1E7C21
:10453000FFF7CAFF182303FB06550446284607F079
:10454000DEFF084B00229A553CB1621E2846064900
:10455000BDE87040D31700F065B870BD6CBB00209B
:10456000C81C0020D16001200945040038B5EFF3D4
:104570001185202383F31288BFF36F8F0F4B104AEE
:104580009C681068A04206D1FFF7CEFF85F3118822
:10459000BFF36F8F38BD00211B7C1160094AD35CCB
:1045A000002BF3D02046FFF78FFF0028EED0237CAE
:1045B000DB0601D1FFF700FD2046E5E76CBB0020DC
:1045C00098BB0020D1600120024B1868984208BFB8
:1045D0000020704778070020034B1B680BB9FCF7DD
:1045E00061BB0020704700BFA0BB002030B570B198
:1045F0000B4B5B6898420AD0036843B1D3E90421AE
:10460000D0E90445121941EB0501C3E90421D0E9C1
:10461000003213605A600023C0E9003330BD00BF90
:1046200078070020B3F1FF3F08BFB2F1FF3F2DE94B
:10463000F84F0446994615461F467AD08160EFF33D
:104640001188202383F31288BFF36F8FB9F1000F15
:10465000DFF8E8A020DBFFF7BFFFDAE9002701352C
:1046600049F100092D1849EBE073C4E90453AD1872
:10467000064643EB07074FF00109FFF7A5FFDFF8F8
:10468000C0E0DEF804A00346EBB9C4E900EACAF8CA
:104690000040CEF8044028E0DAE900126FF0010390
:1046A0005B1A4FF0FF3161EB02025B1B62EB090208
:1046B000012B72F10001BCBF01230022C0E90432CA
:1046C0004FF00009D9E7D3E9041CD4E904208A4259
:1046D00070EB0C0B24DA891A5A686CEB0000C3E902
:1046E0000410C4E9003214605C60FFF76DFF84427F
:1046F0000ED1114B1B685BB9B9F1000F02D1FFF766
:104700006BFF0646304607F0E3FE0021FCF79CFAFB
:1047100088F31188BFF36F8F28463946BDE8F88FBC
:10472000521A60EB0C005345C4E90420ADD01B685D
:10473000AAE700252F46EFE7A0BB0020E01C0020E1
:10474000780700202DE9F047284F294E38600246AF
:10475000FFF73AFF0D464FF000084FF00009D6E989
:1047600000134FEAE27E50B1D0E9044CA2427EEB46
:104770000C0A1ADAA41A6CEB0E0CC0E9044C52189D
:104780004FF0000443EB0E032046C6E900233C60D3
:1047900007F09EFE2146FCF757FA85F31188BFF318
:1047A0006F8FBDE8F047FFF7E1BE611843EBE4739C
:1047B000C0E90489C6E90013FFF718FF01224FF092
:1047C0000043C0E9042385F31188BFF36F8F83682A
:1047D0009847EFF31185202383F31288BFF36F8F7F
:1047E0003A68121B3A60FFF7EFFEB8E7A0BB002063
:1047F000E01C002010B5EFF31184202383F312880E
:10480000BFF36F8FFFF7E8FE054A0346D2E90001C8
:10481000181841EBE37184F31188BFF36F8F10BD5B
:10482000E01C0020F8B50446EFF31187202383F342
:104830001288BFF36F8FD0E90423B3F1004F08BF94
:10484000012A04D087F31188BFF36F8FF8BDD0E938
:104850000A566A1C46F10003022A73F1000334D39E
:10486000013D46F1FF36002EBCBF00252E4607F065
:104870007FFE013041F10001401946EB01010128A2
:1048800071F1000148DB07F073FE013041F10001D6
:104890006FF00203401946EB010183426FF00043C1
:1048A0008B413EDB07F064FE013041F100016FF007
:1048B0000102401946EB0103121A4FF0FF3161EB80
:1048C00003031A492046FFF7ADFE236B0133236330
:1048D000236A63B187F31188BFF36F8F204698472F
:1048E000EFF31187202383F31288BFF36F8F54F8FF
:1048F000185FA542A6D0002DA4D0284607F0FAFCE8
:104900000023C5F8803087F31188BFF36F8F2846E6
:10491000BDE8F84007F0DBBC6FF001024FF0FF3359
:10492000CFE700224FF00043CBE700BF254804004B
:104930002DE9F04105461C4690461F46EFF31186CF
:10494000202383F31288BFF36F8FB4F1FF3F08BFBA
:10495000B2F1FF3F05D186F31188BFF36F8FBDE839
:10496000F081002C09DB012A74F10003BCBF012295
:10497000002412F1FF3844F1FF37284607F0BFFD4D
:10498000DDE90623C5E90A2300232B6342463B46A3
:1049900028460249FFF746FEDDE700BF2548040030
:1049A00070B50546EFF31184202686F31288BFF315
:1049B0006F8F07F0A4FD20B184F31188BFF36F8FD0
:1049C00070BD6B6A63B184F31188BFF36F8F6B6A3C
:1049D00028469847EFF3118486F31288BFF36F8F50
:1049E00005F1180007F0BBFC0028E5D007F06FFCCC
:1049F00021460248BDE8704007F0C7BCD2600120E4
:104A000073B50446EFF31186202383F31288BFF3B6
:104A10006F8F8368594003EA02050A4053400093B0
:104A200000226B460849019207F0F2FCDDE90032F2
:104A300023EA020304F10C00A360314607F0A5FC51
:104A4000284602B070BD00BF9FC604002DE9F041AA
:104A500005460E46174607F0D6FB28B9074B9B685C
:104A60005C6F14B9BDE8F081054C3B4632462946DF
:104A70002046BDE8F04107F03BBE00BF6CBB002004
:104A8000B4080020014B4367704700BFB408002002
:104A90000146024A0020FFF7D9BF00BF0F6904009A
:104AA000014802F03BB800BFA63C06000CB430B58C
:104AB0008BB004460D462022002102A807F05EFEBE
:104AC00002238DF80A30002D0C4B0393069412DB61
:104AD00001D06B1E1C440FAA0E99079402A80192E4
:104AE00000F09EF815B1069B00221A700BB0BDE8CD
:104AF000304002B070470024EDE700BFFBCA04005D
:104B00002DE9F0410126B24201DCBDE8F081074603
:104B10003B461F4613F8014B002CF6D0252CF8D14C
:104B20001D78252D07F10207F2D00023DFF8EC8075
:104B30009C461C461F2C27D8A5F1200EBEF1100F55
:104B400006D828FA0EFE1EF0010F53D12E2D3CD0B0
:104B50002E2D27D8242D33D02A2D36D0BCF1000F8E
:104B6000D3D0B445D4D145F02007A7F1650CBCF1F2
:104B7000020F0B6801D9612F42D1073323F00703DD
:104B800008330B600136BEE77F2CDFD96C2D23D0B4
:104B90001DD8682D27D06A2D01D04C2DDED144F4CC
:104BA000207408E0A5F1300EBEF1090FEED80A24FA
:104BB00004FB03E3202417F8015B002DBAD1CDE7F5
:104BC000BCF1000F18D0B34218D00023F3E7742DC6
:104BD000F1D07A2DEFD0C1E7250648BF44F4007428
:104BE00044F08004E7E7E50548BF44F4007444F46A
:104BF0008074E0E70024DEE79C46E6E76325B2E741
:104C0000692D02D007D8632D03D0250601D5A40550
:104C1000B3D40433B5E7732DF6E700BF892801004C
:104C20002DE9F04F8378D0F8049093B09C07CDE93C
:104C30000812804615D50B920B460025187890B1C6
:104C4000252814D0013306934146C847002805F1B2
:104C5000010580F2FC8398F8023043F0040388F8E1
:104C600002304FF0FF35284613B0BDE8F08F93F8BF
:104C700001A09A1CBAF1250F0692E5D04FF0000B67
:104C80005E465F465C461F2C23D8AAF12003102BFA
:104C900022D8DFE803F01521211B2121210B21213E
:104CA000211321182121090044F00104069B13F867
:104CB00001AB0693BAF1000FE5D11BE044F002040A
:104CC00044F00404F2E744F00804EFE744F0100471
:104CD000ECE77F2C00F2F880BAF12E0F00F0D580BF
:104CE00000F2AE80BAF1240F00F0D580BAF12A0F9D
:104CF00000F0B680BBF1000F06D0099B08980B931B
:104D00005A460BA9FFF7FCFE002E4AF02003B8BF5D
:104D100024F040040493A3F16503BCBFA4B20026B1
:104D2000022B04D94AF02003612B40F090826FEAF5
:104D30000A0A0AF0200307930B9B073323F00703AB
:104D400003F108020B92049A612AD3E900AB04F044
:104D5000400340F0E680002B08BF4FF0FF36079B72
:104D60000093504633460CAA594607F040FE0130E6
:104D7000C3B2B3420393A8BF03F1FF364FF0010C57
:104D80007023CDE9043CDDF830A044F4C0540AF1AE
:104D90000903122B0DD90AF16303C62B40F2F480EC
:104DA0000AF2E73340F2CE7293428CBF042303230E
:104DB00005939DF83430D80700F1E880A20700F190
:104DC000E880C4F3800B4FEA4B1B5FFA8BFB13F0B8
:104DD0000C0F00F0EA80BBF1000F0CBF032304238B
:104DE000BB420EDA2007A7EB03070BD42F44414642
:104DF0002020C847002805F10105FFF62CAFBD4271
:104E0000F5D10027BBF1000F07D041465846C847EF
:104E1000002805F10105FFF61EAF9DF83430AF4CB8
:104E200013F0080FAE4B08BF1C462646324616F854
:104E3000010B002840F0B0802C1B02EB040B7DE13D
:104E4000AAF13003092B3FD814F0400F4FF00A02AB
:104E500012BF02FB063602FB073744F0200425E7A9
:104E6000BBF1000F7FF422AF0B9A600652F8043BAF
:104E70000B9201D51E4619E7002BA7BF44F0200472
:104E80001F465F4244F0280410E763063FF5EBAE8F
:104E900044F040040AE7BBF1000F3DD014F0400A93
:104EA000099B08980B930CBF3A4632460BA9FFF7B3
:104EB00027FE0B9B53F8042B0B93BAF1000F01D084
:104EC0001646F3E61746F1E6BAF16C0F16D00CD889
:104ED000BAF1680F19D0BAF16A0F03D0BAF14C0FCA
:104EE0007FF408AF44F42074E0E6BAF1740F3FF4A5
:104EF000DDAEBAF17A0F3FF4D9AEFBE6200648BF2B
:104F000044F4007444F08004D0E6E30548BF44F460
:104F1000007444F48074C9E65E463446BB463746A6
:104F2000C4E6002B049B08BF0626652B0ED1721C1D
:104F3000D2B244F480541346112A4FF065014FF069
:104F4000000228BF11239446049107E0049B662BBE
:104F500012D144F40054B44601221123CDE9002CAF
:104F600050460CAA594600F01DFBC3B2039302231E
:104F7000DDF830A005930AE716F0FF02DBD16523C8
:104F8000049394460123E9E7022311E74FF02D0B28
:104F90001DE74FF02B0B1AE7079BC01A4146C0B222
:104FA000C8470028BFF642AF55E614F4405F40F012
:104FB0009980039B4833002E6B4408BF0126133BA6
:104FC000039A1AB113F8012D302A79D014F0100F7A
:104FD000039B18BF33461AF1040F76DBB24574DA2F
:104FE000534544F4005440F380800AF101069E1BAF
:104FF0002AEAEA730133BBF1000F00D00133002E1F
:1050000075D0721C13449F42CCBFFF1A002714F0C6
:10501000090F03D12F44BD426DD10027BBF1000F12
:1050200007D041465846C847002805F10105FFF65C
:1050300012AE230511D541463020C8470028FFF69F
:105040000AAE079BC3F17800414600F0F800C8475C
:10505000002805F10205FFF6FEAD200704D4AB469B
:105060007D195D454FD10027A1046AD52AEAEA736C
:10507000AAEB030A7642039A524584BF0CAA524413
:1050800003F1FF338CBF507930209E4205F1010BB4
:1050900041DC41460493C8470028049B0AF1010AF9
:1050A000FFF6D9AD5A1C09D141462E200493C847BA
:1050B0000028FFF6D0AD049B05F1020B5D46DAE750
:1050C000039A013AD2B203927AE75E1E14F4006F9B
:1050D000059A14BF0523032313448CE7E13C060023
:1050E000711F0600A10483D4F0E7002680E7E206E2
:1050F00048BF013387E741462020C847002805F113
:10510000010588DAA7E541463020C84700280BF1A1
:10511000010BA6DA9FE541460393C8470028FFF636
:105120009AADE6060AD5039B013307D105F1020BC0
:1051300041462E20C8470028FFF68DAD5D465F44EE
:1051400018E29DF835004146C8470028FFF683ADB8
:10515000002E61DD41462E20C8470028FFF67BADBA
:1051600001240CAB039AA242CABFE2183020507946
:105170004146C8470028A346FFF66DAD0134A6425C
:105180000CABEFDAAC1C5C44049B079A981A4146BE
:10519000C0B2C8470028FFF65EADBAF1000FB4BF39
:1051A0002D202B204146B8BFCAF1000AC84700286D
:1051B000FFF651AD059B042B3AD14FF47A76BAFB3A
:1051C000F6F505F130004146C0B2C847002804F1A9
:1051D0000304FFF640AD06FB15AA6426BAFBF6F5FC
:1051E00005F130004146C0B2C847002804F101046F
:1051F000FFF631AD06FB15AA0A26BAFBF6F505F156
:1052000030004146C0B2C847002804F10104FFF64F
:1052100022AD06FB15AA13E0E40601D46C1CB3E72B
:1052200041462E20C847002805F10204ACDA12E5F9
:10523000059B032B04F10204CFD0059B012BDBD18E
:105240000AF1300004F1010B4146C0B272E7AAF145
:105250006303122B00F2E580DFE813F01300540023
:10526000E300E300E300E3005400E300E300E300B5
:10527000E300E300FC00DD00E300E3002900E300BD
:10528000AB000B9B1A1D1B680B928DF8303001266A
:105290000DF1300A20072CD50AEB060B54465C456D
:1052A00029D1A5EB0A0A04EB0A0BBF1B46E70B9BAF
:1052B0001A1D0B92D3F800A0A94BBAF1000F08BF3A
:1052C0009A4614F0400F14BF31464FF0FF3150465C
:1052D00007F06CFA0646DDE741462020C847002863
:1052E000FFF6B9AC013CA642F6D32F443D1B27463E
:1052F000D2E73C46F7E714F8010B4146C8470028BF
:10530000CDDAA8E421060B9B32D5A2052BD50733B5
:1053100023F00703D3E9000103F108020B9224F004
:10532000100B00291FFA8BFB32DA404261EB41017E
:105330004BF4806B0CAC0A23224607F043FA1BF0B7
:10534000400FA0EB040200F09C802BF0010396427A
:105350009BB240F39F80BAF1000F40F09D802BF08C
:1053600011039BB21FE01A1D18680B92C117D6E7F4
:105370001A1DE00519680B9201D40846F6E7A2054C
:105380004BBF48B208B241F3C01141F3C031C6E788
:1053900050EA0103CED16306CCD5002ECAD124F049
:1053A0001104A3B23246344640F206410B426FD19B
:1053B00026E024F01004A4B20A2314F0800C0B9A07
:1053C0004CD014F400711DBF073222F0070202F125
:1053D0000801101D19BF0B91D2E900010B90106854
:1053E00050EA010247D124F0160B62061FFA8BFB2C
:1053F00045D5002E43D124F01704A3B232463446DB
:1054000019075FD4D90704D5A74272DD3C1BA61843
:105410003C46A34650E044F0100410234FF0780AB5
:10542000CBE74AF02003782B04D1CAF1780343F08C
:105430001003C2E741462520C8470028FFF60BAC01
:1054400041465046C8470028FFF605AC0235069B8A
:10545000FFF7F4BB08234FF0000AAEE7111D0B91D4
:1054600014F480711068BBD014F400711ABFC0B27C
:10547000614680B2B4E724F006041FFA84FB0CAC4A
:105480005AE714465B46D9068ED5BAF1000F05D10E
:105490000134B5E71446F6E73446F4E70234AFE7E3
:1054A00041462020CDE90332C8470028FFF6D3ABA0
:1054B000DDE903320BF1010B5F45F1DC2C1B04EB42
:1054C0000B055C46D90616D5414630200392C847E5
:1054D0000028FFF6C0AB039ABAF1000F32D00235B4
:1054E00041465046C8470028039AFFF6B4AB2E4405
:1054F0001DE016468DE740F206410B42F7D013F04F
:10550000020F14BF2B20202013F4806F039205F1AB
:105510000105414618BF2D20E4E7414630200392A3
:10552000C8470028039A05F10105FFF694AB731BE9
:105530009A42F2DB16460DF1300A2EB902EB050B4A
:105540003F1BFBE50135D2E7013E41461AF8060054
:105550000392C8470028039AEFDAFFF77CBB00BF2D
:10556000E53C060041462020C847002805F101051A
:10557000FFF671AB7B1B002BF4DC68E71FB502ABB9
:105580000093074A4FF0CC3307F0FBF9DDE9020145
:10559000C00840EA4170C90805B05DF804FB00BFCF
:1055A000CDCCCCCC2DE9F04F9BB00F0D0A939DF8DC
:1055B000903005920C93C1F30A52C1F31303C90F43
:1055C000044607917AB950EA03017CD1059930234A
:1055D0004B71079B0A6043F002030B7101263046B2
:1055E0001BB0BDE8F08F40F2FF718A420AD103433D
:1055F000079B059A14BF43F0080343F0040313719B
:105600000026ECE7A2F2354A43F48015234301BF9C
:1056100027F001077F057F0DB7FA87F704F0010235
:105620004FEA85080CBF7F090127BAF1000F0892E5
:1056300048EA94784FEA8406C0F2B680504600F0FB
:10564000EBF9BAF1030FC8BF0138049000F0F0F98C
:10565000049B7C30A3EB0A0A824416A9184600F08A
:105660007BFA12AB019310AB0093204653462946B8
:10567000029716AA07F0CDF8049B152B04460D4699
:1056800000F28E8014ABA94A009330464FF0CC3321
:105690004146DDE9109A07F074F9149B159A9B08AE
:1056A00043EA827303EB8303B34210D14146304691
:1056B00000F0C6F9049B83428CBF4FF000084FF006
:1056C0000108002715E0DFF868A21D469EE7089B49
:1056D000002B55D1013E48F1FF31F01B61F1000173
:1056E00000F0AEF9049BDDF8208083428CBF0027D8
:1056F00001270C9B002B40F0C880DDF82890002685
:10570000069609964FF00A0BDDE91001FFF736FF08
:10571000DDE912A3CDE90D01194650460F93FFF7BD
:105720002DFF0A460D990B9003468B420E9B72EBA0
:1057300003010F9B80F0C480204629460F92FFF79B
:105740001DFF0B9B0F9A13920BFB03F50D9B109300
:105750000E9B11930B9B1293069B002E14BF4FF0D0
:10576000000808F0010801330BFB1046554514BF33
:10577000002707F00107F6B2069304460D46C3E77B
:10578000B01C48F1000100F05BF9049B83428CBF20
:1057900000200120B9EB00006AF10002CDE91002FF
:1057A0004FF000084746A4E7CAF1000B584600F046
:1057B00039F9BAF1FF3F0CBF8146A0F10109ABEB0B
:1057C000090B0AEB09035846049300F031F916A9B6
:1057D000A0F17D0A584600F04BF912AB0193A9EBFA
:1057E0000A0A10AB0093204629460297534616AA90
:1057F00007F00FF8B9F1010F04460D460ED8089BCB
:1058000013B94FF0010874E7109B119A013B42F164
:10581000FF32CDE910324FF0010852E7B9F13E0FE7
:10582000BED84FF0FF33A9F1200003FA09F203FAC2
:1058300000F0C9F1200123FA01F102430A4303FAFF
:1058400009F328EA020826EA030656EA08060CBF0E
:105850004FF001084FF0000833E700FB02F6A1FB10
:105860000012013332448C4275EB0206F5D2049AE1
:105870001344259A1344D20F9342B8BF13460A9A91
:105880009A42A8BF1A46914639E70A21002201230D
:105890000846E8E70BFB01FEA0FB0B010CF1010C35
:1058A0007144844275EB010EF4D2CC450DDDB9F1A3
:1058B000000F02D154EA050107D0012309933BE709
:1058C0000A2000214FF0010CEBE7002F32D04FF0FF
:1058D0000A0B50461946FFF751FE0BFB00F25245EA
:1058E0000B910E9026D1DDE91001FFF747FE8A46A5
:1058F0000D9029462046FFF741FE0D9A0E9B12930C
:10590000CDE9102A0B9A1392069A002E14BF4FF07D
:10591000000808F0010801320BFB10469A46F6B267
:105920000B9B069204460D46D3E700BFCDCCCCCCF2
:10593000CCFBFFFFB8F1000F05D0052E03D104F01A
:1059400001060436F6B2049B069A13449846099B56
:1059500053B9DDE912239D4208BF944204D1089B4C
:10596000002B46D1002F44D0042E94BF00260126E0
:1059700030194FF00A0245F10001002301271446B7
:10598000904271EB030536D2EEB1B9451BDA0C9BA0
:105990006BB1259A08EB07031344012B0A9AB8BF91
:1059A00001239A42A8BF1A46974291460BDD053063
:1059B0004FF00A024FF0000341F10001E1F7F0FB64
:1059C00008F10108013F4F45A8BF4F463EB20FFA0C
:1059D00088F8059B08FA87F706F10508013F984407
:1059E0004FF00009B1450DDB059B079A1F601A7146
:1059F000F5E50126BCE704FB03F5A2FB0423013710
:105A00002B44BDE70A220023E1F7CAFB303208F835
:105A1000012D09F10109E5E7014B5843800C70475E
:105A200041340100014B5843000D7047FB2E0B0021
:105A3000024B5843C00C0130704700BF4F93120017
:105A40000A4A70B503464FF0CC3600204FF033358C
:105A500006FB03F402FB0144A3FB023121449D42F7
:105A600075EB010401D30130F2E770BDCDCCCCCC95
:105A70002DE9F04F1A23354EB0FBF3FA03FB1A035E
:105A800089B004460D4606EB0A1653B9D6E9002341
:105A9000C1E90023D6E90201C5E9020109B0BDE868
:105AA000F08F2B4A02EBC303D3E9008904AB0093C8
:105AB000D6E902234046494606F063FF06AB009351
:105AC000D6E9002383460F464046494606F059FF73
:105AD000DDE9066216EB0B0652EB07084FF00003F8
:105AE00028BF0123814633B1049B059A013342F15B
:105AF0000002CDE9043220460391FFF799FF0746E3
:105B00001A2000FB0AF0FFF793FF3F1A3246434684
:105B100003990097484606F04BFF4FEA141C0D4AC4
:105B2000640004F01E0352F82C40DC4004F003042F
:105B3000241841F10001C5E90041DDE90423009783
:105B40003046414606F034FFA6E700BF48D20400C5
:105B500078D10400001406002DE9F04F1A27DFF871
:105B6000ECA000F11905B5FBF7F56F433A1A4FEABF
:105B7000051B89B004460E460AEB05150AD1D5E986
:105B80000023C1E90023D5E90201C6E9020109B0F9
:105B9000BDE8F08F2B4B03EBC203D3E9008904ABC4
:105BA0000093D5E902234046494606F0EAFE5AF83A
:105BB0000B206B68013ACDE9020106A963F10003ED
:105BC00000914046494606F0DCFEDDE906528A4671
:105BD00002996D18039952EB01084FF0000328BF9A
:105BE0000123814633B1049B059A013342F100023F
:105BF000CDE904323846FFF71BFF07462046FFF782
:105C000017FF3F1A2A46434600974846514606F07A
:105C1000CFFE4FEA141C0C4A640004F01E0352F835
:105C20002C40DC4004F003040134241841F100014D
:105C3000C6E90041DDE9042300972846414606F005
:105C4000B7FEA2E778D104005414060018D304006C
:105C500010EE103A07B5194A23F00043934206D8D4
:105C6000DFED170A03B05DF804EB00F0DFB9B3F124
:105C7000FF4F04D303B05DF804EB00F0C3B96846EE
:105C800000F020F800F0030001289DED000ADDED92
:105C9000010A07D002280AD060B900F0C7F903B0A2
:105CA0005DF804FB00F080FCB1EE400AF7E700F07D
:105CB000BDF9F9E7012000F077FCF0E7D80F493F84
:105CC0000000000070B510EE105A854A25F0004320
:105CD000934286B0044605D8002380ED000A436055
:105CE000002022E07F4A93423AD825F00043002D5D
:105CF000DFED7D7A7D4A23F00F0318DD934230EE0D
:105D0000670A09BFDFED7A7A9FED7A7A9FED7A7A9A
:105D100030EE670A70EE477A30EE670AC0ED007A1F
:105D200030EE470A80ED010A012006B070BD9342B3
:105D300030EE270A09BFDFED6E7A9FED6E7A9FED98
:105D40006E7A30EE270A70EE077A30EE670AC0ED01
:105D5000007A30EE070A80ED010A4FF0FF30E4E7E9
:105D6000664A93426DD8B0EEC00A9FED657AF6EEB2
:105D7000007A40EE077AFDEEE77AB8EEE76A17EEB2
:105D8000900ADFED597A06EE670A1F28DFED597A8F
:105D900066EE277A30EE677A09DC5A49461E25F00E
:105DA000004251F8261022F0FF028A4208D117EE75
:105DB000101AC1F3C751DA15C1EBD353082B02DC1B
:105DC00084ED007A1AE0DFED4A7A9FED4B7A66EEB9
:105DD000277A70EE676A30EE660A70EE677A56EEE2
:105DE000077A36EEE77A17EE103AC3F3C753D31AA1
:105DF000192B15DC84ED007AB0EE660A30EE470A06
:105E0000002D30EE670A84ED010A8EDAB1EE477A92
:105E1000B1EE400A84ED007A84ED010A404284E745
:105E2000DFED397A9FED397A66EE277A36EEE70AAA
:105E300076EEC06A76EEE77A56EE077A30EE677A4B
:105E4000BEE7B3F1FF4F06D330EE400A80ED010A02
:105E500080ED000A44E7DA15863AA3EBC25307EE59
:105E6000903ABDEEE77ADFED2A6AB8EEC77A77EEB0
:105E7000C77A8DED037A67EEA67ABDEEE77AB8EEC3
:105E8000C77A77EEC77A8DED047A67EEA67AF5EEDB
:105E9000407AF1EE10FACDED057A1DD1B5EE407ADB
:105EA000F1EE10FA1AD002231A4901910221009151
:105EB00003A8214600F012F9002DBFF636AFD4ED4D
:105EC000007AF1EE677AC4ED007AD4ED017AF1EE52
:105ED000677AC4ED017AA1E70323E5E70123E3E74D
:105EE000D80F493FE3CB1640800FC93FD00FC93FC1
:105EF000004435374344353708A3852E800F494386
:105F000084F9223FC414060000A3852E32318D246B
:105F10000000804344150600024610EE100AC0F34C
:105F2000C75320F0004183B9A9B3DFED1B7A1B49A9
:105F300060EE277A8A4217EE900AC0F3C753A3F1A6
:105F4000190307DAC00F00F02DB8FF2B02D130EE95
:105F5000000A70474CF250318A4202DDC00F00F057
:105F600031B81344FE2BF9DC002B06DD20F0FF4096
:105F700040EAC35300EE103A704713F1180FE1DB0B
:105F8000193320F0FF4040EAC3509FED050A07EEA9
:105F9000900A27EE800A70470000004CB03CFFFFDB
:105FA000000000339FED050ADFED057A002808BFE9
:105FB000F0EE407A27EE800A704700BF00008000B4
:105FC000000080809FED050ADFED057A002808BFFC
:105FD000F0EE407A27EE800A704700BFFFFF7F7F18
:105FE000FFFF7FFF0028BFEE007A9FED050AF7EE66
:105FF000007A18BFF0EE477A87EE800A704700BF3C
:106000000000000008B52DED028BB0EE408A06F0CE
:106010007CFD20B138EE080ABDEC028B08BDDFED37
:10602000027A87EEA70AF7E70000000010EE103AA8
:1060300023F00043B3F1485FB7EE007A3BD360EE44
:10604000006ADFED1E5A9FED1E6A1E4A06EEA56A23
:106050009342DFED1D5A56EE265A9FED1C6A05EE5F
:10606000A66ADFED1B5A56EE265A9FED1A6A05EE18
:10607000A66A60EE200A26EE266AF6EE007A56EE52
:10608000260A66EEA77A04D877EEE07A37EE670A3A
:106090007047114A93429ABF03F17F4306EE903A4C
:1060A000F5EE026A77EEE67A37EE660A77EEE07A88
:1060B00030EE670A7047B0EE470A70474ED747ADDB
:1060C000F6740F319999993E7CF29334010DD037D3
:1060D000610BB63AABAA2A3D0000483F2DE9F04FCC
:1060E0002DED048BD9B090469B46669AB64B679DC2
:1060F00053F822A0019018F1040F0F460BF1FF3264
:1061000025DBB8F1030348BF08F10403DB105E1C74
:10611000F1009C1A9FEDB07A0291A8EBC6060AEB3B
:10612000020C0DF1700905EB840E0021614510DDB4
:106130001CA901EB8B010DF588790024544524DC62
:10614000DDF804E0DFEDA47A8C46002016E00023A1
:10615000DDE7CC425DBF5EF8210007EE900AF8EE65
:10616000E77AF0EE477AE9EC017A0131DEE7FEECFE
:10617000016A3CED017A46EE877A01309042F6DD05
:10618000E9EC017A01340431D8E708A901EB8A016E
:1061900005EB8303DFED8F8A9FED8D9A04910393C6
:1061A0005446A300059358AB03EB840313ED140A84
:1061B00044A908AB01EB84011D46204600284CDCB5
:1061C0003046CDE90623FFF7A7FEB0EE408AB4EED5
:1061D000000A28EE000A00F03DFAF2EE007A00EE26
:1061E000678A002EDDE90623FDEEC87A17EE909A45
:1061F000F8EEE77A38EE678A41DD08A9601EC6F13D
:10620000080E51F820C04CFA0EF5A94405FA0EF517
:10621000ACEB050541F82050C6F107010D41002DFA
:106220003CDD4FF0000C09F10109614664456BDC6F
:10623000002E03DD012E77D0022E7FD0022D2DD12E
:10624000B7EE000A30EE488A41B330460692FFF7B7
:1062500063FE069A38EE408A20E060EE287A013824
:10626000FDEEE77AF8EEE77A07EEC90ABDEEC00A5E
:10627000A5EC010A31ED010A37EE800A9EE705D14F
:10628000611E08A850F82150ED11C8E7F6EE007A1B
:10629000B4EEE78AF1EE10FA34DA0025B5EE408A62
:1062A000F1EE10FA40F09A80611E00200DF1200CF2
:1062B00051454BDA002863D0013C083E08AA52F849
:1062C0002430002B7DD03046B7EE000AFFF724FEC5
:1062D000631C44AA9FED3F7A980002EB830208A951
:1062E0002346002B80F2A8802346002BC0F2C480F6
:1062F00044AA02EB8306DFF8D4C0DFED377A002131
:10630000E21AAEE002258CE753F8040B49B920B13C
:10631000C0F5807043F8040C01200CF1010C01461B
:1063200084E7C0F1FF00F5E704F1FF3C08A850F84E
:106330002C3003F07F0340F82C307FE704F1FF3C62
:1063400008A850F82C3003F03F03F4E75CF8213044
:1063500001391843ACE7013351F8040D0028FAD095
:10636000059901F5B071694404EB0B0C1CA8651C80
:106370004C3900EB8C002344AB4204DA1C4610E796
:1063800004990123E8E7039CDDF804C054F8254094
:10639000059407EE904AF8EEE77A0024E0EC017AE3
:1063A000DFED0D7A8646944203DDE1EC017A01359A
:1063B000E2E7FCEC016A3EED017A013446EE877AB1
:1063C000F1E7013C083E7AE7881806005C180600F1
:1063D000000080430000803B00000000029BB0EE04
:1063E000480AA3EB0800FFF797FD1FED077AB4EE0C
:1063F000C70AF1EE10FA19DB5FED0A7A60EE277A30
:1064000008AAFDEEE77A0836F8EEE77A07EEC70A43
:10641000FDEEE77ABDEEC00A10EE103A42F82430E5
:1064200017EE903A013442F824304CE7BDEEC00A32
:1064300008AA10EE103AF6E751F8236007EE906ACA
:10644000F8EEE77A013B67EE807A20EE070A62ED0C
:10645000017A46E7FCEC016AB6EC017A46EE877AEF
:106460000131514501DC9142F4DD58A901EB820272
:1064700042ED287A013B38E7669B022B09DC002BB2
:1064800026DC3FD009F0070059B0BDEC048BBDE815
:10649000F08F669B032BF5D130AA031F13441946D6
:1064A0002646002E4FDC214601295CDC5FED367A62
:1064B0001318012C67DCDDED306A9DED317A002D7B
:1064C00067D1C7ED006A87ED017AC7ED027AD9E797
:1064D00030AB1FED3F7A03442246002A24DA4DB345
:1064E000F1EE477AC7ED007ADDED307A77EEC77AC4
:1064F00031AA01239C4220DA0DB1F1EE677AC7ED93
:10650000017ABFE730AB5FED4C7A0344002C05DA2B
:106510000DB1F1EE677AC7ED007AB3E733ED017A9A
:10652000013C77EE877AF1E773ED017A013A37EEB5
:10653000277AD2E7F0EE477AD4E7B2EC017A01335A
:1065400077EE877AD6E771ED017AD1ED016A37EE01
:10655000A67A013E77EEC77A81ED007A77EEA67AC9
:10656000C1ED017A9DE773ED017AD3ED016A37EE53
:10657000A67A013977EEC77A83ED007A77EEA67AAC
:10658000C3ED017A90E733ED017A013C77EE877A2B
:106590008FE7F1EE666AB1EE477AC7ED006A87EDE4
:1065A000017AF1EE677A90E710EE103A23F000439B
:1065B000B3F1485FF0EE407A01D200F03DB860EEF2
:1065C000006A9FED167ADFED165A56EE875A9FED58
:1065D000157A05EEA67ADFED145A57EE265A9FED8E
:1065E000137A20EE266A05EEA67A40B9DFED105A3E
:1065F00056EE875A45EE867AB0EE670A704726EE69
:10660000077AF6EE005A10EEA57A57EE260A9FEDAD
:10661000097A46EE470A30EE600A7047D3C92E2F3A
:10662000342FD7321BEF3836010D50398988083C9A
:10663000ABAA2A3EABAA2ABE9FED057AF7EE007AF6
:1066400077EE877A82B0CDED017A019B02B0704778
:106650000000800010EE101AC1F3C7537F3B162BC9
:1066600021F000401ADC002B0A4609DA00291BDA67
:1066700000280E4B08BF4FF0004300EE103A704761
:106680000B4919411142FAD0002ABEBF4FF4000055
:1066900040FA03F3D21822EA0103EEE7B0F1FF4F0C
:1066A000EDD330EE000A70470023E6E7000080BF1C
:1066B000FFFF7F00704700F014BF0B460021024629
:1066C000084603F07EBF012303FA01F103691B684A
:1066D000194218BF82F0010212B18368DB681847C3
:1066E00083681B69FBE7017900680022FFF7EBBFB5
:1066F000F0B4034600681979DB8806698768346856
:10670000DA0754BF43F4D01383F4B01301258D404E
:1067100023F48012DB074CBF2C43AC4334603B684E
:10672000F0BC184705F05BBE017900680122FFF755
:10673000CABF00EBC100408840087047F8B5034667
:10674000FFF7F7FFB0FA80F0C0F11F0003EB800CF9
:10675000CA00DCF81060171D0C4606328DB256B91F
:10676000012101FA00F0D9680143D960CCF810404A
:10677000DD539D52F8BDF1000431585AD85303EB54
:10678000C0009E52C5805D52F4E710B500EBC10415
:10679000E3888B4202F104010AD1012303FA02F2D9
:1067A000C36823EA0203C360002340F8213010BD10
:1067B000A28840F8213000EBC20100EBC300CB807F
:1067C0008280F4E708B50346FFF7B3FFB0FA80F222
:1067D000C2F11F021846BDE80840FFF7D6BF2DE9F9
:1067E000F843B1FA81F3C3F11F0200EB82090646B8
:1067F000D9F810700D4687B9C3F120034FF0FF346C
:106800009C40F3681C4014D094FAA4F2B2FA82F2CD
:10681000131D56F82340214608E03C464FF003087C
:1068200021463046FFF785FF854205D83046FFF701
:10683000ACFF2046BDE8F88306EBC404B8F10108BC
:10684000E488C9F81040D7D0BC42E9D1D4E738B5C4
:106850000446FFF76EFF0D46034611462046FFF73C
:1068600068FF03449BB204EBC5055A006A802046CA
:10687000FFF75FFF014424F8313038BD70B504469E
:10688000FFF757FF0B4604EBC305511A9B1A89B259
:1068900003444E009BB204EBC2006E805D00458055
:1068A00024F8321020461146FFF743FF014424F834
:1068B000313070BD70B509B9002070BD056801F0B8
:1068C00007030B33CC0804EBD304AB689C4228BF0E
:1068D0001C4621462846FFF782FF06460028EBD0DB
:1068E00001462846FFF725FFA04207D9321928465E
:1068F000FFF7C4FF11462846FFF720FF05EBC6024D
:106900001046538843F0010353800430D5E7114605
:10691000FFF7D0BF2DE9F84314464A4202EA0109C5
:1069200031EA020203460BD04A46042A4F4628BFEA
:106930000422A1EB09096CB900252846BDE8F883BB
:10694000042904D82146BDE8F843FFF7B3BF002768
:106950000422F0E71E68A9EB020204F0070302F02C
:1069600007010B330B44E10801EBD20101EBD3012A
:10697000B368994228BF19463046FFF730FF80467A
:106980000028D9D03D1D05EBC00509F1FF33354482
:106990001D44B5FBF9F509FB05F5ED1B2C442B1F38
:1069A00007349B1B24F00704A41BB0EBD30F4FEA62
:1069B000D3074FEAE40408D201463A463046FFF7CF
:1069C0005DFF41463046FFF7B9FE39463046FFF7D6
:1069D000B0FE3844844207D230462246FFF74EFFCD
:1069E00021463046FFF7AAFE06EBC706738843F040
:1069F00001037380A1E7043A2DE9F843CC1D11444B
:106A000024F0070421F00706A6EB04084FEAD80794
:106A1000B7FA87F2C2F12405AD004FF0000907353F
:106A2000C2F12002ED0804604946A760C4F80C904A
:106A3000920004F1100005F0A1FEAAB2530043F049
:106A4000010363807B1B9BB204EBC5015800A4F8D3
:106A50000090488024F83520A6F8029024F80830E9
:106A600004EBC70329465A8842F001025A802046A7
:106A7000BDE8F843FFF762BE2DE9F04706460D4634
:106A8000174698462BB398F8004093F80190DB78AE
:106A9000A40004EB430498F802301C4444444FF033
:106AA000000ACA4509D3D8F8042008F1080339467A
:106AB0003046AC46BDE8F047604714F8013B48F863
:106AC00023402046E0F798FB013004440AF1010A14
:106AD000E7E76FF01500BDE8F08730B50246002407
:106AE000002012F8013B43B178B18C4207D1702BE2
:106AF00004D0A3F140053A2D07D8002030BDA3F102
:106B000040053A2D01D80134EAE7252B08BF80F073
:106B10000100E6E70020704700F057BC0FB407B54E
:106B200004A951F8040B019100F04FFC03B05DF88B
:106B300004EB04B070470FB407B504A951F8040B77
:106B40000191FFF7E9FF03B05DF804EB04B0704773
:106B500010B50369024613F0080009D11368D46820
:106B60009C4297BF126AE31AD31A01200B6010BD32
:106B700000231846FAE713B501A90446FFF7E8FF1A
:106B800020B1019BE268013B13440193206A019B01
:106B9000C01A013802B010BD10B504465018226961
:106BA000236AD20702D5013B184010BD984228BF86
:106BB000C01AFAE710B504460A46C168FFF7ECFFB1
:106BC0002369E06023F00803236110BD38B50D464A
:106BD000C2698B00016843F0020342F82130044689
:106BE00001682A46FFF7D8FFE36861682060984291
:106BF00002BF236943F0080323612A462046FFF7BA
:106C0000CBFF606038BD2DE9F74FD0F80CB0C669F6
:106C1000009216F82B2002F00302022A08BF56F851
:106C20002B209A4606EB8B030F4601934FF0000191
:106C3000009B0CBFC2F39D09894619600446CAF83F
:106C40000010B9F1000F07D04946FFF7B3FFE36822
:106C5000A3604FF0010804E001698A0705D44FF0F2
:106C60000008404603B0BDE8F08F816906EB8B0059
:106C7000884716F82B1011F001080546EFD08B0756
:106C80001DD51FB139462046FFF7A0FF61682A468F
:106C90002046FFF781FFD4E902138B42606007D1E1
:106CA0002A462046FFF778FF4FF000080146A06013
:106CB0002369216043F00803E1602361D1E70146C5
:106CC0002046FFF777FFE168A1601FB12068E16906
:106CD00041F82090EA19CAF8002021682046FFF701
:106CE0005BFF2269206042F00802226116F82B2027
:106CF00022F0010206F82B20DDE900321A60A8E735
:106D000070B504461546FFF747FF2368834205D157
:106D10002369216023F00803236170BDE269AB00A1
:106D200043F0020342F82130204661682A46FFF70B
:106D300033FF6060F1E738B503695B07044606D5A9
:106D4000456AFFF718FF85422CBF6562606238BD57
:106D500038B50D4604461C22002105F00FFDEB68F6
:106D6000A361AB6863612B68E3616B6823620022F7
:106D700062622A6923B1591E194208BF42F001021A
:106D80002261012204F128000021BDE8384005F00D
:106D900039B92DE9F04F9846036A87B000258B4238
:106DA00004460E46934603950595AA4638D3EFF35D
:106DB0001189202383F31288BFF36F8F059A2AB1BC
:106DC00029462046FFF79CFF0023059304A920468F
:106DD000FFF7BEFE0499B14207462AD32268E36951
:106DE00013F8221021F0030103F8221003EB820AAA
:106DF000216832462046FFF7CFFEE36820609842C4
:106E000012D0002789F31188BFF36F8F039929B13E
:106E100062690AB12046904700230393002FC6D130
:106E2000504607B0BDE8F08F236943F008032361A3
:106E3000E7E718B12046FFF7C9FEE3E75BEA08037E
:106E40001CD0019105F0DFF90199B8B9B9F1000F33
:106E500014D189F31188BFF36F8F5A46434604F16A
:106E60002800FCF79FFCEFF31189202383F312889D
:106E7000BFF36F8FB0FA80F77F09C3E705AB03AAB2
:106E800020462568FFF7BFFE0746BBE770B50446FE
:106E9000836908460D4698470246EFF31186202382
:106EA00083F31288BFF36F8F2B7843F001032B70AD
:106EB00061682046FFF770FE60602046FFF73BFFE9
:106EC00086F31188BFF36F8F70BD2DE9F843044638
:106ED00000272026EFF3118586F31288BFF36F8F0A
:106EE0002369A268190702D46368934200D2236A17
:106EF0009B1A002B42D0E06910F8221011F0030316
:106F000000EB82093AD0022B04D150F822305FEA1C
:106F1000930805D1CB0720D4A369484698478046FB
:106F2000A16842462046FFF737FE0127A060414690
:106F30002046FFF73FFE3B4685F31188BFF36F8F76
:106F4000002BC7D137B1B9F1000F03D104F12800EC
:106F5000FCF7F4FB4846BDE8F88341F0020100F875
:106F600022104846A369D4F8088098474146024653
:106F70002046FFF711FE0023A060DDE79946DBE71E
:106F8000F8B50446836908460D4698470646EFF370
:106F90001187202383F31288BFF36F8F2B7823F0A0
:106FA00001032B7023699B0705D5E268E36903EBB6
:106FB00082039D421AD12B7823F002032B70D4E96F
:106FC0000231994204D132462046FFF7E5FDA06028
:106FD00031462046FFF7EEFD87F31188BFF36F8F30
:106FE00004F12800BDE8F840FCF7A8BB2B6860F36B
:106FF0009F032B60F0E7EFF31181202383F31288C6
:10700000BFF36F8F02698368120702D442689A4205
:1070100000D2026AD31A81F31188BFF36F8F181E52
:1070200018BF01207047036800220BB9184670474B
:107030008B4210D10B6842B942680360914200D183
:10704000436000230B60012070471360436899423E
:1070500008BF4260F5E71A461B68E6E7038B13F0AA
:10706000070306D10368002B18BF032008BF0020C8
:107070007047022B05D1408BB0FA80F040098000A8
:107080007047012B04D10368002B18BF0520EDE7E2
:107090000020704710B50C4600B111B96FF0150013
:1070A00010BD081D00F0C7F80028F9D1A368032B14
:1070B000F6D9F3E72DE9F0410D4607461946281D9C
:1070C00090461E4600F0C8F8044638B133464246A2
:1070D00029463846A446BDE8F0416047BDE8F08146
:1070E00010B4EFF31182202484F31288BFF36F8F62
:1070F00041615DF8044B0121E3F784BA38B50C46D1
:10710000054658B151B10B6843B14B6833B11C22ED
:10711000002105F033FB2C61002038BD6FF0150015
:10712000FBE7F8B504460E46FFF7B4FF051E3BDB50
:10713000EFF31182202383F31288BFF36F8F638BE9
:10714000278B4FF6FF718B4207F007072ED0062FD3
:107150002FD8DFE807F0182E082E180418006FF05B
:107160008505002303E0013363830225012382F3B5
:107170001188BFF36F8FBBB100233A4631462046DA
:10718000FFF798FF10E000233360636823B9C4E978
:10719000006627B13D46E4E71E606660F9E702211C
:1071A0002046E3F72FFA3D462846F8BD6FF00A0562
:1071B000D7E76FF00405D4E710B5EFF31182202371
:1071C00083F31288BFF36F8F048B04F00704022C43
:1071D0000AD0012C0CBF6FF004006FF0850082F321
:1071E0001188BFF36F8F08E0438B013B9BB2438351
:1071F00023B92146E3F706FA204610BD2046EEE704
:1072000038B5A8B1A1B1EFF31185202282F312881D
:10721000BFF36F8F048BFFF706FF30B104F0070058
:1072200085F31188BFF36F8F38BD6FF07700F7E7F4
:107230006FF01500F8E7034658B1426802F0030208
:10724000012A03D0032A04D1026812B100209860F9
:1072500070476FF0150070474268816002F00302CA
:10726000032A4FF0000203460CBF006810465A6024
:10727000704760B50D68064688682D1AF069A84207
:1072800098BF2D1A401B984228BF184633682B44DC
:1072900013600B6803440B6060BD70B40E46C36995
:1072A000456901461D4451F8043FEB1A934228BF3B
:1072B0001346324670BCFFF7DCBF70B40E46014681
:1072C000856851F8103FEB1A934228BF13463246A7
:1072D00070BCFFF7CEBF10B5D1E90043E41A944269
:1072E0000CD31A44C1E900228B68C069D21A9042BB
:1072F00001D9002010BD03448B60FAE76FF0150040
:10730000F8E72DE9F34106460F4615464FF0000811
:107310002A4601A93046FFF7C0FF044640B10246A5
:107320003946019805F003FA2D1BA0442744EFD1FC
:107330004246311D3046FFF7CEFF404602B0BDE861
:10734000F0812DE9F34107460E4615464FF000083F
:107350002A4601A93846FFF7B0FF044648B12EB1CE
:1073600002460199304605F0E2F926442D1BA0445F
:10737000EED1424607F110013846FFF7ACFF404618
:1073800002B0BDE8F081704703785B075FBF036818
:107390004288C3F34A2303EB12105DBF173020F07D
:1073A00007008008002070470020704704F08EB866
:1073B0000346BFF35B8F53E8000F421C43E80021F4
:1073C0000029F8D1BFF35B8F70471FB50023CDE9CB
:1073D0000201CDE900331A4619461846E3F728FDA5
:1073E00005B05DF804FB0120E3F7D4BA0020704734
:1073F0004368DA7143681960436801225A71E3F700
:10740000BBBA70B515460C4669B1D2E901369B1B73
:1074100099420AD813680A460146981905F087F977
:10742000AB682344AB60204670BD6FF01B00FBE7E8
:1074300070B50E4615461946044618B9BDE87040A9
:10744000E3F7A8BA33B1C2F34A231030120D18443F
:1074500005F06DF9C4E900562046BDE87040E3F739
:1074600047BC2DE9F3415F1C4FEA8708064608F147
:10747000170020F0070080080C461546E3F70CFBC8
:107480000023ADF805308DF807308DF8047068B131
:107490000346019A43F8102FA8F104012A46294413
:1074A00052F8045B43F8045F8A42F9D1A20102F466
:1074B000E07242EA482222F07F4222F47002002366
:1074C00022F03F02314602B0BDE8F041FFF7B0BF05
:1074D00007B50123019201AAFFF7C3FF03B05DF8CE
:1074E00004FB07B5CDE9002302236A46FFF7B9FF85
:1074F00003B05DF804FB1FB5CDE90123069B0393A0
:1075000001AA0323FFF7ADFF05B05DF804FBF8B552
:1075100006460D4614461F4604B9F8BD21462846C6
:107520003A46B047241A0544F6E710B54268816828
:107530000446D2E900230068FFF7E9FF63680022F0
:107540001A6010BD38B54B681A68CB689A42054678
:107550000C4602D10846FFF7E8FF6368BFF35B8F74
:1075600053E8002F511C43E800100028F8D1BFF366
:107570005B8FA3689D54002038BD0A2838B50446A7
:107580000D4602D10D20FFF7DDFF29462046FFF70B
:10759000D9FF002038BD2DE9F043054689B00846E3
:1075A0000E8891F80090D1F808800C461746E3F752
:1075B00091FC011EC6F38216C9F3C2091FDB4846BF
:1075C000E3F7A8FB03462146608851F8102B02968A
:1075D000C2F34A22002A01EB0204C0F30B1008BFD9
:1075E00000210022CDE90507CDE90314CDE90022F1
:1075F00041462846E3F79AFC09B0BDE8F083002332
:10760000E1E743681B685B680020196170474368C5
:107610001B681A685268536070472DE9F04143684F
:107620001B685A68012111751D68D5E90136D3E937
:1076300000482F681CB96B681C60BDE8F0812146CA
:1076400030464246B847241A0644F3E743681B68AD
:107650001868E3F79FBD70B543681D686B681869CB
:107660000C46E3F773F9214603460F222868BDE86C
:1076700070401847F0B587B01F4604460D461646C1
:1076800001F053FC022302930DF116030193BDF8A0
:107690003030ADF81600009332463B46294620466E
:1076A00002F0D1FD07B0F0BD2DE9FF411F460D46A8
:1076B00016460446E6F724FD8046DFF79DFDBDF83B
:1076C0002830009380B2CDE901803B4632462946FE
:1076D000204602F0B8FD04B0BDE8F08105F04EB8D8
:1076E00005F025B801460068E3F74CBE08B5E3F79E
:1076F000D9FEBDE80840E4F795BA0A460121FFF734
:10770000E7BE00210120E3F73DBEE4F735BA61B6DC
:1077100062B680F31188BFF36F8F704772B6002393
:1077200083F31188BFF36F8FBFF34F8F30BF62B603
:10773000BFF36F8F704772B6002383F31188BFF3D6
:107740006F8FBFF34F8F20BF80F31188BFF36F8F10
:1077500062B67047202809D9B0F1004F08D8013827
:10776000B0FA80F0C0F11F00400070470820704759
:107770003E20704708B5D1E904319847002008BD84
:1077800008B5E4F789FC002008BD70470023038298
:107790004369C3607047C1698968E4F7E9BCEFF3E6
:1077A0001182202383F31288BFF36F8F00230B60B5
:1077B000436833B9C0E9001182F31188BFF36F8FBA
:1077C000704719604160F7E710B50346EFF3118188
:1077D000202282F31288BFF36F8F006828B15C68A3
:1077E00002681A60A04208BF5A6081F31188BFF393
:1077F0006F8F10BD027A013202727047034618463D
:107800005B68002BFBD17047426810B52AB10B466C
:107810001C465B68002BFBD16260416010BD10B557
:10782000044620B90B7A01330B72084610BD03469B
:1078300018465B68002BFBD1FFF7E6FF2046F5E713
:1078400010B508B14B6843604C68002308464B6094
:10785000E4F70CFD204610BD92B281600160C28049
:107860008280704783680B440360704703680B6035
:1078700043684B6083688B60704783880268194453
:107880008180D018704730B484880568A31883803D
:10789000281930BC04F04BBF10B5838802685C1C0B
:1078A0008480D154D01810BD30B5838802689D1CE7
:1078B000D4188580D154090A617030BD83885B1A61
:1078C0009BB28380006818447047034600689A881A
:1078D000401A11441860998070470268531E036073
:1078E00083880133838002F8011C70478288521A12
:1078F00003468280006808441860704703460068A9
:107900009A88521A01449A801960704710B503682A
:107910001C780121FFF7EAFF204610BD10B503686F
:107920001C880221FFF7E2FF204610BD4FF0FF3216
:107930004FF0FF330430FBF70DBEFBF77DBE90F830
:107940006C00C0F341107047F8B504461E460D4662
:107950001746FFF7EBFF94F86C309B0715D425B161
:10796000012D10D06FF0150508E0216F0029F9D026
:107970009DF818300F714E718B710025201DFFF797
:10798000DCFF2846F8BD616FF0E76FF00F05F5E703
:1079900090F86C00C0F38000704738B50446FCF7DF
:1079A00057FD2046FFF7C2FFA06940B96FF01205EE
:1079B000201DFFF7C2FFFCF75FFD284638BD94F895
:1079C0006C30DB0716D404F052F90028EED02046C4
:1079D000E5F7DAFA05460028EAD10146242204F147
:1079E000280004F0CBFE94F86C3043F0010384F8D7
:1079F0006C30DDE76FF07705DAE770B50446FCF729
:107A000027FD2046FFF792FF94F86C30DA0731D556
:107A1000C3F340019B0730D4A06903F043F8064646
:107A2000A06903F0AEF80546B0B9A36F4BB131467B
:107A3000204600F08DF90546A8B1A06903F0CDF805
:107A40000AE0A06903F045F8A0670028EFD1A0691B
:107A500003F0C3F86FF00B05201DFFF76EFFFCF776
:107A60000BFD284670BD94F86C3043F0020384F897
:107A70006C30F1E74FF0FF35EEE76FF07705EBE79D
:107A80000246034652F8640F90420BD10020704723
:107A9000027A8A42FBD09A6E8242F7D000680028B0
:107AA000F6D170470028F3D1704738B504460D462B
:107AB000FFF73CFF94F86C30DB0718D42B690BB947
:107AC000EB68BBB1636E1BB904F16403C4E91933FD
:107AD0002B6893B9A26E04F16401C5E90012156028
:107AE000A5661D46201DFFF728FF284638BD4FF02C
:107AF000FF35F7E76FF01505F4E76FF07705F1E76D
:107B000010B50446034654F84C0FA0420DD1002096
:107B10000DE0447D8C4204D1032909D1047A9442BA
:107B200005D01C6D8442F2D000680028F1D110BD50
:107B30000F29F5E72DE9F04105460C46061D4FF0EB
:107B4000FF324FF0FF333046FBF704FD2F6F002F5D
:107B50006DD095F86C30DB0769D4EB6C1BB905F17F
:107B60004C03C5E913332368002B63D1637D0F2BCE
:107B700009D1237A012B0CD02B6D05F14C02C4E9FD
:107B800000231C602C65637D032B0FD04FF0000891
:107B900006E0E1682846FFF788FF80460028EBD022
:107BA0003046FBF749FD4046BDE8F081EA6C05F13F
:107BB0004C0090421ED1002329E091F815C0BCF181
:107BC000030F10D0013323724B68C4E900131C600B
:107BD0004C60637A022B24D0032B25D0012BD5D106
:107BE000237ABB73D2E791F808C00CF1FF3C6345E0
:107BF000E8D11268002ADED0517D2B6D03290DD10A
:107C00009A42137A02D011680029D6D10133237227
:107C10002B6DC4E900031C602C65DAE79342E8D1C0
:107C2000C9E7237AFB73B1E7237A3B74AEE74FF0E1
:107C3000FF38B5E76FF07708B2E70346006800B198
:107C4000187A70478388C2888168D21A03685B1AE1
:107C5000D01A70470346C08808B11878C009704729
:107C600070B50C46154600F0ECFA40B140688368E8
:107C70001B6823B12A462146BDE87040184770BDF5
:107C800038B580210446806902F046FF054650B1B0
:107C90000146204600F07BFC044610B12846E4F77C
:107CA000E5FA204638BD6FF00B04FAE738B5044614
:107CB000806FFFF79FFD0546FFF768FD20462946C8
:107CC00000F065FC044610B12846E4F7CFFA2046E0
:107CD00038BDF8B50446866803690D461746BFF3FC
:107CE0005B8FD3F8A030BFF35B8F9B070ED5B36AD1
:107CF0007BB1F36B9847B36A29463A4620469847CA
:107D0000336C0546204698472846F8BD4FF0FF35AE
:107D1000FAE76FF08505F7E770B5044686680369F2
:107D20000D46BFF35B8FD3F8A030BFF35B8F9B078B
:107D30000BD5F36B9847736A294620469847336CF6
:107D4000054620469847284670BD4FF0FF35FAE7B4
:107D500010B5044619B9002084F8300010BDFFF7B3
:107D6000A5FF0028F7D0F9E738B590F83030022B9E
:107D70000D4604D100F060F908B1C46804B938BDFB
:107D80002B78032B05D0052B0ED0022B08D02468AE
:107D9000F4E7606883685B69002BF8D09847F6E7E2
:107DA000606883689B69F7E760688368DB69F3E76D
:107DB000012270B515460B685BB302F07F041034E6
:107DC00023FA04F6F60710D5036823FA04F6F6073B
:107DD00002D46FF0150070BD05FA04F423EA040321
:107DE00003600B6823EA04030B60D340DE070DD564
:107DF000036823FA02F4E407EBD505FA02F423EA58
:107E0000040303600B6823EA04030B600132102AA9
:107E1000D1D10020DFE72DE9F04F8369026F1B69A4
:107E200093F88030C3F34113022B8FB081460ED0FC
:107E3000032B0ED0012B0CBF10230823D371D9F8CC
:107E400054800026B8F1000F05D14046AEE0202353
:107E5000F4E74023F2E7D8F80430D8F80C40039355
:107E60000C9604967CB9049B039A09339BB29370D9
:107E70001B0AD3701671D8F80C40002C40F0B0806B
:107E8000D8F80080DDE7606883681B6B00250D95DE
:107E9000002B00F0A38029469847002800F09E8020
:107EA000C4E90355A0F1040B35465BF8043F0BB160
:107EB0001A7822B9B5427CD86FF0150076E05A786E
:107EC0000B2A08BF9D70DBF800305A78042A10D1C5
:107ED000E2680D990A43E260DA78002A57D19D7072
:107EE00023690122AA40134301352361EDB2002327
:107EF0000D93DBF800707B78052BD6D1D9F81830BC
:107F000008936FF012004FF0010A7A793B7943EA47
:107F10000223ADF82E300C9B069397F90230069A97
:107F2000002B5FFA8AF1BBBF41F080014BB24FFAE0
:107F30008AF30793B9BF21F08003103307935346A8
:107F4000DA40D2072AD40D9A059222FA03F3DB070E
:107F500024D4BB79FA78089800930DF12E03099187
:107F600002F075FC0999C8B9079BB970002BBCBF1A
:107F700021F08001103101238B4006980599BDF84E
:107F80002E20BA8019430343CDE90C318DE76A1ED8
:107F90009A700DA90CA8FFF70BFFA8E70AF1010AD8
:107FA000BAF1100FB1D100283FF47FAF0FB0BDE898
:107FB000F08FE3680D9A1343E360606883689B6AFF
:107FC000D3B198470028F1D10146606800F000F96C
:107FD000049B2468034404932E4643E73546ECE7AC
:107FE000E368A36004F10C010CA8FFF7E1FE002890
:107FF0007FF462AF246840E76FF08500D6E74FF06A
:10800000FF324FF0FF330430FBF7A4BAFBF714BB89
:1080100021B101290DD000231B68FFDE5430006818
:1080200048B143685B79934205D000680028F8D1D5
:1080300070475C30F3E7704710B590F83030022B92
:10804000044609D1FFF77BFC94F83820014620460E
:10805000BDE81040FFF7DCBF002010BD08B5FFF7FA
:10806000D7FF003818BF012008BD2DE9F0410446B4
:108070000E46FFF764FC94F838308046CBB9002EEA
:108080003BD0324641462046FFF7C2FF0746A8B123
:108090000246204600F0D1F9054688B984F83860D8
:1080A000FC6864B3606883681B6A03B198472468FE
:1080B000F7E72046FFF7C0FF074620B96FF03C0501
:1080C0002846BDE8F0810146204600F08CF91022D8
:1080D0000546002104F13A0004F050FB002384F827
:1080E0003830FF6817B9002DC9D0E9E77868836890
:1080F0005B6A03B198473F68F4E784F8386000256D
:10810000DEE7F8B504460E4657681546FFF777FFD9
:1081100094F86C30D9074BD4012E4CD0FB799A06D9
:1081200005D5A3691B6993F880309B0743D5002EC2
:1081300041D1E36D53B9626D62B9236F6A685B7CAC
:108140000133DBB25371226F53740EE09D4235D080
:108150001B68EFE7954225D12A68EBB9A36D6265EC
:108160009D4200D1A26500232B60A96841B1204641
:10817000FFF7E0FC064650B9A868FFF75EFDB8714E
:1081800000232B60A36D83B9C4E915550026201D7B
:10819000FFF73CFF3046F8BD1A60A26D954208BF5C
:1081A000A365E0E713461268C6E71D60A565EDE725
:1081B0006FF00F06EBE76FF08506E8E76FF0150646
:1081C000E5E74FF0FF324FF0FF330430FBF7C2B961
:1081D00008B583681B6B0BB198470346002023B199
:1081E00053F8042B0AB1127802B908BD1044F6E71F
:1081F00010B51C46FFF70CFF48B10122C06802FA17
:1082000004F320B10269134201D10068F9E710BDFF
:1082100010B50C46FFF710FF48B10123C06803FA00
:1082200004F120B10369194201D10068F9E710BDDA
:10823000D1F81A0083681B6903B118476FF08500F5
:10824000704770B501F07F0311F0800F18BF103335
:1082500001259D4090F83030022B044601D00020CB
:1082600070BD90F83860FFF76AFB32460146204641
:10827000FFF7CEFE0028F2D0C0680028EFD0836858
:108280001D42EDD10068F8E738B50C46FFF7D4FE83
:1082900080B1C06870B14368DA681AB111790023FF
:1082A000994201DC0068F5E71568ED5CA54201D054
:1082B0000133F5E738BD2DE9F04105461E46084675
:1082C000002A42D1E4F778FE044600283DD0284633
:1082D000FFF777FF95F86C30DA0707D56FF00F04DA
:1082E000281DFBF7A9F92046BDE8F081676804F175
:1082F0001408BFF35B8F6369BFF35B8FDB07EDD4BB
:108300007B680BB1AB42E9D1324600212846FFF72A
:108310007FFEB8B100232360036983B9C0E9034439
:10832000BFF35B8F58E8003F43F0010348E8003299
:10833000002AF7D1BFF35B8F00247D60D0E71C607B
:108340000461EDE76FF03C04CAE76FF01204CAE77E
:108350002DE9F8434C689DF820900D469846064656
:108360001746FFF7ECFAA3681B6B01461BB96FF0C9
:108370001500BDE8F883204698470028F7D0041F71
:108380000C35002054F8041F09B10B782BB90028D4
:1083900014BF00206FF03C00EBE74B78042B0BD1AF
:1083A000F8B98B784345EDD1CB784B45EAD10B79C1
:1083B000002BDED00120E5E7052BE3D10028E1D03A
:1083C000012F07D0022FF5D18978B0692A4600F035
:1083D000C3F803E0B0692A4600F0A2F80028E9D00B
:1083E000C7E70020C5E7F8B5CC6806460CB92046BB
:1083F00022E004F10C070125E268AAB165F07F03D1
:10840000D9B203F07F031033DA40D2070ED4E36809
:10841000EB40DB0705D5B0693A46E9B200F09CF8BD
:1084200050B90135102DE7D12468DFE7B0693A462D
:1084300000F092F80028EAD0F8BD2DE9F34757681C
:10844000002497F8058005460E46A1463B79A342D5
:1084500003DC002002B0BDE8F0875FFA84FA314601
:10846000534642462846FFF7C3FE014650B1CDF8B9
:108470000090534601222846FFF76AFF0028E9D101
:108480000134E3E76FF03C00E4E72DE9F743804671
:108490000D461746FFF7BCFE064628B96FF00104EB
:1084A000204603B0BDE8F0830F2DF7D808EB05098F
:1084B000014699F83A4000972B4600224046FFF7C4
:1084C00047FF0028EAD100942B460222314640465D
:1084D000FFF73EFF04460028E2D100972B46012219
:1084E00031464046FFF734FF04460028D8D1706873
:1084F00083685B6813B13A462946984789F83A7011
:10850000CEE711F0800F18BF21F0800102684FF014
:10851000010318BF10318B4022EA03030360704748
:1085200037B58B7900938B880C461546CA788978C5
:1085300002F0D3F970B994F90230A1782A68002BBF
:10854000B8BF21F080014FF00103B8BF10318B405C
:1085500013432B6003B030BDF8B506460D461746F1
:1085600002F0E4F9044658B929463846FFF7C9FF36
:1085700029463046F6F7A8F8044608B903F06DFE20
:108580002046F8BD0A468069802102F0B1BA2DE983
:10859000F0410B7E0C46590605462ED123B3FFF75A
:1085A000F7F970BB2846D5F87080268AEF8DFFF763
:1085B000C6F9F8B1421E534253419B01228A9AB137
:1085C000BE42E98D324628BF3A4691420CD9B2FBF1
:1085D000F3F103FB11223AB994F91830002BBEBF16
:1085E000637E43F008036376A8692146BDE8F04145
:1085F00002F012BA98F80730E0E76FF01500BDE816
:10860000F0814FF0FF30FAE743689869F6F78CB8CD
:1086100070B591F918304668002B05460C4607DB0B
:10862000C4F81A50B0692146BDE8704002F0F4B9B0
:108630003046FFF7ADF90028F2D04FF0FF3070BDA3
:10864000806902F07ABA38B5054680690C4602F0B6
:1086500089F960B914F0800F18BF24F080046A6BA8
:108660004FF0010318BF1034A34013436B6338BDB0
:1086700070B5054680690E4602F09EF9044620B9A1
:10868000314605F13400FFF73CFF204670BD0B0674
:1086900048BF21F08001406B48BF1031C84000F056
:1086A0000100704782B0C3698DF8001001922BB1B0
:1086B00002AB13E9060002B0E4F7D8BC02B0704781
:1086C00082B0C3698DF8001001922BB102AB13E99F
:1086D000060002B0E4F7CABC02B0704770470369F5
:1086E0005B68D868704743680361037A63B1012B04
:1086F0000CBF022303234375437A5A1E032A05D86D
:10870000DFE802F0050505050123F4E70023037502
:10871000837A062B09D0072B09D0052B0CBF002329
:1087200003238375837EC37570470123F9E7022312
:10873000F7E7036993F8400028B1DB6B5869DA6901
:108740005B681044C01A7047036993F8380070479B
:10875000036993F8402012B993F83800704701205C
:1087600070470369C3E907127047BFF35B8F006866
:10877000BFF35B8F084100F00100704703691B697C
:10878000BFF35B8F883353E8001F41F0020143E8D9
:108790000012002AF7D1BFF35B8F704710B5046950
:1087A000606BFEF7CEFD10B1012384F8393010BDA7
:1087B00010B50469606B026983689A4202D14FF078
:1087C000FF3010BD0122FEF7BCFD0028F7D004F1F8
:1087D0007800FBF799F90020F3E738B50469EFF367
:1087E0001185202383F31288BFF36F8FE06BFEF7B0
:1087F00088FD85F31188BFF36F8F10B1012384F8D2
:10880000413038BD38B5034640681B695D68AC68C7
:10881000A37A84F8223094F82D3084F823306968E4
:1088200041B1237C33B9FFF785F918B96868FFF7C0
:1088300004FA2074002038BD01238B40DB43BFF3D2
:108840005B8F50E8002F1A4040E800210029F8D142
:10885000BFF35B8F7047006902218830FFF7ECBFE0
:10886000006903218830FFF7E7BF08B5036918697D
:1088700000218830FFF7E0FFBDE808400121FFF745
:10888000DBBF0369186901218830FFF7D5BF2DE9E7
:10889000F04750F8483C00F140045B680646002170
:1088A0002046D3F80090FFF760FF002850D0012148
:1088B0002046FFF75AFF0746002849D1BFF35B8FD8
:1088C00054E8003F43F0200244E800210029F7D19A
:1088D000BFF35B8F9B063BD4D9F810305B689B6875
:1088E000402293F836104846FFF78EFE054650B9F1
:1088F00020460521FFF7A0FF30462122BDE8F047C2
:108900000023FBF771B98246428A5AF80C1F56F8C9
:108910000C0CFEF716FD804601465046FEF7ADFFF3
:10892000B8F1000F04D008F03F08B8FA88F77F09C3
:1089300006F82D7C29464846FFF76AFE40B12846D6
:10894000E3F794FC20460521BDE8F047FFF774BF2C
:10895000BDE8F087F8B50D46016947680C694968BC
:108960002B7E8968064691F83D102AB3994204D1BE
:10897000042104F18800FFF75FFF33692A7E5B68FA
:108980009B6893F836309A4204D1052104F188009F
:10899000FFF752FF33692A7E5B689B6893F82630A5
:1089A0009A4203D104F18C00FAF722FF2946384697
:1089B000BDE8F840FFF744BE994214D12A8AE9681D
:1089C000606BFEF79EFC28B1E3691BB104F1240043
:1089D000FBF79AF804F188000421FFF72DFF04F15A
:1089E0007800FBF791F833692A7E5B689B6893F8FF
:1089F00036309A4215D1E3691BB104F12400FBF72C
:108A000083F8052104F18800FFF716FFE36B1A696C
:108A10009B689A4205D00022002304F14800FBF72E
:108A2000E3F833692A7E5B689B6893F826309A42A4
:108A3000BCD104F18C00FAF781FEB7E738B550F8E5
:108A4000783C5B681D6800F110030246002118465F
:108A5000FFF78BFEA8B301211846FFF786FE80BB07
:108A600052F8441C4A69C86949680244521A3F2AAC
:108A700027D9BFF35B8F53E8002F42F0100143E882
:108A800000100028F7D1BFF35B8FD30619D42B69F0
:108A90005B689B68402293F83D102846FFF7B4FDC1
:108AA000044670B1438A402B28BF402343820146CD
:108AB0002846FFF7ADFD20B12046BDE83840E3F77A
:108AC000D5BB38BD38B550F8083C0446002B4ED015
:108AD00050F8243C5B6800F164051A680023838227
:108AE000838302212846FFF740FEB8B154E90231E2
:108AF00010699847637D1BB104F15400FBF704F83B
:108B000005212846FFF731FE98B9637F6BB100223B
:108B1000002304F12400FBF767F80AE0032128464C
:108B2000FFF723FE0028E1D1E4E714F8093C002B0D
:108B3000EDD102212846FFF718FE38B123691A69E2
:108B40009B689A4202D02046FAF7DEFF03212846AE
:108B5000FFF70BFE58B1A2695369D16952680B4403
:108B6000934204D02046BDE83840FAF7CDBF38BD67
:108B700008B5036903F1880202211046FFF7F5FDED
:108B800028B1596B08698968401A18BF012083F819
:108B9000380003211046FFF7E8FD38B1DA6B506961
:108BA000D16952680844801A18BF012083F8400038
:108BB000012008BD0069BFF35B8F00F1880353E813
:108BC000001F41F0080143E80012002AF7D1BFF36B
:108BD0005B8FC26B5369D16952680B449A4202D0D1
:108BE0002430FAF791BF704738B50469BFF35B8F43
:108BF00004F1880555E8003F43F0040345E80032DE
:108C0000002AF7D1BFF35B8F636B1A699B689A42A6
:108C100003D004F12400FAF777FF04212846FFF778
:108C2000A4FD28B904F17800BDE83840FAF76CBF1C
:108C300038BD70B503691C69BFF35B8F04F188050B
:108C400055E8002F42F0010245E800210029F7D144
:108C5000BFF35B8F02212846FFF787FD10B118464E
:108C6000FFF7C2FFE3691BB904F17800FAF74CFF84
:108C7000E36B1A699B689A420AD103212846FFF7E1
:108C800074FD68B104F12400BDE87040FAF73CBF00
:108C900004F148000022BDE870400023FAF7A4BFA9
:108CA00070BD10B50C46017822788A4288B00ED08B
:108CB0006946E4F737FB04A92046E4F733FB1022AA
:108CC0000DEB0201684603F061FD08B010BD012AFA
:108CD00006D0022A07D072B940886388C01AF4E728
:108CE00040686368FAE71022611C013008B0BDE8F3
:108CF000104003F04BBD6FF01500E6E7042A0AD0E0
:108D0000102A0DD0022A4FF0000315D103700B88F2
:108D1000438001207047012303700B684360F8E72C
:108D2000022300F8013B01F1100351F8042B40F835
:108D3000042B9942F9D1ECE718467047012310B58E
:108D40000621044600F8013BF3F7CAF918B9A379E4
:108D500063F03F03A37110BD0B6803608B888380B1
:108D60008B798371037823F00203037070470078D6
:108D7000C0F34000704738B50446807AE3F7CEF977
:108D80006169054649B1637ADB0704D4C3691B688E
:108D900020469B6898470023636121462846BDE82A
:108DA000384003F021B92DE9F0410C4601F10C08DF
:108DB000054600F10C01404617461E46FEF756FDDB
:108DC0006269E3682F829B1A13FA87F36B8201238F
:108DD0006B7239464046FEF789FDE3687360628A2C
:108DE0000023E3607281638234602846BDE8F0812D
:108DF00038B5D1E90032DA600B684A895A820C46EC
:108E000005460868E3F732FA20461022002103F0F5
:108E1000B5FC2846BDE83840FFF7ADBF438A23B90B
:108E2000C068B0FA80F040097047002070470F28F2
:108E300006D80D280BD8052814BF02200320704740
:108E4000132804D01A2814BF0220012070470120E3
:108E50007047FEF73DBBFEF744BB10B50346BFF3BA
:108E60005B8F53E8000F40EA010243E80024002C26
:108E7000F7D1BFF35B8F10BD0023E1F759BFBFF3FC
:108E80005B8F50E8003F0B4040E80032002AF8D1E9
:108E9000BFF35B8F704710B5E6F7B2FA6FF48071DD
:108EA00004461030FFF7EBFF2046BDE8104000F00D
:108EB00070B9C368DB78012B01D1FFF7ECBF7047B5
:108EC000C368DB78012B01D1FFF7E5BF704738B5E8
:108ED00004460D46E4F79AFC5F3005D1294620464A
:108EE000BDE83840E4F7C8BB38BD10B502884388F8
:108EF0009A4218D8052A16D9B3F5486F13D8848832
:108F0000B4F5FA7F0FD2C188A1F10A0292B240F6FD
:108F10007640824207D804FB0333B3EB810F34BFA2
:108F20000120002010BD0020FCE700207047002039
:108F3000704770B506460D464FF0FF304FF0FF31D9
:108F4000E4F7A8FF044668B103210C30FEF795FC56
:108F50000680857021460022BDE8704040F2064040
:108F6000E5F72CB96FF0680070BDC368187808B1D8
:108F7000E4F728BF1846E5F7C9B938B54FF0FF3117
:108F800005464FF0FF30E4F785FF044668B1022143
:108F90000C30FEF772FC2B88038021460022BDE8CE
:108FA000384042F21600E5F709B96FF0680038BDA5
:108FB0002DE9F047814688464FF0FF304FF0FF31F2
:108FC0009DF820A017461E46E4F764FF0546A0B1B1
:108FD00007210C30FEF751FCB9F80030038080F80F
:108FE0000280C7700671A0F805A029460022BDE8DE
:108FF000F04742F23200E5F7E1B86FF06800BDE8F3
:10900000F08770B506460D464FF0FF304FF0FF3148
:10901000E4F740FF044618B9BDE87040E4F722BB0E
:1090200003210C30FEF729FC06808570214642F2B0
:109030002100BDE87040E5F76FB8033138B5C9B21B
:1090400005460E20E5F77CFE032104460C30FEF7B2
:1090500014FC01230370A0F80150204638BD70B500
:1090600005460E460F200421E5F76AFE042104465A
:109070000C30FEF702FC012206704270458020464B
:1090800070BD08B5072203F081FBB0FA80F04009FB
:1090900008BDFEF71DBA00280CBF08460020704727
:1090A00018B111B10846E5F78BBE6FF01500704797
:1090B00013B5044680B106216846F3F711F848B9A4
:1090C0009DF80530694603F03F0320468DF80530D2
:1090D000FFF7E6FF02B010BD6FF01500FAE70038A9
:1090E00018BF01207047034610F4004F14BF06203C
:1090F0000720DA0348BF00F005009B0348BF00F0DB
:10910000FB007047BFF35B8F0068BFF35B8F704756
:10911000012303FA01F15AB1BFF35B8F50E8003F1E
:109120000B4340E80032002AF8D1BFF35B8F704751
:10913000C943BFF35B8F50E8003F0B4040E800326B
:10914000002AF2D0F7E770B5064686B00D464FF01C
:10915000FF304FF0FF31E4F79DFE0446B0B10C3014
:1091600095B10121FEF798FB06F1100203A92046F4
:1091700000950823E4F77CFE0022214642F20A0013
:10918000E5F71CF806B070BD2946EBE76FF0680004
:10919000F8E7183003F017B8D0F8C000003818BF4F
:1091A00001207047084689691160C2691A60C27A55
:1091B0000021183003F0E2BA2438E6F70DBB03684B
:1091C00000220BB9184670478B4210D10B6842B988
:1091D00042680360914200D1436000230B6001208C
:1091E000704713604368994208BF4260F5E71A462A
:1091F0001B68E6E7837A072B01D1E6F719BB7047B6
:1092000010B50446006918B1E3F730F80023236174
:1092100010BD10B500F1D402BFF35B8FD0F8D4308D
:10922000BFF35B8F7BB1BFF35B8F591C52E8004FDC
:109230009C4204D142E8001CBCF1000FF6D1BFF300
:109240005B8FE7D110BD1846FCE710B5837A023B6F
:109250000446062B16D8DFE803F009041515150B94
:109260000900417200212046E6F74AFC002010BDAB
:109270000088FFF75EFE0028F9D1A37A072BF5D10D
:109280000821F0E76FF07F00F1E738B5037A8B42F1
:109290000446154615D100F170010722284603F057
:1092A00075FA80B1E378072243B904F17E012846BC
:1092B00003F06CFAB0FA80F0400938BD04F1770190
:1092C000F5E70020F9E70120F7E713B58278012AD6
:1092D0000B4615D10A88DB7802F00204D2078A789F
:1092E00048BFB4FA84F4B2FA82F148BF640949096C
:1092F0000BB941F002010094FFF75AFE02B010BD15
:109300006FF01500FAE7F8B507460D464FF0FF304D
:109310004FF0FF31E4F7BEFD0646D0B10E210C3010
:10932000FEF7ABFA0E220446002103F027FA3B8831
:1093300023802B8863806B88A380AB88E380EB88D5
:10934000238131460022BDE8F84042F21300E4F7E1
:1093500035BF6FF06800F8BD70B48478012C0A4600
:1093600027D1051DBFF35B8F4668BFF35B8FC6F344
:10937000C024360502D570BCE7F784B80988A0F888
:109380008C105188A0F88E109188A0F89410D28883
:10939000A0F89620BFF35B8F55E8003F43F40053DD
:1093A00045E80032002AF7D1BFF35B8F204670BC3E
:1093B00070476FF01500FAE7704710B50446FBF7E9
:1093C00047F8234653F8402BD2F8C01061B9216406
:1093D000D2F8C41061B9C2E93033FBF74DF8206808
:1093E000BDE81040E6F762BB8B42F6D00968EDE7B6
:1093F0000B60C2F8C430F0E703682BB141681A680B
:1094000002608B4208BF4260704770472DE9F84305
:10941000446B2CB154F8085905B1083D00270CB92C
:10942000BDE8F883D4E900682EB3FBF711F8D6F84D
:10943000C03004F14001002263B1994233D1236C62
:109440004ABBD6F8C420C6F8C030914201D1C6F854
:10945000C4302764FBF710F804F130090022002320
:109460004846FAF739F9064600BBD8F804300BB184
:10947000204698472760E3680BB120469847D8F804
:1094800020300BB120469847DDB1AB6803B1083BF3
:109490002C461D46C3E71360D6F8C430994208BF76
:1094A000C6F8C420D5E71A461B68C5E7B36923B1DF
:1094B000F16920686FF06D0298473046E2F7D6FEFA
:1094C000CCE72B46E4E7F8B50F46002105461646E3
:1094D00000234FF480320846E7F7EEF8044620B93F
:1094E0002846E7F7B5F82046F8BD04210C30FEF712
:1094F000C4F9057047704680F5E7406B30B1838B47
:109500008B42A0F1080001D08068F7E7704710B5E2
:109510004AB989B2FFF7F1FF28B143689B6913B1DB
:10952000BDE81040184710BD38B50D460521FFF7BE
:10953000E4FF00231A462946E7F7D8F8044610B19D
:109540002846E2F793FE204638BD406B30B1838950
:109550008B42A0F1080001D08068F7E770477047A0
:109560000346006828B1596802681A60884208BF3B
:109570005A6070470346002003B970471A8A5B6837
:109580001044F9E710B5D4682378023113B921707B
:10959000012010BD8B42FBD0038A023B03820020D6
:1095A0001061F6E7FDF794BF2DE9F04104468868A5
:1095B000FFF7E0FF638D628B934228BF134683421F
:1095C0000D461DD32165D1F8088000278F60FAF77A
:1095D0003FFF41462046E7F77FFA064638B1C5F817
:1095E00008802765FAF748FF3046BDE8F081618DB5
:1095F000638B994228BF19462846E9F7EFFCF1E74B
:109600006FF07906F0E708B503680A8A1868C96838
:10961000E9F72CFC002008BD38B5054601F10C0027
:109620000C46FEF77BF92D68238AE268014628681C
:1096300000F028FF002038BD38B504460D46E7F796
:109640004BFA30B1294604F15400BDE8384002F02D
:10965000C0BC38BD70B40668726A5AB3144654F878
:10966000983903B1983B002211467CB9438D408B59
:109670008B4201D890421FD9824238BF024699429C
:10968000306838BF194670BCE9F734BC844207D053
:10969000658D648BA94238BF2946A24238BF224655
:1096A00033B1D3F8985005B1983D1C462B46DCE702
:1096B0001D46FAE71146D9E770BC704773B51446EA
:1096C000014605464FF49572206800F069FE20754A
:1096D00030B92068294600F0EAFE20B90823237536
:1096E000002002B070BD237AB3B1A3F11802534237
:1096F00053419B000193638A0093AE68238AE2681A
:1097000020682946B047002808DB238A98420CD1FC
:10971000002323750120E4E70223EBE710F1FF0F9C
:1097200003D34042C0B22075DAE70E20FBE7F8B55C
:109730009368166805460F46144663B950680121C0
:109740000C30FEF79AF8A0602B681B78002B14BF32
:10975000022301230370A3681B78012B03D0022B83
:109760001FD000201CE02B681B78002BF9D160680B
:1097700004210C30FEF781F8E06007802A68E36876
:1097800052885A806168728D738B088A9A4294BF9E
:10979000C0EB0200C0EB0300042894BF00200120AE
:1097A000F8BD2B681B78022BDBD1606812210C30CE
:1097B000FEF763F8E06007802B68E268591C02320C
:1097C000113351F8040B42F8040B9942F9D1616846
:1097D000728D738B088A9A4294BFC0EB0200C0EB73
:1097E00003001228D9E7D0680378043113B9017057
:1097F000012070478B42FBD091680B8A0020043B0C
:109800000B82106170471FB5CDE90123002300933F
:109810001A46E8F7F1FD05B05DF804FB0368002285
:1098200003B970478B420FD10B683AB942680360A5
:10983000914200D1436000230B607047136043687E
:10984000994208BF4260F6E71A461B68E8E7BFF393
:109850005B8F50E8003F43F0080240E800210029F8
:10986000F7D1BFF35B8FC3F3C00070472DE9F04120
:10987000064690461F460D46B9B104220121E7F77E
:10988000FBF9044618B9BDE8F041E7F7CBB904216C
:109890000C30FDF7F2FF0570A0F80180C77021467B
:1098A0003046BDE8F041FFF7C7BEBDE8F08130B5F6
:1098B0000C4685B0054601F10C00FEF72FF8228A10
:1098C0000292E26801920022034600921146284665
:1098D000E7F74EFA05B030BD30B50C4685B0054609
:1098E00001F10C00FEF71AF8228A0292E268019256
:1098F000002203460092122113222846E7F738FA85
:1099000005B030BD70B504460E460022002308465F
:10991000F9F7E2FE054658B101462046E7F7DCF8C4
:10992000044618B12946304602F05EFB204670BD61
:109930006FF00104FAE707B5CA68138852880092ED
:109940000C210D22E7F70AFD03B05DF804FB07B513
:10995000CB6800221B8800920A210B22E7F7FEFC4D
:1099600003B05DF804FB70B5CB681E88B3B2162B4C
:10997000044629D90321E7F70BFB054630B3022142
:109980000C30FDF77AFF6FF003030370012343707F
:1099900029462046FFF750FE4FF4FE736383236889
:1099A00066851B68BFF35B8F043353E8001F41F4E7
:1099B000803143E80012002AF7D1BFF35B8F2046C5
:1099C000FFF748FE002070BD0420FCE70E20FAE7F8
:1099D0002DE9F04F064685B0104690469946FFF7B0
:1099E000C9FD738B728D934228BF134683428B4609
:1099F00075D9736803934046FDF700FF4FF0000AE6
:109A000004464046FFF7B6FDE168228A658A63692D
:109A1000778BCB1AAD1AED1A738D9F4294BFC0EBB2
:109A20000700C0EB0300854228BF054625BB98F818
:109A30000A00E2F773FB00220023FDF7ACFE0446A8
:109A400008B9574627E001464046FDF7E8FE404684
:109A5000FFF790FDE168228A658A6369778DCB1AEA
:109A6000AD1AED1A738B9F4294BFC0EB0700C0EB99
:109A70000300854228BF0546CDF80090DBF804704E
:109A800003980A44ABB25946B847071E07DABAF141
:109A9000000F18BF5746384605B0BDE8F08F0E9B43
:109AA000ABB9394604F10C00FDF7E7FE4046FFF77D
:109AB00061FD738D728B934228BF1346B944834274
:109AC000BA441FFA89F9BCD9AF429AD0B9E70F9AC4
:109AD0000E9B3946204698470028E2D1B1E700277F
:109AE000D9E72DE9F3411768D7F80480002314461D
:109AF0001373014606469522404600F051FC054688
:109B0000207330B93146404600F0CFFC28B9082315
:109B10002373002002B0BDE8F081A068798D7A8BB4
:109B2000038A914294BFC3EB0103C3EB0203012BF1
:109B3000EFDD02210C30FDF7A0FECDE90055804697
:109B4000A388A26831463846FFF742FF031E06DAB3
:109B500013F1FF0F26BF5B42DBB20E23D8E7A8F854
:109B600000300120D6E72DE9F3411768D7F80480CB
:109B7000002314461373014606469522404600F022
:109B80000FFC0546207330B93146404600F08DFC8D
:109B900028B908232373002002B0BDE8F081CDE985
:109BA00000553146A388A2683846FFF711FF002808
:109BB00007DA10F1FF0F26BF4042C0B20E2020731B
:109BC000E9E70120E8E7F8B50546071F00F148037B
:109BD00050F8044CBFF35B8F53E8001F21F00401E1
:109BE00043E80012002AF7D1BFF35B8FFCB1EB6CA6
:109BF00083B9636873B1201DFFF7B2FC06460146C6
:109C00003846FFF7D1FC90B163683360A3686660A3
:109C100003B9A66005F150013846FFF773FE30B175
:109C200004F10C013846BDE8F840FFF76BBEF8BD03
:109C30002DE9F041446A074644B154F8986906B1E9
:109C4000983E0022154607F104080CB9BDE8F081E2
:109C5000236D9BB905B98AB94046FFF781FC0546DB
:109C600058B101462046FFF79FFC0028EED07B68E4
:109C70002B60BB687D6003B9BD60224636B1D6F863
:109C8000983003B1983B34461E46DEE73346FAE788
:109C900038B50546BFF35B8F0B68BFF35B8FDB07FF
:109CA00016D550F8040C98B1EB6C8BB90430FFF763
:109CB00057FC044660B10146281FFFF775FC38B118
:109CC00055F8043C5A6822609A685C6002B99C604E
:109CD00038BDE8F733BB08B5E7F716FF40B1406A77
:109CE00030B1024652F8983903B1983B002002B9CE
:109CF00008BD518B528D8A4228BF0A46904238BF18
:109D0000104633B1D3F8981001B198391A460B4672
:109D1000EDE71946FAE770B5CE6833889AB2162A8D
:109D200004460D4606D8002204231146E8F754F8ED
:109D3000002070BD4FF4FE7242834385FFF78AFC1A
:109D40002A8A002331462046F0E708B500230A8A14
:109D5000C968E8F741F8002008BDFFF7F6BFFFF734
:109D6000F4BFFFF7F2BFFFF7F0BFFFF7EEBFFFF75B
:109D7000ECBFFFF7EABFFFF7E8BFFFF7E6BFFFF76B
:109D8000E4BFFFF7E2BF70B50D46E7F7BDFE04463E
:109D900028B92846E2F76AFA6FF07F0070BD00F13B
:109DA0000C062946304602F014F9646AC4B154F82E
:109DB000985905B1983D0022104607E022467DB132
:109DC000D5F8983003B1983B2C461D46831C01D131
:109DD000002AF4D131462046FFF794FD0028EDD14A
:109DE0000020DBE738B505460C46FAF731FB28467C
:109DF000E7F78AFE20B9FAF73FFB6FF07F0038BD26
:109E00000023236083683BB9C0E90144FFF710FFDA
:109E1000FAF732FB0020F2E71C608460F6E710B529
:109E20000C46E7F771FE98B1436A4BB153F8482CE2
:109E3000D168A142A3F1980309D0D3F89830F4E790
:109E4000406828B1C368A34202D00068F9E7104611
:109E500010BD10600020704710B5029CA36833B19C
:109E6000B1F5807F28BF0E21CAB221469847A37D55
:109E7000E268013BDBB2A37522B11BB92046BDE805
:109E80001040104710BD1060918000207047B1F560
:109E9000807F009A28BF0E211368C9B2184708B501
:109EA000072202F073FCB0FA80F0400908BDFDF70C
:109EB0000FBB0B6803608B8883808B79837170473D
:109EC000FDF70FBB10B50346BFF35B8F53E8000FE0
:109ED00040EA010243E80024002CF7D1BFF35B8F76
:109EE00010BD70B50D46064611F8010BE6F7FAF9FC
:109EF000044610B12C89E5F7ADFD6B89A34207D06C
:109F0000EB686C8123B121463046BDE870401847AC
:109F100070BD08B502210C30FDF7AFFC6FF00303F4
:109F2000037001234370002008BD10B502210C30DE
:109F30001446FDF7A2FC23890380002010BD10B554
:109F400004210C301446FDF798FC238903806389B3
:109F50004380002010BD70B51446002500F10C06AA
:109F60006268EBB29A4205F1010501D8002070BD8C
:109F7000A268304632F81310FDF796FCF0E7FFF7C1
:109F8000EABFF7B5089D06462F680C4651B973B96C
:109F9000002308932A46E1B23046BC4603B0BDE830
:109FA000F0406047B1F5807F28BF0E24F0E70093B2
:109FB00013462A46B84708942F6823462A46214666
:109FC000EAE710B5144632B900F17001007AE8F7FB
:109FD0003FF800B1846010BDF0B587B00D460C9C11
:109FE000114606461A465DB983B927680023224602
:109FF000E9B23046BC460C9307B0BDE8F04060477C
:10A00000B5F5807F276828BF0E25EFE703A8FDF789
:10A0100023FCBDF81030012B08D8002300932568DD
:10A02000224619463046A84707B0F0BD022103A8D2
:10A03000FDF764FC0346BDF8102033F8027B97421D
:10A0400028BF174600972568224600213046A847BA
:10A05000394603A8FDF752FCDBE738B500F10C05E3
:10A06000022128461446FDF708FC63890380A18974
:10A070002846FDF719FC042104F11000FFF722FF28
:10A08000002038BD2DE9F041069DBFF35B8F0746E8
:10A090000C4605F1100353E8001F21F0040143E8CA
:10A0A0000012002AF7D1BFF35B8FECB1E8F71AF882
:10A0B000014640B3836853B11E68002205F1140CB9
:10A0C0002BB1634508D12B463846E7F7D3FFB4F5EB
:10A0D000807F28BF0E240EE026B130681A46334632
:10A0E0000646EDE73046F9E7AB8923B92E682346EB
:10A0F00022462946B0476B682BB12A46E1B2384662
:10A10000BDE8F0411847BDE8F08138B500F10C0416
:10A11000042120461546FDF7B0FB2B8903806B898F
:10A120004380E9680B782BB949882046FDF7BCFBD2
:10A13000002038BD102201312046FDF7A4FBF7E7CF
:10A14000036800220BB9184670478B4210D10B6888
:10A1500042B942680360914200D1436000230B6022
:10A160000120704713604368994208BF4260F5E7D9
:10A170001A461B68E6E708B5E7F76AFF18B100233F
:10A1800003604360836008BD70B500F1700605464A
:10A190003146007AFEF7CBFE04463146287A1CB1E0
:10A1A000BDE87040FFF7E7BFE7F752FF10B104606A
:10A1B0004460846070BD022A10B508D1002300F10C
:10A1C00070011A46007AE7F7A5FF022010BDFFF7DD
:10A1D000DBFFFAE72DE9F84306460D464FF4702001
:10A1E0000021DDF8249017469846E7F7B9FD0446AC
:10A1F00060B14560C7609DF820104A463046E7F7D9
:10A200007DFD054638B92046E7F7D6FD6FF00B0512
:10A210002846BDE8F883002211460123E7F706FF30
:10A22000A56028463A464946C047054618B120462B
:10A23000E7F7C2FDECE721463046FFF7D3FD0546C0
:10A240000028E5D0F3E738B5BDF81010BDF8184088
:10A25000059DA14210460CD84CB16DB1641A9C42C8
:10A26000A8BF1C46A4B22246294402F060FA204648
:10A2700038BD6FF00604FAE76FF00D04F7E770B52C
:10A28000CC6886B02678BDF8285066B96488ADF8E9
:10A290001640022402940DF11604CDE90054FFF794
:10A2A000D2FF06B070BD102602960134F5E7F0B576
:10A2B0000C4687B0C968054616461F46E7F7FEFEFE
:10A2C00000B10089ADF81600022302930DF11603C8
:10A2D0000193BDF83030009332463B462146284674
:10A2E000FFF7B1FF07B0F0BD13B5044610B9002069
:10A2F00002B010BD00238DF80430006842F603035D
:10A3000001A9ADF80630FEF7CCFC0028EFD1E368D8
:10A3100098880028ECD12046E8F73EF8013080B25A
:10A32000E6E72DE9F041CC688AB006469846084633
:10A33000A3798DF814300D461746FFF7D5FFADF819
:10A3400015002468237893B96388ADF81730052386
:10A35000029305AB0193BDF8403000933A46434663
:10A3600029463046FFF76FFF0AB0BDE8F081631C55
:10A370000DF11702113453F8041B42F8041BA342D9
:10A38000F9D11323E4E71FB5CDE90123002300939E
:10A390001A46E8F731F805B05DF804FBFFF79BBCFF
:10A3A0004B8A12F0010FC3F30E0304D013F0950F84
:10A3B00010D0486870B112F0020F04D013F4957FEA
:10A3C0000AD0896841B1134013F4DE7F14BF052021
:10A3D000002070470220704703207047F8B50F46F1
:10A3E00051684B8A03F094030646144613BB0122BE
:10A3F000E8F76EF808B3A2891B2102323046E7F76E
:10A400007DFC0546E0B1A1890C300231FDF735FA3B
:10A4100020F8027BA289A16802F089F9D4E904122C
:10A4200028460123E7F702FE29463046BDE8F840FA
:10A43000FFF7A9BC4FF0FF30F8BD6FF01500FBE748
:10A440006FF00B00F8E773B504460D46FAF700F815
:10A4500029462046FFF7E3FC014620B902B0BDE8DB
:10A460007040FAF709B846682046E7F7B7FDFAF7F3
:10A4700003F82EB1002300951A460E212046B0475E
:10A4800002B070BDF7B50D46044616461F46E7F705
:10A4900029FE014628B1009733462A462046E8F7B0
:10A4A000B3FC03B0F0BD01207047012070470120CC
:10A4B000704713B5C068144668B100238DF80430A6
:10A4C00001A94FF4C053ADF80630FEF7EAFB10B90E
:10A4D000236801332360012002B010BD0021F8B5CC
:10A4E0004FF0FF324FF0FF3305460846E6F7E4F839
:10A4F00000F10C07044601213846FDF7BEF9052698
:10A50000067001213846FDF7B8F9002306701A4697
:10A5100021462846E6F7EAF810B12046E1F7A6FE04
:10A520000020F8BD6FF085007047002070472DE9CE
:10A53000F041064608461D461746E8F7A7FD436862
:10A540001C6864B154F8088C0C3CB8F1000F04D0BE
:10A55000A3682A4639463046C047E468F1E72846F2
:10A56000BDE8F08138B50D46E8F790FD43681C68FA
:10A570006CB16B1E5D42A4F10C045D41236813B104
:10A58000A16828469847E4680CB10C3CF6E738BD52
:10A5900038B515460C4689B108B9E8F773FDA560D2
:10A5A00043680021E160596804F10C0219B9C3E95C
:10A5B0000022002038BD0A605A60FAE76FF01500EB
:10A5C000F8E7F0B5064687B01C461546B2B1ABB108
:10A5D00011B9E8F757FD01460B681F6800211822E2
:10A5E000684602F0CBF8143769463046CDE901756C
:10A5F000ADF80C40E8F79CF907B0F0BD6FF015001E
:10A60000FAE738B50446807AE1F788FD61690546C6
:10A6100049B1637ADB0704D4C3691B6820469B6891
:10A6200098470023636121462846BDE8384001F081
:10A63000DBBC30B50906847C054614D414F0400018
:10A6400016D0298AC3F30A00C1F30A01884220D830
:10A6500002F00300022809D003280AD0012811D0F3
:10A6600004F0010004E014F02000E9E7C4F38000E6
:10A6700030BD14F00200FBD013F4C05F0BD0C4F364
:10A680000010F5E714F0080207D013F4C05FEFD014
:10A69000F5E70020ECE70120EAE71046E8E7BFF322
:10A6A0005B8FD0F8A000BFF35B8F00F00100704714
:10A6B000BFF35B8FD0F8A000BFF35B8FC0F3400007
:10A6C000704701F00F030906026948BF103352F8C2
:10A6D00023007047007DC0F300107047037D61F3D5
:10A6E00004130375704708B502691046FFF7D7FFDA
:10A6F00060B9087E00F00F03000648BF103342F82F
:10A700002310084601F036FC002008BD6FF00C0055
:10A71000FBE700220023F8F7DFBF01F06FBC01F078
:10A7200058BC407EC0F3C0007047437E23F008034E
:10A73000437670471FB504698DF80410CDE90220F7
:10A74000D4F8983001A9984704B010BD1FB504692A
:10A75000034606208DF804002046CDE90213FFF7DA
:10A760009EFF40B1C1F81E20D4F8982001A91846D8
:10A77000904704B010BD4FF0FF30FAE738B50546FA
:10A780000C462046FFF7C5FF014600B938BD6FF003
:10A7900070022846FFF7DAFFF3E72DE9F843066970
:10A7A0000746D6F80090D6F840800D464FF0FF32AD
:10A7B0004FF0FF3306F18400F8F7CCFE4046FFF778
:10A7C000A8FF014618BB4846FFF7A3FF044620BB7D
:10A7D00099F8143023F0100389F8143098F81430E5
:10A7E00023F0100388F8143024BB012286F8B0202F
:10A7F000EDB12B68C6F8A8306B68C6F8AC3086F8A7
:10A80000B12038698430BDE8F843F8F715BF6FF020
:10A8100067023846FFF79AFFD0E7637EDB07D7D49D
:10A820006FF0670221463846FFF790FFCBE786F8C6
:10A83000B150E6E72DB10822294604F10C00FDF7DE
:10A8400022F8002221463846FFF780FFD9E72DE99C
:10A85000F8430546D0F80890884614461F46FFF78F
:10A8600030FF0646002835D0D9F83C3028469847B6
:10A8700041463B8822463046FFF7DBFE804690B1DA
:10A880008BB92B6993F88030DB0758BF402204F066
:10A89000030446BF4FF480624FF400711146022C4E
:10A8A0000DD0032C11D02846D9F840309847B8F184
:10A8B000000F14BF00206FF08500BDE8F883338AD5
:10A8C0008B4228BF0B463B80EDE7338A934228BF7B
:10A8D0001346F8E76FF01200EFE72DE9F3411F464A
:10A8E0004B06D0F8088004460D4616461BD0D8F813
:10A8F0003C3098472069FFF7DBFE88B19DF8203097
:10A90000009329463B4632462046F3F76FFE054644
:10A91000D8F8403020469847284602B0BDE8F0817C
:10A920004FF0FF35F4E76FF01505F5E770B54B060E
:10A93000866804460D4612D0F36B98472069FFF7EE
:10A94000AEFE48B129462046F3F794FE0546336C27
:10A9500020469847284670BD4FF0FF35F7E76FF067
:10A960001505F7E770B586680546F36B0C46984702
:10A970002869FFF79DFEB0B121462846FFF7A1FEEA
:10A98000014698B1037DDB0710D5437E03F0030336
:10A99000012B0ED0F3682846984704462846336CAE
:10A9A0009847204670BD4FF0FF34F7E76FF0120470
:10A9B000F4E76FF08504F1E7F8B587680646FB6BAE
:10A9C0000C4698473069FFF773FEE0B121463046E8
:10A9D000FFF777FE0546C8B1037DDB0716D5437E3A
:10A9E00003F00303012B14D001463B69304698471E
:10A9F000044618B92B7D60F341032B7530463B6C40
:10AA000098472046F8BD4FF0FF34F7E76FF0120487
:10AA1000F4E76FF08504F1E72DE9F04186680769F6
:10AA2000F36B05460C4698472869FFF741FE98B33B
:10AA300094F8188028464146FFF743FE014670B35C
:10AA4000037DDA072BD518F07F0F20D197F8B030AF
:10AA5000EBB1637EDB0717D597F8B13033B108222D
:10AA600007F1A80104F10C00FCF70DFF002287F8A4
:10AA7000B02021462846FFF769FE04462846336C7D
:10AA800098472046BDE8F0816FF06702F1E77368F0
:10AA9000224628469847F0E74FF0FF34EEE76FF084
:10AAA0001204EBE770B5866805460C46F36B9847D1
:10AAB00021462846FFF705FE48B101F09FFAB0FA9B
:10AAC00080F464092846336C9847204670BD012401
:10AAD000F8E708B503691B6800215A8BF3F724FED9
:10AAE00028B1437E23F0070343F00103437608BDFA
:10AAF00008B539B903691B685B8B013A1A44B2FB8C
:10AB0000F3F25A43F3F710FE28B1437E23F0070314
:10AB100043F00203437608BD08B561B903691B68B9
:10AB20005A8BF3F701FE28B1437E23F0070343F06D
:10AB30000403437608BD0022F3E770B586680D462E
:10AB4000F36B044698472846E1F790FB2046336CA8
:10AB50009847002070BD70B586680546F36B98472E
:10AB60002869FFF7A5FD044620B133683BB12846AC
:10AB7000984704462846336C9847204670BD012408
:10AB8000F8E7F8B587680669FB6B044698472069C3
:10AB9000FFF785FDD8B12069FFF78AFDD0B9FB6AC0
:10ABA00020469847054668B9BFF35B8F06F1A003BE
:10ABB00053E8001F41F0020143E80012002AF7D1D8
:10ABC000BFF35B8F20463B6C98472846F8BD4FF09B
:10ABD000FF35F7E76FF07705F4E7F8B587680669A2
:10ABE000FB6B044698472069FFF762FDB0B13B6BF1
:10ABF00020469847BFF35B8F054606F1A00353E854
:10AC0000001F21F0020143E80012002AF7D1BFF330
:10AC10005B8F20463B6C98472846F8BD6FF0770560
:10AC2000F7E72DE9F0410546D0F80880066914469B
:10AC30000F4631B32AB3D8F83C3098472869FFF75C
:10AC40002EFDD8B9C6E926742846D8F8343098477E
:10AC5000044660B9BFF35B8FA03656E8003F43F06F
:10AC6000010346E80032002AF7D1BFF35B8FD8F822
:10AC70004030284698472046BDE8F0816FF07704C1
:10AC8000F5E76FF01504F6E7F8B587680669FB6B22
:10AC9000044698472069FFF70BFDD0B92069FFF7FC
:10ACA000FEFCC8B1BB6B20469847BFF35B8F0546DF
:10ACB00006F1A00353E8001F21F0010143E8001250
:10ACC000002AF7D1BFF35B8F20463B6C984728469C
:10ACD000F8BD6FF00F05F7E76FF07705F4E74FF079
:10ACE0008053D3F83021082A05D1D3F83401003835
:10ACF00018BF0120704700207047C343C3F3C0133F
:10AD000000F00F0000EB03107047FCF7E1BB0123DC
:10AD10008B40BFF35B8F50E8002F1A4340E80021BF
:10AD20000029F8D1BFF35B8F704700698430F8F7D2
:10AD300083BC006984304FF0FF324FF0FF33F8F7E7
:10AD400009BC10B5807A0C46E1F7E8F9C3692146E1
:10AD50005868BDE8104000F0E8BFF7B50D46807AAE
:10AD600017461E46E1F7DAF92C68C369033424F06C
:10AD7000030258682A600421CDE90076F8F7D0FA7A
:10AD800000B9286003B0F0BD0369C9B20C2202FB10
:10AD90000133186C00F00700704770B50346C9B264
:10ADA0000069EFF31186202484F31288BFF36F8FBC
:10ADB0000C2505FB0104246C14F0C00401D0A24250
:10ADC00011D105FB010001220264002086F31188E5
:10ADD000BFF36F8F30B95B680C2202FB01335B68F5
:10ADE0009847002070BD4FF0FF30EFE78022FFF75B
:10ADF000D4BFF8B5069F04690546C9B2EFF3118CBC
:10AE0000202080F31288BFF36F8F0C2606FB0146CB
:10AE1000306C00F0070EBEF1010F10D13764002630
:10AE20008CF31188BFF36F8F3EB90C2041430C4463
:10AE3000C4E90E236B685B5898473046F8BD00F0B4
:10AE4000C00087420CBF6FF077064FF0FF36E7E790
:10AE500013B580240094FFF7CCFF02B010BD10B4EE
:10AE60000069CBB21C2404FB030000215DF8044BF5
:10AE700010471046F8F762BC00F0CEBBF7F780B978
:10AE800043685B68D3F810350B6000207047436857
:10AE90005B6802EA010021EA0201C3F80805C3F871
:10AEA0000C150020704743685B680020C3F8081544
:10AEB000704743685B680020C3F80C15704743680F
:10AEC0005B68D3F8042521EA02001140C3F80805A5
:10AED000C3F80C150020704730B50369586800B3FB
:10AEE0000024884219D108688CB99C685860A14236
:10AEF00000D19860002008602AB15A680A609A68F8
:10AF0000596002B9996000200FE02846E9E7206007
:10AF10009868814208BF9C60ECE705680446002DF4
:10AF2000F3D1002AE9D16FF0150030BDF7F738BA38
:10AF300013B54FF080520829136E526E28BF0821B6
:10AF400012BA00921BBA0C460A466946019301F0F8
:10AF5000EEFB204602B010BD30B543681360057AA1
:10AF6000446804EBC504A34202D36FF0010030BD76
:10AF70005C798C4203F10803F0D10020F7E710B5AB
:10AF80000469204600F06EFF0023636110BDF8B530
:10AF900087687C6806469CB1436893F82630DB07D7
:10AFA0001DD405694FF0FF334FF0FF322846F8F704
:10AFB000D1FA6B69002B05DC00242846F8F73CFB2E
:10AFC0002046F8BD013B6B61002BF5D17B68304614
:10AFD0009847041EBEBF6B6901336B61EDE7002427
:10AFE000EEE7F0B4D0E901631B693BB177688F42AB
:10AFF00008DB3568954205DCF0BC18476FF0570058
:10B00000F0BC70476FF01500FAE7F0B4D0E90163C7
:10B010001B6A3BB137698F4208DBF568954205DC56
:10B02000F0BC18476FF05700F0BC70476FF0150088
:10B03000FAE770B4D0E90162956A03460C46A5B1FF
:10B0400096F8242012B92B4670BC1847306A024487
:10B0500010F8011BA14202D121461846F3E79042A5
:10B06000F6D16FF0850070BC70476FF05700FAE7BB
:10B070002DE9F341D0E901470E4694F82510056902
:10B08000FF2980460FD194F8261001F00C01082901
:10B0900014D0D8F808301B6B003918BF01214BB908
:10B0A0006FF0570003E0FFF7C4FF0028EBDA02B0AF
:10B0B000BDE8F081404698470028F8DBA268B2F16D
:10B0C000004F05D011464046FFF78BFF0028EEDB0E
:10B0D0006269B2F1004F05D011464046FFF795FF77
:10B0E0000028E4DB2368B3F1004F14D0D8F808300F
:10B0F0005B69002BD4D001A9404698470028D6DBD5
:10B100002268019B9A421CDD11464046FFF769FF09
:10B11000002805DACBE762686FF000439A42E5D178
:10B120009EB994F826309B0716D03B684046984756
:10B130000028BCDBA069F5F745FA6B6901336B6148
:10B140000AE062689342EBDDDEE76B6901336B6115
:10B1500094F82630DA0601D40020A8E74046FFF72D
:10B1600016FFA4E7012303FA01F103691B681942E2
:10B1700018BF82F0010212B18368DB681847836848
:10B180001B69FBE708B54368986A38B193F82C103F
:10B190000122FFF7E7FF00EAE07008BD6FF08500CD
:10B1A000FBE743681B68B3F1004F14BF00206FF04A
:10B1B0000100B0FA80F0400970470346084631B9F3
:10B1C0005B681B68B3F1004F01D0136070476FF0EC
:10B1D0001500704743681B68B3F1004F1ABF002089
:10B1E0000B606FF0010070474368986A20B193F8D4
:10B1F0002C100022FFF7B6BF6FF085007047436840
:10B200001B68D3F88004C3F8800470474268136851
:10B21000D3F8100150B1D269002012780A70C3F837
:10B220001001D3F8102101221A6070474FF0FF304F
:10B230007047002A0FDD42681368D3F8100158B137
:10B240000020C3F81001D269D3F8100112780A70F7
:10B250000120186070470020704710B543681C68D3
:10B260000369EFF31180202282F31288BFF36F8FFE
:10B270001A68D17B39B991731B680122DA734FF4D4
:10B280008003C4F8043380F31188BFF36F8F10BDBF
:10B2900003691A68D17B21B1012191731B680022D7
:10B2A000DA737047026911680346C87B40B15B6876
:10B2B0001B68D3F8580118B100230B6113689889F3
:10B2C000704743681B68D3F81001003818BF01208D
:10B2D000704743681B68D3F80423D2065CBF102272
:10B2E000C3F80423704743681B68D3F80423D206CD
:10B2F00044BF1022C3F80823704743681B684FF40B
:10B300000072C3F80423704743681B684FF400724F
:10B31000C3F80823704738B543681D68D5F804336F
:10B320005B02044605D4D5F8040310F0100006D1E2
:10B3300038BDFFF7B7FF0028F5D00120F8E7204619
:10B34000BDE83840FFF7BDBF0120704703691868AA
:10B3500001601B685A60704702680346D2F85801C2
:10B3600040B95B68DB0706D4D2F82001003818BF6B
:10B37000012070470120704710B4436802691B68C0
:10B38000D3F80413C90517D5D3F82011A1B1EFF3F1
:10B390001181202484F31288BFF36F8FD3F82041EA
:10B3A00034B10024C3F82041D3F820410124DC60EB
:10B3B00081F31188BFF36F8F1168D3F8584171B1D1
:10B3C00084B100240C611168C97B19B94FF4800164
:10B3D000C3F8081311688C7B24B100238B735DF8CC
:10B3E000044B7047D3F8241121B10021C3F8241174
:10B3F000D3F8243112681368002BF0D051685DF83F
:10B40000044B184713B501AA0446FFF7A5FD002811
:10B4100005DB019B226819791868F5F707F802B077
:10B4200010BD2DE9F041066933689C89BFF35B8F3D
:10B4300094420546A8BF14461033012753E8002F55
:10B44000002A03D143E800700028F7D1BFF35B8FD7
:10B450000CBF3B4600232BD133682246986801F08D
:10B4600066F9EFF31188202383F31288BFF36F8FFF
:10B4700069680846FFF770FF326840B910610446FA
:10B4800088F31188BFF36F8F2046BDE8F0810B6809
:10B490009268C3F844250022C3F84845C3F8202128
:10B4A000D3F82011C3F85821D3F858219F60E7E75B
:10B4B0001C46E9E700F150039B009BB203F1804377
:10B4C00003F5883300221A601B68704708B5F5F74A
:10B4D00053FA08BD4FF08053D3F83021082A03BF38
:10B4E000D3F83401B0FA80F04009002070470346D9
:10B4F0000020184700F09FBB10B502461168B1B19B
:10B50000BFF35B8FB1FA81F3C3F11F0001238340C6
:10B5100021EA030352E8004F8C4204D142E8003C88
:10B52000BCF1000FF6D1BFF35B8FE7D110BD6FF018
:10B530000B00FBE710B50368CB40DB0714D40123F5
:10B540008B400268BFF35B8F43EA020150E8004F73
:10B55000944204D140E8001CBCF1000FF6D1BFF3C7
:10B560005B8FEED1002010BD6FF01500FBE770B5CA
:10B570000C460021054608461646F6F725FD48B953
:10B580003378DB0003F1804303F5F833C3F810553B
:10B59000C3F8144570BD10B1012802D07047F6F70A
:10B5A000EFBDF6F79FBD18B1012803D100F019B81F
:10B5B00000F032B8704708B5F6F7B0FDBDE80840B6
:10B5C000F6F71EBE4FF08053D3F83021082A06D17B
:10B5D000D3F8340102288CBF0020012070470020DE
:10B5E0007047F6F745BD38B54FF080440223C4F8E4
:10B5F00008330123E3600023C4F80431D4F8043194
:10B6000042F21075D4F81834DB0304D50120FFF79B
:10B6100071FF013DF6D138BDFFF7E5BFF7B50190E9
:10B6200001A8DDE9084716461D46F6F721FE019BF5
:10B63000B6F1000C18BF4FF0010C00EB83000B1E9D
:10B6400018BF0123002D43EA4C030CBF4FF0000C40
:10B650004FF00C0C002C43EA0C030CBF4FF0000C15
:10B660004FF4E06C002F43EA0C03D0F800270CBF26
:10B670004FF0000C4FF4403C43EA0C0322EA030372
:10B6800001B109780EB13678760019430DB12D78E5
:10B69000AD0031430CB12478240229430FB13F7827
:10B6A0003F040C433C43C0F8004703B0F0BD1FB556
:10B6B0000DF10F03019300238DF80F1000931A462C
:10B6C0001946FFF7ABFF05B05DF804FB10B5044663
:10B6D0000846F6F7DDFD04EB4004207DC0F3401082
:10B6E00010BD10B504460846F6F7D2FD04EB400441
:10B6F000207DC0F3400010BD10B504460846F6F7A3
:10B70000C7FD04EB4004A08A400B10BD70B5044691
:10B7100008461646F6F7BCFD08300D4634F81030E2
:10B72000DA0509D5C3F3432304EBC302314654F8C9
:10B730003330526828469847A3682BB1E2683146F7
:10B740002846BDE87040184770BD10B5044608464D
:10B75000F6F79EFD04EB4000838ADA051DD5C3F39E
:10B76000432123F4F853838204F1120204F172009E
:10B7700032F8023F13F4807F03D0C3F3432399428E
:10B780000BD08242F4D104EBC10300225A6004F1D1
:10B790007800BDE81040FFF7CDBE10BDF0B5034600
:10B7A00000F58074002005460127844695420AD1A1
:10B7B000D3F87C2132B10022C3F87C21D3F87C314C
:10B7C00040F00040F0BD25F0404607FA06F6314251
:10B7D00009D0D4F800E0BEF1000F04D0C4F800C0D6
:10B7E000D4F800E0304301350434DFE738B50446CF
:10B7F0000D46FFF76BFFA8B12046FFF772FF88B92F
:10B800002046FFF779FF226801238340C2F80833FE
:10B81000236803EB8000D0F8103523F00303C0F851
:10B82000103538BD28460021BDE83840FFF73FBF3E
:10B830002DE9F043174685B004460846F6F728FD83
:10B84000D7F800800E460546B8F1000F1ED02046FE
:10B85000FFF747FF18B12046FFF738FF20BB002352
:10B86000CDE900338DF80E308DF80F300DF10F0259
:10B8700043460DF10E013046FFF7D0FE04EB4502C2
:10B88000938A23F0020343F0010393827B689BB306
:10B890003146204693F80080D3F80490FFF721FF4B
:10B8A00028B1B9F1000F1FD06FF0150027E004EBAD
:10B8B0004500838A23F4604323F020038382B9F197
:10B8C000000F11D0B8F1030FEED87B6821685B68D8
:10B8D00093F800C04FEA8C031944B8F1000F11D15E
:10B8E000C1F81085C1F8108504EB4502938A23F056
:10B8F0001C0343EA88039382BB6843BB002005B066
:10B90000BDE8F083D1F8102522F00302C1F810251C
:10B9100022681344D3F8102522F44F3222F44072E7
:10B92000C3F810253202D3F8101502F47C5242EA13
:10B9300008420A43C3F8102504EB4C03A3F87C60CB
:10B94000838A43EA4C3343F020038382CCE7D3E974
:10B95000007831462046FFF7F8FE002FCED063680E
:10B960009F4206D004F17800FFF7C6FD002804DAF4
:10B97000C5E7A3689845F5D1002004EBC003C3E9EF
:10B98000017804EB4505C0B2AB8A43EA402343F497
:10B990008073AB82B2E72DE9F043054685B00846D7
:10B9A00016461F46F6F774FC0C46804626B328461A
:10B9B000FFF797FE18B92846FFF788FE18BB05EB7E
:10B9C0004809B9F8143003F01C0313B17378012B44
:10B9D00019D001238DF80F300023CDE90063721CCC
:10B9E000B31C0DF10F012046FFF718FEB9F8143013
:10B9F00043F00303A9F81430002F3FD02146284616
:10BA0000FFF76FFE20B96FF0150005B0BDE8F083B9
:10BA10003E782B6803EB86030022C3F81025C3F899
:10BA2000102505EB48024FEA860C938A23F4604305
:10BA300023F020039382787800B32968BF786144AB
:10BA40000004D1F8103523F4991323F4F853C1F806
:10BA50001035230200F4403003F47C5303433805CF
:10BA6000D1F8105500F4801003432B43C1F8103572
:10BA7000938A43EA463343F0200393820020C4E7CD
:10BA8000C0E90312704770B504461546FFF71EFE65
:10BA900048B10846F6F7FCFB04EB40040020A38AFB
:10BAA0005B0B2B7070BD6FF01500FBE738B590F89D
:10BAB0008C4005469CB960222146143000F05EFEA1
:10BAC0002868C0F87C41D0F87C3140F30730DFF7BC
:10BAD00077FF012385F88C30AB67204638BD6FF0C7
:10BAE0007700FBE790F88C00003818BF0120704702
:10BAF000F6F708BC2DE9F34104461746FFF7E6FDCB
:10BB00000D462668F0B12046FFF7EBFD8046C8B928
:10BB10002046FFF7F1FD820002F5807346F80380AE
:10BB2000F35823681344D3F8102542F00102C3F8F8
:10BB3000102527B1226801238340C2F8043302B0E4
:10BB4000BDE8F081D6F80433002BA4BF4FF00043CA
:10BB5000C6F804332846F6F79BFB04EB4004A38A9F
:10BB6000C3F38203042B12D0052B12D001A8019538
:10BB7000F6F77EFB019BD0F81015D94001F00101CA
:10BB80000231284602B0BDE8F041FFF790BD032125
:10BB9000F7E70221F5E7FFF729BE00F180431A68B5
:10BBA000002A1FBF00221A601B68012008BF002066
:10BBB00070474FF080434FF46072C3F8042370471E
:10BBC0004FF080434FF46072C3F80823704708B504
:10BBD000F6F714FDBDE80840FFF7EDBC10B5A1F580
:10BBE0008074A4080123A34018400AD001F18041C9
:10BBF00001F5E041086820B10020086009680AB931
:10BC0000012010BD116819431160F9E708B5002142
:10BC10000120F6F7B7FD0028F9D008BD08B50246A7
:10BC2000F6F750FD20B9BDE808401046F6F784BE8F
:10BC30006FF00F0008BD08B1E0F752BB704710B5B8
:10BC4000436904463BB90020E268537843F001039E
:10BC50005370404210BD98470028F4D00028B8BF68
:10BC60004042E368FF28A8BFFF201870ECE740B10E
:10BC7000C368587810F001001EBF1878B0FA80F041
:10BC800040097047EFF31183202383F31288BFF339
:10BC90006F8FFEE72DE9F04F89B0DDE9126805925C
:10BCA00043460546324606A80F4600F063FCDDE930
:10BCB0000634CDE90234EFF311844FF0200989F303
:10BCC0001288BFF36F8F05F10C0A05F1140B059A6A
:10BCD000149B39462846984730B184F31188BFF346
:10BCE0006F8F09B0BDE8F08F56EA0806F5D0DDE9A0
:10BCF000022306A800F063FCDDE906685246CDE9A0
:10BD0000006821465846F8F787FAEFF3118489F363
:10BD10001288BFF36F8FDAE710B400F10C04C0E9AA
:10BD200003445DF8044BFAF766BE38B50446EFF3FA
:10BD30001185202383F31288BFF36F8FDEF73EF85F
:10BD400004F10C0000F03CFB30B1294604F1140072
:10BD5000BDE8384000F019BB85F31188BFF36F8F41
:10BD600038BD10B542696AB1836842EA03018907A8
:10BD700008D10169A2FB011424B95B182CBF012171
:10BD8000002102D36FF0150005E0C1609B1A026923
:10BD90008A4201D8002010BDC2681A604269C3609F
:10BDA00001319B1AF3E72DE9F04105460F46EFF309
:10BDB0001188202383F31288BFF36F8FC668FEB902
:10BDC0000468A0421CD0DCB1D4E9003213605A6090
:10BDD000237CA66023F002032374C4E9006604F107
:10BDE000180000F08CFB2046C4F88060676100F00A
:10BDF0006EFA414605F10800BDE8F04100F0C5BA11
:10BE00003E60AB69EF60013BAB6188F31188BFF323
:10BE10006F8FBDE8F08108B52024EFF3118384F320
:10BE20001288BFF36F8FFBF779FCF6E7D0E9003299
:10BE300013605A60027C002322F00202C0E9003342
:10BE400002748360704713B501240094F7F7B8FAC1
:10BE500002B010BD90F90E308B4201D0F8F708BA4D
:10BE60000020704703460020C3E90200C3E9003305
:10BE70007047D0E9003213605A60027C002322F040
:10BE80000202C0E900330274836070472DE9F84371
:10BE9000904604469DF820200D46EFF3118720219F
:10BEA00081F31288BFF36F8F02B14568A66804F171
:10BEB0000809B14516D0AEB13046FFF7DAFF0024CD
:10BEC00006F1180000F01BFB3046C6F88040C6F8AB
:10BED000148000F0FCF94846394600F056FA204636
:10BEE000BDE8F883A3B10820F8F7D2FD002832D0CE
:10BEF0000122C0F804800260016801F003015DB90D
:10BF000022680A430260626820606AB960600BE0E0
:10BF1000C8F800304046EFE72A68032A10D80160CD
:10BF2000616839B9C4E90000002087F31188BFF3C4
:10BF30006F8FD5E70A6802F0030202430A60E5E763
:10BF400022F003020A4302602A6802F0030240EA78
:10BF500002032B60E8E76FF00B00E6E710B504463C
:10BF600030B10268930703D0446809B100F0D8FBF0
:10BF7000204610BD0023C0E9003300F10803C0E9EA
:10BF80000233704770B5EFF31185202383F31288D5
:10BF9000BFF36F8F846800F10806A64214D09CB1ED
:10BFA0002046FFF766FF04F1180000F0A8FA00230E
:10BFB0002046C4F88030636100F089F92946304694
:10BFC000BDE8704000F0E1B985F31188BFF36F8FD1
:10BFD00070BD07B50123009300230A461946FFF7F9
:10BFE00055FF03B05DF804FB07B500230A46009334
:10BFF0001946FFF74BFF03B05DF804FB0068002112
:10C00000FFF7ACBF3AB18A4205D3C0E90212C0E9DA
:10C010000000002070476FF0150070470268012390
:10C020008B4022EA0303036022FA01F000F00100D2
:10C030007047704710B5032104460C30FFF7EEFF40
:10C0400030B104F1100000F05AFAB0FA80F0400963
:10C0500010BD20B100221146D43000F00DBA704757
:10C0600070B5C368C3F340069B07044616D48568C1
:10C0700002210C30FFF7D2FF80B1D5F8CC206AB195
:10C0800094421DD122689EB9D5F8D030C5F8CC2095
:10C090009C4201D1C5F8D02000232360E36813F04F
:10C0A0001F001EBF43F00203E36040F0020070BDBA
:10C0B0003260D5F8D020944208BFC5F8D060EBE7D5
:10C0C00016461268DBE773B50446EFF311852023AB
:10C0D00083F31288BFF36F8F00230193D0E9042309
:10C0E000B3F1004F08BF012A05D085F31188BFF3D3
:10C0F0006F8F02B070BDA0F1100603210438FFF766
:10C100008DFF0028F1D0A369019301A93046F7F70C
:10C110006DFCEAE738B504460D461022002100F018
:10C120002DFB656038BD13B501900846EFF311840F
:10C13000202383F31288BFF36F8F01A9F7F756FC12
:10C1400084F31188BFF36F8F02B010BD10B5FFF7F5
:10C15000EAFF041E08DDEFF31180202383F3128829
:10C16000BFF36F8FF8F7F0F8204610BD70B50D469D
:10C17000EFF31186202383F31288BFF36F8FF7F755
:10C1800087FC044686F31188BFF36F8F38B14FF0F8
:10C19000FF324FF0FF3305F11000F7F703FB2046A5
:10C1A00070BD08B5E822002100F0E8FA08BD38B5F6
:10C1B000302204460D46002100F0E0FA4FF480736F
:10C1C0006560E36038BD38B50446EFF31185202380
:10C1D00083F31288BFF36F8FFFF72CFF2046FFF722
:10C1E0003FFF85F31188BFF36F8F38BDD0E9003270
:10C1F00013605A60027C002322F00202C0E900337F
:10C20000027483607047EFF30580003818BF012087
:10C2100070476FF0570070470020704738B5858928
:10C22000EFF31181202282F31288BFF36F8F037C1A
:10C2300013F0080404D081F31188BFF36F8F38BD69
:10C240000122F7F7EFFEEB07F9D584F31188BFF36E
:10C250006F8F0423184602DFF1E7F7F79BBFD0E9A1
:10C26000003213605A600023C0E90033704708B5FC
:10C27000FFF7F5FF037C23F00203037400238360C0
:10C2800008BD38B504460D46F7F718FE237C43F089
:10C2900002032374D5B1A5602B689D4209D16B6858
:10C2A000C4E900531C606C6010E06A689A42F6D0E2
:10C2B0001B68002BF3D093F90E1094F90E209142D5
:10C2C000F3DD5A68C4E9003214605C6038BD10B513
:10C2D000EFF31184202383F31288BFF36F8FF7F7F6
:10C2E00017FE84F31188BFF36F8F10BDF7F710BEF0
:10C2F000F7F7E4BD08B5EFF31181202282F312882D
:10C30000BFF36F8F83680BB1FFF7B1FF81F3118823
:10C31000BFF36F8F08BD08B5037C13F0280F0146EB
:10C320000CD183680BB1FFF7A2FF0B7C23F0040351
:10C330000B740846BDE80840F7F7EABD08BD10B524
:10C34000EFF31184202383F31288BFF36F8F183823
:10C35000FFF7E1FF84F31188BFF36F8F10BD08B5BD
:10C360000346EFF31181202282F31288BFF36F8F0F
:10C370000068834207D008B1FFF779FF81F3118885
:10C38000BFF36F8F08BD0020F8E70846F7F700BE3F
:10C3900038B504680546AC424FF0000000D138BD06
:10C3A000002CFCD02046FFF762FF04F1180000F0DB
:10C3B000A6F82046F7F7ACFD2C680120A542EDE772
:10C3C00010B5EFF31184202383F31288BFF36F8F2E
:10C3D000FFF7DEFF84F31188BFF36F8F10BD38B510
:10C3E0000C460546F7F7C4FFB4F1FF3F08BFB5F1AF
:10C3F000FF3F1FBF47F6FF7300224FF47A71E0FB47
:10C4000001321ABFD80B40EA42404FF0FF3038BD2E
:10C410002DE9F04706460F4691469A46EFF31188FC
:10C42000202383F31288BFF36F8F0068864206D003
:10C4300028B17368984214BF0568002568B90024C4
:10C44000B9F1000F02D051462046C84788F3118841
:10C45000BFF36F8F2046BDE8F0875146B8470446CA
:10C460000028EDD135B17368AB4200D02C68284666
:10C470002546E3E72C46FAE738B5EFF3118520238C
:10C4800083F31288BFF36F8F0468A0421CD0ECB115
:10C490006261D4E90032C4F8801013605A60227CD3
:10C4A000002322F00202C4E900332274A36004F1E5
:10C4B000180000F024F82046FFF718FF012085F34C
:10C4C0001188BFF36F8F38BD0020F8E72046F6E7EC
:10C4D00008B50246F8F778F870B1D0E904319B1A34
:10C4E00061EBE272B3F1004F72F1000104DA002A4D
:10C4F000ACBF1846002008BD6FF00040FBE738B520
:10C500000246EFF31185202383F31288BFF36F8F68
:10C510000368D3B1F8F758F804461046F8F766F800
:10C5200000224FF000438442C0E9042305D00020DC
:10C5300085F31188BFF36F8F38BDF8F74DF8FFF71B
:10C54000C7FF0021F4F780FBF1E7D0E90413B3F152
:10C55000004F08BF012902BF00204FF00041C2E98F
:10C5600004016FF01500E3E708B5F8F743F908BDDB
:10C57000F8F740B9B3F1FF3F08BFB2F1FF3F70B524
:10C5800006461D46144614D01A4316D0002B08DB6D
:10C59000F8F730F9041941EB0501C6E900413046CE
:10C5A00070BD6FF001031C1B4FF0FF3363EB0501FF
:10C5B000F3E74FF0FF342146EFE70024FBE7B3F148
:10C5C000FF3F08BFB2F1FF3FF8B5074616461C46CD
:10C5D00010D054EA020311D0F8F70CF9B0420A4621
:10C5E000A14103460AD2F31A64EB0204C7E90034FE
:10C5F0003846F8BD4FF0FF331C46F7E70023FBE752
:10C600000023C0E9081200F11802C0E90622C0E9BF
:10C6100000330363436370472DE9F3470446DDE9C4
:10C620000A9815460E4659B302F0010AF7F734FF8F
:10C630000746EFF31181202383F31288BFF36F8F36
:10C64000A80744BF0023A360A36803EA0600BAF169
:10C65000000F0CD086420CD16A0744BF8343A3600D
:10C6600081F31188BFF36F8F02B0BDE8F087002817
:10C67000F2D159EA080305D181F31188BFF36F8F16
:10C680000020F1E7C7E918652246CDE9009804F1DA
:10C690000C00F7F7C1FD0028F2D1386EE4E710B5C1
:10C6A0000446D0E918020B6812F0010F03EA0003F8
:10C6B00001D0984210D17BB12366520742BF4A682D
:10C6C0001A434A6004F11800FFF719FF0023C4F869
:10C6D00080302046FFF71FFE002010BD0A46F8F705
:10C6E0008FB90A460021F8F78BB95200FFF794BFC3
:10C6F000043270B504460ED2EFF31185202686F37E
:10C700001288BFF36F8F41F00401984785F31188B9
:10C71000BFF36F8F08B9002070BD40F8044BFBE7F2
:10C7200020B1011F50F8040CFFF7FFBA70470A440C
:10C73000914200F1FF3300D1704710B511F8014B61
:10C7400003F8014F9142F9D110BD884210B501EBB9
:10C75000020402D98442234607D8431EA14207D0CF
:10C7600011F8012B03F8012FF8E70244824200D1AF
:10C7700010BD13F8011D02F8011DF7E7024403463E
:10C78000934200D1704703F8011BF9E710B5013956
:10C790000244904201D1002005E0037811F8014FD6
:10C7A000A34201D0181B10BD0130F2E710B50246BC
:10C7B00001448A42134603D01C780132002CF8D180
:10C7C000181A10BD2DE9F843C3F13709074688460A
:10C7D0005FFA89F903F01F051646384641462A4696
:10C7E0000023DAF7DDFCD4B2092C3A4688BF4C446A
:10C7F000434688BFE4B2AA424FF0000204F130047D
:10C80000934106F8014B07468846E6D23046BDE81C
:10C81000F8832DE9F04F89B00518029304AB41EB82
:10C820000104009390462846D2E90023214600F0F7
:10C83000A8F806AB009307468946D8E902232846A4
:10C84000214600F09EF8DDE90423841851EB03062D
:10C85000069BD8E900124FF0000528BF0125ED180E
:10C86000079B43F10003791849EB0202B94272EBCE
:10C870000902D8E9022134BF01200020A21846EBAA
:10C8800001018018029A41F10001A042A2F1410A7F
:10C8900071EB060234BF012200225219CDE9065382
:10C8A000CDF800A043F1000300F082F8129BC3E929
:10C8B0000001D8E90221039114990129DDE9065309
:10C8C000D8E900E027D10399CDF800A0A21A66EBC1
:10C8D0000101774579EB000034BF01200020101AD8
:10C8E00061F10001844276EB010234BF0122002293
:10C8F000AA1A63F1000300F05BF8139BC3E900017F
:10C90000DDE90623CDF800A02046314600F050F8BE
:10C9100009B0BDE8F08F17EB070B49EB090C14EBDE
:10C92000040846EB0601BB457CEB090934BF01272F
:10C93000002718EB070741F10008F3457CEB000CDA
:10C9400034BF01200020381A68F10001801A039AD0
:10C9500061EB02016D195B41A74278EB060234BF1F
:10C9600001220022AD1843F10003874278EB010851
:10C9700034BF01220022AA1A029DA5F140050095AC
:10C98000B7E7F0B500240D4606469446A0FB020129
:10C990002246E5FB0C12A446E3FB061CE5FB032440
:10C9A00012EB0C02059F44F10004C7E90024F0BD1E
:10C9B000F0B5059CC4F14007C4F1200602FA06F662
:10C9C000A4F12005BB4022FA05F53343C4F120064B
:10C9D0002B4301FA06F6A4F12005E04021FA05F503
:10C9E0003043BA402843E14010431943F0BD2DE9DC
:10C9F000F0410446CE0FC1F30A55C1F3130154EAC6
:10CA00000107167140F2FF706AD1002D70D12C46DB
:10CA10002946002B15605FDB0C2B5FDCC3F10D0595
:10CA2000AD00012005F1FF3CA5F12107C5F121066C
:10CA300020FA06F600FA07F700FA0CF0374306185A
:10CA400047EB0708D6F1000E68EB480C013E48F1B1
:10CA5000FF38264008EA0108B04277EB08080FDBF0
:10CA6000C5F12008B5F1200601FA08F824FA05F509
:10CA700045EA08055CBF41FA06F63543ED0703D5E4
:10CA80002018044641EB070104EA0E0401EA0C01F8
:10CA90009DF8186018460D250532C6F1270604F0EA
:10CAA0000F03240944EA0174091163B9A8420DDA9D
:10CAB000013DF4D21AE01DB90125A5F2FF35A8E722
:10CAC00041F48011F9E7092BC8BF9B193033A84204
:10CAD0005355B8BF2846EBE70023D9E70D23D7E726
:10CAE0008542E8D146F0080616710020BDE8F081C5
:10CAF0008542E5D146F00406F6E7D1E904329342D7
:10CB00001EBF5A1C0A611870704710EE103A23F0CD
:10CB10000040B0F1FF4F94BF00200120704700009B
:08CB2000E8A6FD7F0100000002
:10CB280005C3020000000000A9C2020000000000C6
:10CB380000000000D8CB0400FD3204000000000013
:10CB48003D3304000000000000000000F4CB0400A6
:10CB58000000000010CC04000000000048CC0400D5
:10CB68000000000064CC0400000000002CCC04008D
:10CB780011FE030000000000ED0A040000000000A0
:10CB88004DA8020000000000C1C002000000000023
:10CB980061380400000000000000000080CC0400A0
:10CBA800000000009CCC040000000000B8CC040089
:10CBB80000000000D4CC0400E5CE02000000000014
:10CBC80009D602000000000049B20200000000007F
:10CBD800EE3A06000CDE0400A8CE0400FA07002096
:10CBE80020BA002005FB030000000000273B0600D8
:10CBF80024DE040078CE0400FE070020B8BA002026
:10CC0800D502040000000000353B060038DE0400B1
:10CC180078CE040000080020C4BA0020D502040021
:10CC28000000000069240600CCD5040004CF0400ED
:10CC3800F407002030000020F1D1020000000000BD
:10CC4800173B06000000000070CE0400FC0700201F
:10CC580074BA00202500040000000000AF3B060065
:10CC6800ACDE040048CF0400060800204807002076
:10CC78008907040000000000E4D904000000000057
:10CC88009CCE0400F607002028A500200000000024
:10CC980000000000C83A0600E8DD0400A4DD040036
:10CCA800F80700209406002059EC0300000000005B
:10CCB8005B3B06004CDE0400C4CE040002080020E2
:10CCC800D0BA0020F5050400000000006A3B060009
:10CCD8007CDE0400C4CE040004080020E8BA00206A
:08CCE800F50504000000000046
:10CCF000CFBB0400EFB40400000000000377040081
:10CD000064CC040079B30400000000000377040041
:10CD10000000000003770400000000000377040017
:10CD20002C0300202DAF040000000000192E040089
:10CD300000000000037704000000000003770400F7
:10CD400000000000037704000000000001C10300A0
:10CD5000000000000377040074BA00209100040072
:10CD600000000000C5E40300000000000377040099
:10CD70000000000003770400000000007D0B0400A9
:10CD800000000000037704000000000003770400A7
:10CD90000000000003770400000000000377040097
:10CDA0000000000003770400000000000377040087
:10CDB0000000000031C10300000000000377040000
:10CDC0000000000003770400000000000377040067
:10CDD0000000000003770400000000000377040057
:10CDE0000000000003770400000000000377040047
:10CDF0000000000003770400000000000377040037
:10CE00000000000003770400000000000377040026
:10CE10000000000003770400000000000377040016
:10CE20000000000003770400B1F30300EFB4040036
:10CE300000000000037704000000000003770400F6
:10CE400000000000037704000000000003770400E6
:10CE500000000000037704000000000003770400D6
:10CE600000000000037704000000000003770400C6
:08CE7000D1FF030021FF0300C4
:10CE78000501040081AE04008FAE0400A7AE0400D3
:10CE8800B3AE0400BFAE040011030400D9AE040021
:04CE98000000000096
:0CCE9C00015A03002158030081570300D5
:10CEA8005DFB0300EDAD040051AE0400000000007E
:0CCEB80089AD0400000000000000000034
:10CEC40085B10400E9B10400A3B10400BBB10400BE
:10CED40000000000D5B104000000000000000000C4
:10CEE400000000000000000000000000000000003E
:10CEF400000000000000000000000000000000002E
:10CF0400B18704007DD1020000000000DB8704002B
:10CF14009D870400B58B04006188040033870400F6
:10CF2400E98B0400578804000000000049870400CE
:10CF3400000000000000000051870400718B040011
:10CF4400638704000DB20400D1060400FFB104009D
:10CF540023B4040033B204005BB2040091B20400B1
:10CF6400A5B20400D3B20400E7B20400A5B20400E1
:10CF7400C3B20400FBB2040009B3040017B30400F5
:08CF840049B304004DB30400A1
:10CF8C000500000095060300060000006130030058
:08CF9C0004000000DD19030090
:10CFA400E99202006192020000000000000000000B
:10CFB400000000000000000000000000000000006D
:10CFC40090D804000400000008D504000700000005
:08CFD40008D90400060000006A
:10CFDC00141C060003000000C22F06000300000012
:10CFEC00BE36060003000000C1240600030000004A
:10CFFC007F32060003000000D4DB040003000000B5
:10D00C0024DB040003000000F8D904000300000036
:10D01C00C0DB040003000000C8240600030000006D
:10D02C006838060003000000E32D06000300000032
:10D03C00692F0600030000000934060003000000FD
:10D04C009538060003000000621E06000300000075
:10D05C00093B0600030000003C1D06000300000015
:10D06C00861E0600030000008A1E06000300000056
:10D07C008A1F060003000000EA23060003000000DC
:10D08C0049240600030000005124060003000000A0
:10D09C00DE3A0600030000009A3C06000300000084
:10D0AC00B71D060003000000803B060003000000D3
:10D0BC006024060003000000731E0600030000003D
:10D0CC00BD3B0600030000005739060003000000BA
:08D0DC00D63A06000300000033
:10D0E400ECD4040070020020791F06000100000047
:10D10000000000000300000030000000600000008C
:10D1100000000000CE2C0600D32C0600D72C060001
:10D12000DB2C0600DF2C0600E32C0600E72C0600B3
:10D13000EB2C0600EF2C0600F32C0600F72C060063
:10D14000FB2C0600FF2C0600032D0600072D060011
:10D150000B2D06000F2D0600000106020100000045
:10D1600000010201040404040000000000000000AB
:10D170000338FDD8704700000100000000000000E7
:10D180000500000000000000190000000000000081
:10D190007D0000000000000071020000000000009F
:10D1A000350C000000000000093D000000000000F8
:10D1B0002D31010000000000E1F505000000000035
:10D1C00065CD1D0000000000F90295000000000080
:10D1D000DD0EE90200000000514A8D0E0000000043
:10D1E0009573C24800000000E941CC6B01000000CB
:10D1F0008D49FD1A07000000C16FF2862300000070
:10D20000C52EBCA2B1000000D9E9AC2D7803000006
:10D210003D9160E45811000031D6E275BC56000023
:10D22000F52E6E4DAEB10100C9EA2683677808007D
:10D23000ED95C28F055A2A00A1EDCCCE1BC2D300BA
:10D2400025A4000A8BCA2204000000000000000090
:10D2500000000000000000100000000000000000BE
:10D26000B9340332B7F4AD1410DB1AB30892540E7C
:10D270000D307D951447BA1A66088F4D26ADC66DE0
:10D28000F598BF85E2B74511CA96853D92BD1DEB65
:10D29000FCA11860DCEF52163C92AE220BB8C1B470
:10D2A000839D2D5B0562DA1C304C7E8F4E8BB25B0A
:10D2B00016F4529F8B56A512FBD4827643ED8AF06A
:10D2C0008FE7F9311565191850F19BD94A13EEB45F
:10D2D000284CF0A686C1251F035FC270CB9E49165D
:10D2E000E642889C44EB2014B0650836AD6EA585F7
:10D2F00085F0CA14E2FD031A0B899979D5B13D096D
:10D30000D8DA973A35EBCF10AC363F5E73BB38CFE7
:10D310003E6752FA44AFBA15010000000000000059
:10D320000000000000000020345065C05FC9A65214
:10D33000BB13CBAEC440C21806C8DF7100D5A87CB1
:10D34000F56F0FDA58FC27136E4756357D2420659C
:10D3500002C7E768E48CA41DE9E60268D7CD39610D
:10D360007977FCC2405BEF16798CDE43FFA751F959
:10D3700091F3B278F5BDBE11E857E9D6E8BEE87B77
:10D38000B054AC8F848D751BEA23A499E9F9D38B33
:10D39000B7A3714061DA3E15CEE33ECB73F948087E
:10D3A0008C97B427D51B7010A2BFEFB9EB8532154F
:10D3B0004DB44DB49BBB6F1996B6076CF8E7EEAD54
:10D3C00036D9B4F59135AE13222218AF4E6A684DA6
:10D3D00091DAAA3D4F40741E9FBD9EE006A1C09801
:10D3E00057C2A7FDA40E90170E7D497173E3208FDD
:10D3F000B220D87605143B12853D7434811343B0B6
:10D40000AD297A5F27F4351C071000008207002041
:10D410000101000092070020090D0000141C060005
:10D4200010CC04000600010010CC04001E00010016
:10D4300010CC04001A0001006A7AD737857A573871
:10D440006A7AD737F945E03FCD3645BF0000803FC7
:10D45000000000400000803FA5F0EF3FCEB665BF62
:10D460000000803F000000C00000803F5603FE3FE8
:10D47000780B7CBF0000803F000000C00000803FB0
:10D48000ED47FF3FFB937EBF280D00200001000009
:10D49000E77304008973040002000000977504001C
:10D4A000000000000000000000000000000000007C
:10D4B000591F0600611F0600000000000000000068
:10D4C00000000000691F06006D1F0600711F0600A6
:10D4D000751F0600DCD404005891002019B2020028
:10D4E000709100200A6001200100000057760400BE
:10D4F0004D7604001B7604000F7604000000000047
:10D500000376040000000000CA1806007FA2040091
:10D5100000000000C618060000000100C218060046
:10D5200023A30400000000001403002000000100F9
:10D53000BA180600A97604000000000000000000F0
:10D5400000000100B618060023A30400000000003C
:10D550000C03002000000100AE18060075760400E0
:10D56000000000000000000000000100AA180600F2
:10D5700023A30400000000000403002000000100B9
:10D58000A2180600D5B20200000000000000000052
:10D5900000000100000000200000000000000B0659
:10D5A00002000000A8D50400000000003A24060094
:10D5B00026000206000000204224060022000B1173
:10D5C0004DC10200000000008B770400FC03002026
:10D5D00000000000AF070020100400200000000041
:10D5E000C0D50400F0D504000502000000000000D2
:10D5F000E4D20120C0D5040004D604002E000000AF
:10D600000000000094EE0120C0D5040018D60400EC
:10D61000020100000000000068EF0120132D060049
:10D62000312D06004C2D06005C2D0600692D0600EC
:10D63000722D0600792D0600802D0600872D06002C
:10D640008F2D0600692D0600972D0600A92D0600D6
:10D65000BE2D0600D12D06000E030000DDEB0200FA
:10D660000F040000A9EB02001A0100002DD40200F3
:10D670000504000045D402001301000015D7020084
:10D680003E0100008DD9020001120000B38E04009B
:10D690000A1E0000C18E0400FF01000001DB020031
:10D6A0003E010000E1DA02000504000091D402000E
:10D6B00010010000D5D4020001120000BDE40200F8
:10D6C0000A1E00006B8F0400030900009DDC0200AD
:10D6D000040B0000C1D60200060A0000E5EA0200C1
:10D6E000070A000035D502000C050000F9DE020033
:10D6F000C0D5040000D7040047000000000000006F
:10D7000084F00120FE3106000B3206002B320600A9
:10D710001F320600363206004D3206005D3206002A
:10D72000E335060071320600C0D5040038D7040086
:10D73000000000000000000044F10120C0D50400FA
:10D740004CD7040009020000000000006CF1012029
:10D75000B99304000B9404000000000000000000D6
:10D76000000000009109030000000000000000001C
:10D7700000000000000000000202010067990400A0
:10D7800004040100C1150300060601000115030091
:10D7900008040100ED1303000A0201004F99040080
:10D7A0000C040100379904000E040100C9120300A3
:10D7B000200401003512030010040100451103008C
:10D7C00012020100D9980400160401002D1603006E
:10D7D00018010100F10F03001E000400839D0400E6
:10D7E00052020000AF98040001040200B11F0300C0
:10D7F00003020200179D0400050102004B9D040076
:10D80000070402005B9D0400090102005F9D040003
:10D810000B000200639D04000D000200679D0400E0
:10D820000F0002006B9D0400210202006F9D0400A6
:10D8300011010200739D040013000200779D040093
:10D84000170402007B9D0400190002007F9D040064
:10D850001B020300199604001D020500290D030098
:10D860002304030007960400C0D5040078D8040000
:10D87000070200000000000058070220C0D5040085
:10D880008CD80400FC01000000000000FC1D0220F8
:10D89000E21806007FA2040000000000DE18060067
:10D8A00000000100DA18060023A3040000000000B5
:10D8B000F404002000000100D2180600000000005F
:10D8C000000000000000000000000000CE1806006C
:10D8D000AFA2040049220300FC0400200000030062
:10D8E0000000000000000000000000000000000038
:10D8F00000000000DDA404000000000000000000A3
:10D900000000000000000000F21806007FA20400E2
:10D9100000000000243E060000000100EE18060092
:10D9200023A30400000000003405002000000100D3
:10D93000023E0600000000000000000000000000A1
:10D9400000000000EA180600AFA20400492203000C
:10D950001C05002000000300E618060023A30400B5
:10D96000000000001405002000000100E03D06005A
:10D97000000000002FA504000000000000000200CD
:10D98000456D70747920484349207061636B6574FC
:10D9900000000000556E6B6E6F776E204843492083
:10D9A00074797065202575004C4C20696E69746926
:10D9B000616C697A6174696F6E206661696C656417
:10D9C0003A2025640000000042542043544C522069
:10D9D000525820707269000042542043544C522027
:10D9E0005258000062745F6863695F636F6E74729F
:10D9F0006F6C6C657200000062745F63746C725FC0
:10DA00006863695F64726976657200005A65706860
:10DA10007972204F532076342E342E39390000008D
:10DA20004E6F2048434920436F6D6D616E642068DE
:10DA30006561646572000000496E76616C696420FE
:10DA400048434920434D44207061636B6574206CEA
:10DA5000656E6774680000004E6F2048434920419E
:10DA6000434C20686561646572000000496E766110
:10DA70006C6964204843492041434C207061636BCA
:10DA80006574206C656E677468000000496E76618D
:10DA90006C6964204843492041434C2044617461CF
:10DAA000206C656E67746800547820427566666500
:10DAB00072204F766572666C6F770000496E7661F2
:10DAC0006C696420547820456E7175657565000039
:10DAD00068616E646C653A203078253034782C208B
:10DAE0007374617475733A2025782C2074783A2009
:10DAF00025782C2072783A2025782E00747970656C
:10DB00003A203078253032780000000072656A656E
:10DB10006374206F70636F64653A2030782530320B
:10DB20007800000062745F63746C725F6863690000
:10DB3000574553545F544F504449522F7A6570688B
:10DB400079722F7375627379732F626C7565746F58
:10DB50006F74682F636F6E74726F6C6C65722F6C6C
:10DB60006C5F73772F756C6C5F636F6E6E2E6300E6
:10DB7000657272203D3D2030207C7C2065727220D1
:10DB80003D3D202D31323000415353455254494FD1
:10DB90004E204641494C205B25735D204020257373
:10DBA0003A25640A0000000009706172616D313A23
:10DBB00020257520706172616D323A2025750A004A
:10DBC00062745F63746C725F756C6C5F636F6E6EB2
:10DBD0000000000062745F63746C725F637279703E
:10DBE000746F0000574553545F544F504449522FAF
:10DBF0007A65706879722F7375627379732F626CAE
:10DC00007565746F6F74682F636F6E74726F6C6C70
:10DC100065722F6C6C5F73772F6E6F726469632F00
:10DC20006C6C6C2F6C6C6C5F6164762E6300000012
:10DC3000300000000925733A2041637475616C203F
:10DC40004556454E545F4F564552484541445F53F3
:10DC5000544152545F5553203D2025750A00000061
:10DC6000574553545F544F504449522F7A6570685A
:10DC700079722F7375627379732F626C7565746F27
:10DC80006F74682F636F6E74726F6C6C65722F6C3B
:10DC90006C5F73772F6E6F726469632F6C6C6C2F7F
:10DCA0006C6C6C5F7065726970686572616C2E6314
:10DCB00000000000E1910300F191030001920300D4
:10DCC00011920300000000000000000021920300F8
:10DCD000B99203003192030000000000E9920300B2
:10DCE0000000000041920300C99203000000000000
:10DCF000519203003993030061920300F9920300EB
:10DD00000993030019930300299303004993030027
:10DD1000599303007192030000000000000000000E
:10DD2000000000000000000000000000D992030085
:10DD300008020B020A0305020000000000000000B8
:10DD400002020000060200000403000000000903B4
:10DD500000000000010300000C03000007030000A6
:10DD60000000000000000000F401FA0096006400CA
:10DD70004B0032001E001400707265706172655FA6
:10DD800063620000707265706172655F63620000BB
:10DD900001030405F4DD0400C808002000000000B1
:10DDA0000000000000000000D9ED030015EC0300A6
:10DDB000F5E9030001EE03000000000095E903000F
:10DDC00021EE030051F80300F5EB03000000000012
:10DDD000C9F8030071F203000DEB0300EDEA030044
:10DDE00033AD04002BAD0400000000000300000070
:10DDF0006DEB03005BAD04000000000043AD0400C8
:10DE0000C1FA030091FA0300000000000DFC0300BA
:10DE10008DFB0300FD3A06007DAE040079AE0400E0
:10DE2000033B0600FFFF0000000300502C0300200E
:10DE30000000000001000000FFFFFFFF0000005095
:10DE40002C03002000000000000000000000008003
:10DE5000FFFFFF7F0000008000000080FFFFFF7FCA
:10DE600000000080B80B0000000000003D3E0600EE
:10DE700000FF0A00F4CB040008000002000000804C
:10DE8000FFFFFF7F0000008000000080FFFFFF7F9A
:10DE90000000008000000000000000003D3E060081
:10DEA00000FF0800F4CB04000A000002002000403C
:10DEB0000100000000000000CCDE04000000D601DC
:10DEC00000000000AD600120AC6001200020004097
:10DED000D8DE040001000000E0DE040002000000C3
:10DEE0002B0000002C060001000000000000803F15
:10DEF000D40FC93AECFF7F3FC70F493BB1FF7F3FCB
:10DF0000C1CB963B4EFF7F3F890FC93BC4FE7F3F8D
:10DF10003053FB3B13FE7F3F59CB163C39FD7F3F0F
:10DF200002ED2F3C39FC7F3F900E493C11FB7F3FB7
:10DF30000030623CC1F97F3F4B517B3C4AF87F3F48
:10DF400038398A3CACF67F3FB6C9963CE6F47F3F51
:10DF50001C5AA33CF8F27F3F69EAAF3CE3F07F3FF5
:10DF60009B7ABC3CA7EE7F3FB00AC93C43EC7F3FA5
:10DF7000A69AD53CB8E97F3F7B2AE23C05E77F3F84
:10DF80002DBAEE3C2BE47F3FB949FB3C29E17F3FB2
:10DF900090EC033D00DE7F3F2F340A3DAFDA7F3F38
:10DFA000B87B103D37D77F3F2CC3163D98D37F3FBA
:10DFB000880A1D3DD1CF7F3FCC51233DE2CB7F3F2F
:10DFC000F698293DCCC77F3F07E02F3D8FC37F3FA9
:10DFD000FC26363D2ABF7F3FD56D3C3D9EBA7F3F34
:10DFE00091B4423DEAB57F3F2FFB483D0FB17F3FE3
:10DFF000AF414F3D0DAC7F3F0E88553DE3A67F3FBF
:10E000004CCE5B3D91A17F3F6814623D189C7F3FE1
:10E01000625A683D78967F3F38A06E3DB1907F3F51
:10E02000E9E5743DC28A7F3F742B7B3DAB847F3F23
:10E030006CB8803D6D7E7F3F0ADB833D08787F3F73
:10E0400094FD863D7B717F3F0A208A3DC76A7F3FF2
:10E050006A428D3DEC637F3FB464903DE95C7F3F55
:10E06000E786933DBF557F3F05A9963D6D4E7F3FA7
:10E070000ACB993DF4467F3FF9EC9C3D543F7F3FEE
:10E08000CF0EA03D8D377F3F8C30A33D9D2F7F3F2E
:10E090003052A63D87277F3FBA73A93D491F7F3F76
:10E0A0002B95AC3DE4167F3F80B6AF3D580E7F3FC9
:10E0B000BBD7B23DA4057F3FDAF8B53DC9FC7E3F32
:10E0C000DD19B93DC7F37E3FC33ABC3D9DEA7E3FB3
:10E0D0008D5BBF3D4CE17E3F397CC23DD4D77E3F56
:10E0E000C69CC53D34CE7E3F36BDC83D6DC47E3F27
:10E0F00086DDCB3D7FBA7E3FB7FDCE3D69B07E3F2A
:10E10000C81DD23D2DA67E3FB93DD53DC99B7E3F62
:10E11000895DD83D3D917E3F377DDB3D8B867E3FDF
:10E12000C49CDE3DB17B7E3F2EBCE13DB0707E3FA6
:10E1300076DBE43D88657E3F9AFAE73D385A7E3FBC
:10E140009A19EB3DC14E7E3F7638EE3D23437E3F2C
:10E150002E57F13D5E377E3FC075F43D722B7E3FFA
:10E160002C94F73D5E1F7E3F73B2FA3D24137E3F31
:10E1700092D0FD3DC2067E3F4577003E38FA7D3F96
:10E180002E06023E88ED7D3F0295033EB1E07D3FC5
:10E19000C223053EB2D37D3F6EB2063E8CC67D3FA4
:10E1A0000541083E40B97D3F86CF093ECCAB7D3F5F
:10E1B000F35D0B3E309E7D3F4AEC0C3E6E907D3F02
:10E1C0008B7A0E3E85827D3FB708103E74747D3F8A
:10E1D000CC96113E3D667D3FCA24133EDE577D3FFF
:10E1E000B2B2143E59497D3F8340163EAC3A7D3F62
:10E1F0003DCE173ED82B7D3FE05B193EDD1C7D3FB9
:10E200006BE91A3EBC0D7D3FDE761C3E73FE7C3F03
:10E2100038041E3E03EF7C3F7B911F3E6CDF7C3F4A
:10E22000A51E213EAECF7C3FB6AB223EC9BF7C3F90
:10E23000AD38243EBDAF7C3F8CC5253E8A9F7C3FD8
:10E240005152273E318F7C3FFCDE283EB07E7C3F22
:10E250008D6B2A3E086E7C3F04F82B3E3A5D7C3F76
:10E2600061842D3E444C7C3FA2102F3E283B7C3FD6
:10E27000C99C303EE5297C3FD428323E7A187C3F49
:10E28000C4B4333EE9067C3F9840353E31F57B3FD0
:10E2900050CC363E53E37B3FEC57383E4DD17B3F6D
:10E2A0006CE3393E20BF7B3FCF6E3B3ECDAC7B3F26
:10E2B00015FA3C3E539A7B3F3E853E3EB2877B3FFC
:10E2C0004910403EEA747B3F379B413EFC617B3FF7
:10E2D0000726433EE74E7B3FB9B0443EAB3B7B3F16
:10E2E0004D3B463E48287B3FC2C5473EBE147B3F60
:10E2F0001850493E0E017B3F4FDA4A3E37ED7A3FD8
:10E3000067644C3E3AD97A3F60EE4D3E16C57A3F7F
:10E3100038784F3ECBB07A3FF101513E599C7A3F5D
:10E32000898B523EC1877A3F0115543E02737A3F72
:10E33000589E553E1C5E7A3F8F27573E10497A3FC4
:10E34000A4B0583EDD337A3F97395A3E841E7A3F57
:10E350006AC25B3E04097A3F1A4B5D3E5EF3793F29
:10E36000A8D35E3E91DD793F135C603E9DC7793F47
:10E370005CE4613E83B1793F836C633E439B793FAC
:10E3800086F4643EDC84793F667C663E4E6E793F5F
:10E390002204683E9A57793FBA8B693EC040793F64
:10E3A0002F136B3EBF29793F7F9A6C3E9812793FBD
:10E3B000AB216E3E4AFB783FB2A86F3ED6E3783F72
:10E3C000942F713E3BCC783F51B6723E7BB4783F80
:10E3D000E83C743E939C783F5AC3753E8684783FF0
:10E3E000A649773E526C783FCCCF783EF853783FC1
:10E3F000CB557A3E773B783FA4DB7B3ED122783FFA
:10E4000056617D3E040A783FE1E67E3E10F1773F9B
:10E410002236803EF7D7773FC0F8803EB7BE773FC1
:10E420004ABB813E51A5773FC07D823EC58B773F79
:10E430002240833E1372773F7002843E3A58773F02
:10E44000AAC4843E3C3E773FCE86853E1724773F64
:10E45000DF48863ECC09773FDA0A873E5BEF763F9E
:10E46000C1CC873EC4D4763F938E883E07BA763FB0
:10E470005050893E249F763FF8118A3E1B84763F98
:10E480008AD38A3EEC68763F07958B3E974D763F60
:10E490006E568C3E1B32763FC0178D3E7A16763F05
:10E4A000FCD88D3EB3FA753F229A8E3EC6DE753F8C
:10E4B000325B8F3EB3C2753F2C1C903E7BA6753FEE
:10E4C00010DD903E1C8A753FDD9D913E976D753F36
:10E4D000945E923EED50753F351F933E1D34753F5F
:10E4E000BFDF933E2717753F31A0943E0BFA743F70
:10E4F0008D60953EC9DC743FD220963E62BF743F6A
:10E5000000E1963ED5A1743F17A1973E2284743F47
:10E510001661983E4966743FFE20993E4B48743F11
:10E52000CEE0993E272A743F86A09A3EDD0B743FC9
:10E5300027609B3E6EED733FAF1F9C3ED9CE733F6D
:10E5400020DF9C3E1FB0733F789E9D3E3F91733FFE
:10E55000B85D9E3E3972733FDF1C9F3E0E53733F82
:10E56000EEDB9F3EBE33733FE59AA03E4714733FF8
:10E57000C259A13EACF4723F8718A23EEBD4723F61
:10E5800033D7A23E04B5723FC595A33EF894723FBF
:10E590003F54A43EC774723F9F12A53E7054723F11
:10E5A000E5D0A53EF433723F128FA63E5213723F60
:10E5B000254DA73E8CF2713F1F0BA83E9FD1713FA6
:10E5C000FEC8A83E8EB0713FC486A93E578F713FEA
:10E5D0006F44AA3EFB6D713F0102AB3E7A4C713F26
:10E5E00077BFAB3ED42A713FD47CAC3E0809713F63
:10E5F000153AAD3E17E7703F3CF7AD3E02C5703FA0
:10E6000049B4AE3EC6A2703F3A71AF3E6680703FDD
:10E61000102EB03EE15D703FCBEAB03E373B703F1D
:10E620006BA7B13E6718703FEF63B23E73F56F3F63
:10E630005820B33E5AD26F3FA5DCB33E1BAF6F3FAD
:10E64000D698B43EB88B6F3FEC54B53E30686F3F00
:10E65000E610B63E83446F3FC3CCB63EB0206F3F5A
:10E660008488B73EBAFC6E3F2A44B83E9ED86E3FBF
:10E67000B2FFB83E5DB46E3F1EBBB93EF88F6E3F31
:10E680006E76BA3E6D6B6E3FA031BB3EBE466E3FAE
:10E69000B6ECBB3EEB216E3FAFA7BC3EF2FC6D3F3C
:10E6A0008B62BD3ED5D76D3F4A1DBE3E93B26D3FD6
:10E6B000EBD7BE3E2D8D6D3F6F92BF3EA1676D3F84
:10E6C000D54CC03EF2416D3F1E07C13E1D1C6D3F43
:10E6D00048C1C13E24F66C3F557BC23E07D06C3F1B
:10E6E0004435C33EC5A96C3F15EFC33E5E836C3F06
:10E6F000C8A8C43ED45C6C3F5C62C53E24366C3F07
:10E70000D21BC63E500F6C3F29D5C63E58E86B3F22
:10E71000628EC73E3BC16B3F7C47C83EFB996B3F57
:10E720007700C93E95726B3F53B9C93E0C4B6B3FA6
:10E730001072CA3E5E236B3FAE2ACB3E8CFB6A3F13
:10E740002CE3CB3E95D36A3F8B9BCC3E7BAB6A3FA1
:10E75000CA53CD3E3C836A3FEA0BCE3ED95A6A3F4C
:10E76000EAC3CE3E52326A3FCA7BCF3EA7096A3F18
:10E770008A33D03ED7E0693F2AEBD03EE4B7693F09
:10E78000AAA2D13ECC8E693F095AD23E9165693F1B
:10E790004811D33E323C693F67C8D33EAE12693F51
:10E7A000647FD43E07E9683F4136D53E3CBF683FB1
:10E7B000FDECD53E4C95683F99A3D63E396B683F3A
:10E7C000135AD73E0341683F6B10D83EA816683FE6
:10E7D000A3C6D83E2AEC673FB97CD93E87C1673FC4
:10E7E000AD32DA3EC196673F80E8DA3ED86B673FCC
:10E7F000319EDB3ECA40673FC153DC3E9915673FFF
:10E800002E09DD3E45EA663F79BEDD3ECCBE663F61
:10E81000A273DE3E3093663FA928DF3E7167663FF4
:10E820008DDDDF3E8E3B663F4F92E03E880F663FB8
:10E83000EE46E13E5EE3653F6AFBE13E10B7653FB1
:10E84000C4AFE23EA08A653FFA63E33E0B5E653FDC
:10E850000E18E43E5431653FFECBE43E7904653F3B
:10E86000CB7FE53E7BD7643F7533E63E59AA643FD4
:10E87000FBE6E63E147D643F5D9AE73EAC4F643FA5
:10E880009C4DE83E2122643FB700E93E73F4633FAC
:10E89000AEB3E93EA1C6633F8166EA3EAC98633FF2
:10E8A0003019EB3E956A633FBBCBEB3E5A3C633F6E
:10E8B000217EEC3EFC0D633F6330ED3E7BDF623F2B
:10E8C00080E2ED3ED7B0623F7994EE3E1082623F27
:10E8D0004C46EF3E2653623FFBF7EF3E1A24623F61
:10E8E00085A9F03EEAF4613FEA5AF13E98C5613FDE
:10E8F000290CF23E2296613F43BDF23E8A66613F9B
:10E90000386EF33ED036613F071FF43EF206613F9A
:10E91000B1CFF43EF2D6603F3580F53ECFA6603FE2
:10E920009330F63E8976603FCBE0F63E2146603F6D
:10E93000DC90F73E9615603FC840F83EE9E45F3F43
:10E940008EF0F83E19B45F3F2DA0F93E27835F3F5C
:10E95000A54FFA3E12525F3FF7FEFA3EDB205F3FC3
:10E9600022AEFB3E81EF5E3F275DFC3E05BE5E3F73
:10E97000040CFD3E678C5E3FBBBAFD3EA65A5E3F6F
:10E980004A69FE3EC3285E3FB217FF3EBEF65D3FBA
:10E99000F3C5FF3E97C45D3F063A003F4D925D3F91
:10E9A000FF90003FE15F5D3FE4E7003F532D5D3F97
:10E9B000B53E013FA3FA5C3F7395013FD1C75C3F71
:10E9C0001CEC013FDD945C3FB142023FC7615C3FFC
:10E9D0003299023F8E2E5C3F9FEF023F34FB5B3F3C
:10E9E000F845033FB8C75B3F3D9C033F1A945B3F2C
:10E9F0006DF2033F5A605B3F8948043F792C5B3FCF
:10EA0000919E043F75F85A3F84F4043F50C45A3F26
:10EA1000624A053F09905A3F2CA0053FA05B5A3F30
:10EA2000E2F5053F16275A3F824B063F6AF2593FEF
:10EA30000EA1063F9CBD593F86F6063FAD88593F63
:10EA4000E84B073F9C53593F36A1073F6A1E593F89
:10EA50006FF6073F17E9583F924B083FA1B3583F65
:10EA6000A1A0083F0B7E583F9BF5083F5348583FF5
:10EA70007F4A093F7912583F4E9F093F7FDC573F3D
:10EA800009F4093F63A6573FAD480A3F2670573F38
:10EA90003D9D0A3FC739573FB7F10A3F4803573FEB
:10EAA0001C460B3FA7CC563F6B9A0B3FE595563F54
:10EAB000A5EE0B3F025F563FC9420C3FFE27563F73
:10EAC000D7960C3FD9F0553FD0EA0C3F93B9553F4C
:10EAD000B33E0D3F2C82553F81920D3FA44A553FD6
:10EAE00038E60D3FFB12553FDA390E3F31DB543F1C
:10EAF000658D0E3F47A3543FDBE00E3F3B6B543F19
:10EB00003B340F3F0F33543F84870F3FC3FA533FCB
:10EB1000B8DA0F3F55C2533FD52D103FC789533F39
:10EB2000DC80103F1851533FCDD3103F4918533F5D
:10EB3000A726113F59DF523F6B79113F49A6523F3B
:10EB400019CC113F186D523FB01E123FC633523FD1
:10EB50003071123F54FA513F9AC3123FC2C0513F25
:10EB6000EE15133F1087513F2A68133F3D4D513F2B
:10EB700050BA133F4A13513F5F0C143F37D9503FEF
:10EB8000585E143F039F503F39B0143FAF64503F6D
:10EB90000402153F3B2A503FB753153FA8EF4F3FA4
:10EBA00054A5153FF4B44F3FD9F6153F1F7A4F3F98
:10EBB0004748163F2B3F4F3F9F99163F17044F3F43
:10EBC000DFEA163FE4C84E3F073C173F908D4E3FAB
:10EBD000188D173F1C524E3F12DE173F89164E3FCD
:10EBE000F52E183FD5DA4D3FC07F183F029F4D3FAD
:10EBF00073D0183F10634D3F0F21193FFD264D3F45
:10EC00009471193FCBEA4C3F00C2193F79AE4C3F9B
:10EC100055121A3F08724C3F93621A3F78354C3FA9
:10EC2000B8B21A3FC7F84B3FC6021B3FF8BB4B3F79
:10EC3000BB521B3F097F4B3F99A21B3FFA414B3F01
:10EC40005FF21B3FCC044B3F0C421C3F7FC74A3F47
:10EC5000A2911C3F138A4A3F1FE11C3F874C4A3F49
:10EC600084301D3FDC0E4A3FD17F1D3F12D1493F0A
:10EC700006CF1D3F2993493F221E1E3F2155493F84
:10EC8000266D1E3FFA16493F12BC1E3FB3D8483FBF
:10EC9000E50A1F3F4E9A483F9F591F3FCA5B483FB6
:10ECA00041A81F3F271D483FCBF61F3F65DE473F6A
:10ECB0003B45203F849F473F9393203F8560473FDC
:10ECC000D2E1203F6721473FF92F213F2AE2463F0B
:10ECD000067E213FCEA2463FFBCB213F5463463FF9
:10ECE000D719223FBB23463F9967223F03E4453FA4
:10ECF00043B5223F2DA4453FD302233F3964453F0E
:10ED00004B50233F2624453FA99D233FF5E3443F35
:10ED1000EEEA233FA5A3443F1A38243F3763443F1C
:10ED20002C85243FAB22443F25D2243F00E2433FC1
:10ED3000041F253F38A1433FCB6B253F5160433F24
:10ED400077B8253F4C1F433F0A05263F29DE423F47
:10ED50008451263FE89C423FE39D263F895B423F2A
:10ED60002AEA263F0B1A423F5636273F70D8413FCA
:10ED70006882273FB796413F61CE273FE154413F2C
:10ED8000401A283FEC12413F0566283FDAD0403F49
:10ED9000B0B1283FA98E403F41FD283F5C4C403F29
:10EDA000B848293FF009403F1594293F67C73F3FC6
:10EDB00057DF293FC0843F3F802A2A3FFC413F3F25
:10EDC0008E752A3F1BFF3E3F82C02A3F1BBC3E3F41
:10EDD0005B0B2B3FFF783E3F1B562B3FC5353E3F1D
:10EDE000BFA02B3F6EF23D3F4AEB2B3FF9AE3D3FBC
:10EDF000B9352C3F676B3D3F0F802C3FB8273D3F17
:10EE000049CA2C3FECE33C3F69142D3F03A03C3F33
:10EE10006F5E2D3FFC5B3C3F59A82D3FD9173C3F0F
:10EE200029F22D3F98D33B3FDE3B2E3F3B8F3B3FAC
:10EE300078852E3FC14A3B3FF7CE2E3F29063B3F08
:10EE40005B182F3F75C13A3FA5612F3FA47C3A3F25
:10EE5000D3AA2F3FB7373A3FE6F32F3FACF2393F03
:10EE6000DE3C303F85AD393FBB85303F4268393F9E
:10EE70007CCE303FE122393F2217313F65DD383FFC
:10EE8000AD5F313FCB97383F1DA8313F1652383F19
:10EE900071F0313F430C383FAA38323F55C6373FF7
:10EEA000C780323F4A80373FC9C8323F233A373F95
:10EEB000AF10333FDFF3363F7A58333F7FAD363FF5
:10EEC00029A0333F0467363FBCE7333F6C20363F11
:10EED000342F343FB8D9353F8F76343FE792353FF2
:10EEE000CFBD343FFB4B353FF304353FF304353F93
:10EEF000FB4B353FCFBD343FE792353F8F76343FF4
:10EF0000B8D9353F342F343F6C20363FBCE7333F10
:10EF10000467363F29A0333F7FAD363F7A58333FF1
:10EF2000DFF3363FAF10333F233A373FC9C8323F94
:10EF30004A80373FC780323F55C6373FAA38323FF5
:10EF4000430C383F71F0313F1652383F1DA8313F16
:10EF5000CB97383FAD5F313F65DD383F2217313FFA
:10EF6000E122393F7CCE303F4268393FBB85303F9C
:10EF700085AD393FDE3C303FACF2393FE6F32F3F01
:10EF8000B7373A3FD3AA2F3FA47C3A3FA5612F3F22
:10EF900075C13A3F5B182F3F29063B3FF7CE2E3F06
:10EFA000C14A3B3F78852E3F3B8F3B3FDE3B2E3FA8
:10EFB00098D33B3F29F22D3FD9173C3F59A82D3F0D
:10EFC000FC5B3C3F6F5E2D3F03A03C3F69142D3F2F
:10EFD000ECE33C3F49CA2C3FB8273D3F0F802C3F14
:10EFE000676B3D3FB9352C3FF9AE3D3F4AEB2B3FB8
:10EFF0006EF23D3FBFA02B3FC5353E3F1B562B3F1A
:10F00000FF783E3F5B0B2B3F1BBC3E3F82C02A3F3D
:10F010001BFF3E3F8E752A3FFC413F3F802A2A3F1F
:10F02000C0843F3F57DF293F67C73F3F1594293FC3
:10F03000F009403FB848293F5C4C403F41FD283F24
:10F04000A98E403FB0B1283FDAD0403F0566283F47
:10F05000EC12413F401A283FE154413F61CE273F27
:10F06000B796413F6882273F70D8413F5636273FC9
:10F070000B1A423F2AEA263F895B423FE39D263F27
:10F08000E89C423F8451263F29DE423F0A05263F45
:10F090004C1F433F77B8253F5160433FCB6B253F23
:10F0A00038A1433F041F253F00E2433F25D2243FC0
:10F0B000AB22443F2C85243F3763443F1A38243F1A
:10F0C000A5A3443FEEEA233FF5E3443FA99D233F38
:10F0D0002624453F4B50233F3964453FD302233F0D
:10F0E0002DA4453F43B5223F03E4453F9967223FA6
:10F0F000BB23463FD719223F5463463FFBCB213FFA
:10F10000CEA2463F067E213F2AE2463FF92F213F0D
:10F110006721473FD2E1203F8560473F9393203FDF
:10F12000849F473F3B45203F65DE473FCBF61F3F6F
:10F13000271D483F41A81F3FCA5B483F9F591F3FBB
:10F140004E9A483FE50A1F3FB3D8483F12BC1E3FC6
:10F15000FA16493F266D1E3F2155493F221E1E3F8C
:10F160002993493F06CF1D3F12D1493FD17F1D3F13
:10F17000DC0E4A3F84301D3F874C4A3F1FE11C3F55
:10F18000138A4A3FA2911C3F7FC74A3F0C421C3F53
:10F19000CC044B3F5FF21B3FFA414B3F99A21B3F10
:10F1A000097F4B3FBB521B3FF8BB4B3FC6021B3F87
:10F1B000C7F84B3FB8B21A3F78354C3F93621A3FBD
:10F1C00008724C3F55121A3F79AE4C3F00C2193FAE
:10F1D000CBEA4C3F9471193FFD264D3F0F21193F5B
:10F1E00010634D3F73D0183F029F4D3FC07F183FC3
:10F1F000D5DA4D3FF52E183F89164E3F12DE173FE8
:10F200001C524E3F188D173F908D4E3F073C173FC5
:10F21000E4C84E3FDFEA163F17044F3F9F99163F61
:10F220002B3F4F3F4748163F1F7A4F3FD9F6153FB8
:10F23000F4B44F3F54A5153FA8EF4F3FB753153FC8
:10F240003B2A503F0402153FAF64503F39B0143F92
:10F25000039F503F585E143F37D9503F5F0C143F17
:10F260004A13513F50BA133F3D4D513F2A68133F57
:10F270001087513FEE15133FC2C0513F9AC3123F52
:10F2800054FA513F3071123FC633523FB01E123F05
:10F29000186D523F19CC113F49A6523F6B79113F6F
:10F2A00059DF523FA726113F4918533FCDD3103F96
:10F2B0001851533FDC80103FC789533FD52D103F75
:10F2C00055C2533FB8DA0F3FC3FA533F84870F3F0D
:10F2D0000F33543F3B340F3F3B6B543FDBE00E3F5B
:10F2E00047A3543F658D0E3F31DB543FDA390E3F63
:10F2F000FB12553F38E60D3FA44A553F81920D3F22
:10F300002C82553FB33E0D3F93B9553FD0EA0C3F99
:10F31000D9F0553FD7960C3FFE27563FC9420C3FC8
:10F32000025F563FA5EE0B3FE595563F6B9A0B3FAC
:10F33000A7CC563F1C460B3F4803573FB7F10A3F47
:10F34000C739573F3D9D0A3F2670573FAD480A3F9A
:10F3500063A6573F09F4093F7FDC573F4E9F093FA3
:10F360007912583F7F4A093F5348583F9BF5083F61
:10F370000B7E583FA1A0083FA1B3583F924B083FD6
:10F3800017E9583F6FF6073F6A1E593F36A1073FFE
:10F390009C53593FE84B073FAD88593F86F6063FDF
:10F3A0009CBD593F0EA1063F6AF2593F824B063F72
:10F3B00016275A3FE2F5053FA05B5A3F2CA0053FB8
:10F3C00009905A3F624A053F50C45A3F84F4043FB3
:10F3D00075F85A3F919E043F792C5B3F8948043F62
:10F3E0005A605B3F6DF2033F1A945B3F3D9C033FC5
:10F3F000B8C75B3FF845033F34FB5B3F9FEF023FDD
:10F400008E2E5C3F3299023FC7615C3FB142023FA2
:10F41000DD945C3F1CEC013FD1C75C3F7395013F1D
:10F42000A3FA5C3FB53E013F532D5D3FE4E7003F4B
:10F43000E15F5D3FFF90003F4D925D3F063A003F28
:10F4400097C45D3FF3C5FF3EBEF65D3FB217FF3E7A
:10F45000C3285E3F4A69FE3EA65A5E3FBBBAFD3EE8
:10F46000678C5E3F040CFD3E05BE5E3F275DFC3EA3
:10F4700081EF5E3F22AEFB3EDB205F3FF7FEFA3EB0
:10F4800012525F3FA54FFA3E27835F3F2DA0F93E02
:10F4900019B45F3F8EF0F83EE9E45F3FC840F83EA4
:10F4A0009615603FDC90F73E2146603FCBE0F63E8C
:10F4B0008976603F9330F63ECFA6603F3580F53EBB
:10F4C000F2D6603FB1CFF43EF206613F071FF43E33
:10F4D000D036613F386EF33E8A66613F43BDF23EEF
:10F4E0002296613F290CF23E98C5613FEA5AF13EEF
:10F4F000EAF4613F85A9F03E1A24623FFBF7EF3E34
:10F500002653623F4C46EF3E1082623F7994EE3EB6
:10F51000D7B0623F80E2ED3E7BDF623F6330ED3E7D
:10F52000FC0D633F217EEC3E5A3C633FBBCBEB3E80
:10F53000956A633F3019EB3EAC98633F8166EA3EC3
:10F54000A1C6633FAEB3E93E73F4633FB700E93E43
:10F550002122643F9C4DE83EAC4F643F5D9AE73EFC
:10F56000147D643FFBE6E63E59AA643F7533E63EF0
:10F570007BD7643FCB7FE53E7904653FFECBE43E1D
:10F580005431653F0E18E43E0B5E653FFA63E33E7F
:10F59000A08A653FC4AFE23E10B7653F6AFBE13E1B
:10F5A0005EE3653FEE46E13E880F663F4F92E03EE8
:10F5B0008E3B663F8DDDDF3E7167663FA928DF3EEB
:10F5C0003093663FA273DE3ECCBE663F79BEDD3E21
:10F5D00045EA663F2E09DD3E9915673FC153DC3E83
:10F5E000CA40673F319EDB3ED86B673F80E8DA3E1A
:10F5F000C196673FAD32DA3E87C1673FB97CD93EDD
:10F600002AEC673FA3C6D83EA816683F6B10D83EC9
:10F610000341683F135AD73E396B683F99A3D63EE2
:10F620004C95683FFDECD53E3CBF683F4136D53E2A
:10F6300007E9683F647FD43EAE12693F67C8D33E96
:10F64000323C693F4811D33E9165693F095AD23E29
:10F65000CC8E693FAAA2D13EE4B7693F2AEBD03EE7
:10F66000D7E0693F8A33D03EA7096A3FCA7BCF3EC5
:10F6700052326A3FEAC3CE3ED95A6A3FEA0BCE3EC7
:10F680003C836A3FCA53CD3E7BAB6A3F8B9BCC3EEB
:10F6900095D36A3F2CE3CB3E8CFB6A3FAE2ACB3E30
:10F6A0005E236B3F1072CA3E0C4B6B3F53B9C93E91
:10F6B00095726B3F7700C93EFB996B3F7C47C83E14
:10F6C0003BC16B3F628EC73E58E86B3F29D5C63EB3
:10F6D000500F6C3FD21BC63E24366C3F5C62C53E69
:10F6E000D45C6C3FC8A8C43E5E836C3F15EFC33E3C
:10F6F000C5A96C3F4435C33E07D06C3F557BC23E25
:10F7000024F66C3F48C1C13E1D1C6D3F1E07C13E23
:10F71000F2416D3FD54CC03EA1676D3F6F92BF3E39
:10F720002D8D6D3FEBD7BE3E93B26D3F4A1DBE3E61
:10F73000D5D76D3F8B62BD3EF2FC6D3FAFA7BC3E9F
:10F74000EB216E3FB6ECBB3EBE466E3FA031BB3EEA
:10F750006D6B6E3F6E76BA3EF88F6E3F1EBBB93E44
:10F760005DB46E3FB2FFB83E9ED86E3F2A44B83EAD
:10F77000BAFC6E3F8488B73EB0206F3FC3CCB63E24
:10F7800083446F3FE610B63E30686F3FEC54B53EA1
:10F79000B88B6F3FD698B43E1BAF6F3FA5DCB33E2E
:10F7A0005AD26F3F5820B33E73F56F3FEF63B23EBE
:10F7B0006718703F6BA7B13E373B703FCBEAB03E56
:10F7C000E15D703F102EB03E6680703F3A71AF3EF3
:10F7D000C6A2703F49B4AE3E02C5703F3CF7AD3E95
:10F7E00017E7703F153AAD3E0809713FD47CAC3E37
:10F7F000D42A713F77BFAB3E7A4C713F0102AB3EDA
:10F80000FB6D713F6F44AA3E578F713FC486A93E7E
:10F810008EB0713FFEC8A83E9FD1713F1F0BA83E1E
:10F820008CF2713F254DA73E5213723F128FA63EB8
:10F83000F433723FE5D0A53E7054723F9F12A53E4F
:10F84000C774723F3F54A43EF894723FC595A33EDF
:10F8500004B5723F33D7A23EEBD4723F8718A23E65
:10F86000ACF4723FC259A13E4714733FE59AA03EE3
:10F87000BE33733FEEDB9F3E0E53733FDF1C9F3E54
:10F880003972733FB85D9E3E3F91733F789E9D3EB7
:10F890001FB0733F20DF9C3ED9CE733FAF1F9C3E0D
:10F8A0006EED733F27609B3EDD0B743F86A09A3E52
:10F8B000272A743FCEE0993E4B48743FFE20993E84
:10F8C0004966743F1661983E2284743F17A1973EA3
:10F8D000D5A1743F00E1963E62BF743FD220963EB0
:10F8E000C9DC743F8D60953E0BFA743F31A0943EA5
:10F8F0002717753FBFDF933E1D34753F351F933E7D
:10F90000ED50753F945E923E976D753FDD9D913E43
:10F910001C8A753F10DD903E7BA6753F2C1C903EE7
:10F92000B3C2753F325B8F3EC6DE753F229A8E3E74
:10F93000B3FA753FFCD88D3E7A16763FC0178D3EE0
:10F940001B32763F6E568C3E974D763F07958B3E29
:10F95000EC68763F8AD38A3E1B84763FF8118A3E54
:10F96000249F763F5050893E07BA763F938E883E5B
:10F97000C4D4763FC1CC873E5BEF763FDA0A873E40
:10F98000CC09773FDF48863E1724773FCE86853EF9
:10F990003C3E773FAAC4843E3A58773F7002843E8B
:10F9A0001372773F2240833EC58B773FC07D823EF6
:10F9B00051A5773F4ABB813EB7BE773FC0F8803E36
:10F9C000F7D7773F2236803E10F1773FE1E67E3E63
:10F9D000040A783F56617D3ED122783FA4DB7B3E0E
:10F9E000773B783FCB557A3EF853783FCCCF783E83
:10F9F000526C783FA649773E8684783F5AC3753E5D
:10FA0000939C783FE83C743E7BB4783F51B6723E9D
:10FA10003BCC783F942F713ED6E3783FB2A86F3E3F
:10FA20004AFB783FAB216E3E9812793F7F9A6C3E3D
:10FA3000BF29793F2F136B3EC040793FBA8B693E97
:10FA40009A57793F2204683E4E6E793F667C663E47
:10FA5000DC84793F86F4643E439B793F836C633E4C
:10FA600083B1793F5CE4613E9DC7793F135C603EA2
:10FA700091DD793FA8D35E3E5EF3793F1A4B5D3E40
:10FA800004097A3F6AC25B3E841E7A3F97395A3E28
:10FA9000DD337A3FA4B0583E10497A3F8F27573E56
:10FAA0001C5E7A3F589E553E02737A3F0115543EC4
:10FAB000C1877A3F898B523E599C7A3FF101513E72
:10FAC000CBB07A3F38784F3E16C57A3F60EE4D3E58
:10FAD0003AD97A3F67644C3E37ED7A3F4FDA4A3E77
:10FAE0000E017B3F1850493EBE147B3FC2C5473EC6
:10FAF00048287B3F4D3B463EAB3B7B3FB9B0443E45
:10FB0000E74E7B3F0726433EFC617B3F379B413EF0
:10FB1000EA747B3F4910403EB2877B3F3E853E3EC4
:10FB2000539A7B3F15FA3C3ECDAC7B3FCF6E3B3EBC
:10FB300020BF7B3F6CE3393E4DD17B3FEC57383ED5
:10FB400053E37B3F50CC363E31F57B3F9840353E0A
:10FB5000E9067C3FC4B4333E7A187C3FD428323E59
:10FB6000E5297C3FC99C303E283B7C3FA2102F3EBC
:10FB7000444C7C3F61842D3E3A5D7C3F04F82B3E33
:10FB8000086E7C3F8D6B2A3EB07E7C3FFCDE283EBB
:10FB9000318F7C3F5152273E8A9F7C3F8CC5253E4A
:10FBA000BDAF7C3FAD38243EC9BF7C3FB6AB223EE3
:10FBB000AECF7C3FA51E213E6CDF7C3F7B911F3E7C
:10FBC00003EF7C3F38041E3E73FE7C3FDE761C3E16
:10FBD000BC0D7D3F6BE91A3EDD1C7D3FE05B193EAD
:10FBE000D82B7D3F3DCE173EAC3A7D3F8340163E3D
:10FBF00059497D3FB2B2143EDE577D3FCA24133EC1
:10FC00003D667D3FCC96113E74747D3FB708103E33
:10FC100085827D3F8B7A0E3E6E907D3F4AEC0C3E96
:10FC2000309E7D3FF35D0B3ECCAB7D3F86CF093EE2
:10FC300040B97D3F0541083E8CC67D3F6EB2063E11
:10FC4000B2D37D3FC223053EB1E07D3F0295033E26
:10FC500088ED7D3F2E06023E38FA7D3F4577003E17
:10FC6000C2067E3F92D0FD3D24137E3F73B2FA3D23
:10FC70005E1F7E3F2C94F73D722B7E3FC075F43D96
:10FC80005E377E3F2E57F13D23437E3F7638EE3D73
:10FC9000C14E7E3F9A19EB3D385A7E3F9AFAE73DB6
:10FCA00088657E3F76DBE43DB0707E3F2EBCE13D53
:10FCB000B17B7E3FC49CDE3D8B867E3F377DDB3D46
:10FCC0003D917E3F895DD83DC99B7E3FB93DD53D85
:10FCD0002DA67E3FC81DD23D69B07E3FB7FDCE3D0B
:10FCE0007FBA7E3F86DDCB3D6DC47E3F36BDC83DCD
:10FCF00034CE7E3FC69CC53DD4D77E3F397CC23DC5
:10FD00004CE17E3F8D5BBF3D9DEA7E3FC33ABC3DEB
:10FD1000C7F37E3FDD19B93DC9FC7E3FDAF8B53D3A
:10FD2000A4057F3FBBD7B23D580E7F3F80B6AF3DA5
:10FD3000E4167F3F2B95AC3D491F7F3FBA73A93D29
:10FD400087277F3F3052A63D9D2F7F3F8C30A33DBC
:10FD50008D377F3FCF0EA03D543F7F3FF9EC9C3D58
:10FD6000F4467F3F0ACB993D6D4E7F3F05A9963DF6
:10FD7000BF557F3FE786933DE95C7F3FB464903D8C
:10FD8000EC637F3F6A428D3DC76A7F3F0A208A3D10
:10FD90007B717F3F94FD863D08787F3F0ADB833D82
:10FDA0006D7E7F3F6CB8803DAB847F3F742B7B3D85
:10FDB000C28A7F3FE9E5743DB1907F3F38A06E3D38
:10FDC00078967F3F625A683D189C7F3F6814623D79
:10FDD00091A17F3F4CCE5B3DE3A67F3F0E88553D12
:10FDE0000DAC7F3FAF414F3D0FB17F3F2FFB483DF3
:10FDF000EAB57F3F91B4423D9EBA7F3FD56D3C3D11
:10FE00002ABF7F3FFC26363D8FC37F3F07E02F3D53
:10FE1000CCC77F3FF698293DE2CB7F3FCC51233DB5
:10FE2000D1CF7F3F880A1D3D98D37F3F2CC3163D1D
:10FE300037D77F3FB87B103DAFDA7F3F2F340A3D85
:10FE400000DE7F3F90EC033D29E17F3FB949FB3C59
:10FE50002BE47F3F2DBAEE3C05E77F3F7B2AE23C57
:10FE6000B8E97F3FA69AD53C43EC7F3FB00AC93C36
:10FE7000A7EE7F3F9B7ABC3CE3F07F3F69EAAF3C53
:10FE8000F8F27F3F1C5AA33CE6F47F3FB6C9963C8C
:10FE9000ACF67F3F38398A3C4AF87F3F4B517B3C78
:10FEA000C1F97F3F0030623C11FB7F3F900E493C1F
:10FEB00039FC7F3F02ED2F3C39FD7F3F59CB163C8B
:10FEC00013FE7F3F3053FB3BC4FE7F3F890FC93B8E
:10FED0004EFF7F3FC1CB963BB1FF7F3FC70F493BF2
:10FEE000ECFF7F3FD40FC93A0000803F00000000C4
:10FEF000ECFF7F3FD40FC9BAB1FF7F3FC70F49BBAB
:10FF00004EFF7F3FC1CB96BBC4FE7F3F890FC9BB6D
:10FF100013FE7F3F3053FBBB39FD7F3F59CB16BCEF
:10FF200039FC7F3F02ED2FBC11FB7F3F900E49BC97
:10FF3000C1F97F3F003062BC4AF87F3F4B517BBC28
:10FF4000ACF67F3F38398ABCE6F47F3FB6C996BC31
:10FF5000F8F27F3F1C5AA3BCE3F07F3F69EAAFBCD5
:10FF6000A7EE7F3F9B7ABCBC43EC7F3FB00AC9BC85
:10FF7000B8E97F3FA69AD5BC05E77F3F7B2AE2BC64
:10FF80002BE47F3F2DBAEEBC29E17F3FB949FBBC92
:10FF900000DE7F3F90EC03BDAFDA7F3F2F340ABD18
:10FFA00037D77F3FB87B10BD98D37F3F2CC316BD9A
:10FFB000D1CF7F3F880A1DBDE2CB7F3FCC5123BD0F
:10FFC000CCC77F3FF69829BD8FC37F3F07E02FBD89
:10FFD0002ABF7F3FFC2636BD9EBA7F3FD56D3CBD14
:10FFE000EAB57F3F91B442BD0FB17F3F2FFB48BDC3
:10FFF0000DAC7F3FAF414FBDE3A67F3F0E8855BD9F
:020000025000AC
:1000000091A17F3F4CCE5BBD189C7F3F681462BDC1
:1000100078967F3F625A68BDB1907F3F38A06EBD31
:10002000C28A7F3FE9E574BDAB847F3F742B7BBD03
:100030006D7E7F3F6CB880BD08787F3F0ADB83BD53
:100040007B717F3F94FD86BDC76A7F3F0A208ABDD2
:10005000EC637F3F6A428DBDE95C7F3FB46490BD35
:10006000BF557F3FE78693BD6D4E7F3F05A996BD87
:10007000F4467F3F0ACB99BD543F7F3FF9EC9CBDCE
:100080008D377F3FCF0EA0BD9D2F7F3F8C30A3BD0E
:1000900087277F3F3052A6BD491F7F3FBA73A9BD56
:1000A000E4167F3F2B95ACBD580E7F3F80B6AFBDA9
:1000B000A4057F3FBBD7B2BDC9FC7E3FDAF8B5BD12
:1000C000C7F37E3FDD19B9BD9DEA7E3FC33ABCBD93
:1000D0004CE17E3F8D5BBFBDD4D77E3F397CC2BD36
:1000E00034CE7E3FC69CC5BD6DC47E3F36BDC8BD07
:1000F0007FBA7E3F86DDCBBD69B07E3FB7FDCEBD0A
:100100002DA67E3FC81DD2BDC99B7E3FB93DD5BD42
:100110003D917E3F895DD8BD8B867E3F377DDBBDBF
:10012000B17B7E3FC49CDEBDB0707E3F2EBCE1BD86
:1001300088657E3F76DBE4BD385A7E3F9AFAE7BD9C
:10014000C14E7E3F9A19EBBD23437E3F7638EEBD0C
:100150005E377E3F2E57F1BD722B7E3FC075F4BDDA
:100160005E1F7E3F2C94F7BD24137E3F73B2FABD11
:10017000C2067E3F92D0FDBD38FA7D3F457700BE76
:1001800088ED7D3F2E0602BEB1E07D3F029503BEA5
:10019000B2D37D3FC22305BE8CC67D3F6EB206BE84
:1001A00040B97D3F054108BECCAB7D3F86CF09BE3F
:1001B000309E7D3FF35D0BBE6E907D3F4AEC0CBEE2
:1001C00085827D3F8B7A0EBE74747D3FB70810BE6A
:1001D0003D667D3FCC9611BEDE577D3FCA2413BEDF
:1001E00059497D3FB2B214BEAC3A7D3F834016BE42
:1001F000D82B7D3F3DCE17BEDD1C7D3FE05B19BE99
:10020000BC0D7D3F6BE91ABE73FE7C3FDE761CBEE3
:1002100003EF7C3F38041EBE6CDF7C3F7B911FBE2A
:10022000AECF7C3FA51E21BEC9BF7C3FB6AB22BE70
:10023000BDAF7C3FAD3824BE8A9F7C3F8CC525BEB8
:10024000318F7C3F515227BEB07E7C3FFCDE28BE02
:10025000086E7C3F8D6B2ABE3A5D7C3F04F82BBE56
:10026000444C7C3F61842DBE283B7C3FA2102FBEB6
:10027000E5297C3FC99C30BE7A187C3FD42832BE29
:10028000E9067C3FC4B433BE31F57B3F984035BEB0
:1002900053E37B3F50CC36BE4DD17B3FEC5738BE4D
:1002A00020BF7B3F6CE339BECDAC7B3FCF6E3BBE06
:1002B000539A7B3F15FA3CBEB2877B3F3E853EBEDC
:1002C000EA747B3F491040BEFC617B3F379B41BED7
:1002D000E74E7B3F072643BEAB3B7B3FB9B044BEF6
:1002E00048287B3F4D3B46BEBE147B3FC2C547BE40
:1002F0000E017B3F185049BE37ED7A3F4FDA4ABEB8
:100300003AD97A3F67644CBE16C57A3F60EE4DBE5F
:10031000CBB07A3F38784FBE599C7A3FF10151BE3D
:10032000C1877A3F898B52BE02737A3F011554BE52
:100330001C5E7A3F589E55BE10497A3F8F2757BEA4
:10034000DD337A3FA4B058BE841E7A3F97395ABE37
:1003500004097A3F6AC25BBE5EF3793F1A4B5DBE09
:1003600091DD793FA8D35EBE9DC7793F135C60BE27
:1003700083B1793F5CE461BE439B793F836C63BE8C
:10038000DC84793F86F464BE4E6E793F667C66BE3F
:100390009A57793F220468BEC040793FBA8B69BE44
:1003A000BF29793F2F136BBE9812793F7F9A6CBE9D
:1003B0004AFB783FAB216EBED6E3783FB2A86FBE52
:1003C0003BCC783F942F71BE7BB4783F51B672BE60
:1003D000939C783FE83C74BE8684783F5AC375BED0
:1003E000526C783FA64977BEF853783FCCCF78BEA1
:1003F000773B783FCB557ABED122783FA4DB7BBEDA
:10040000040A783F56617DBE10F1773FE1E67EBE7B
:10041000F7D7773F223680BEB7BE773FC0F880BEA1
:1004200051A5773F4ABB81BEC58B773FC07D82BE59
:100430001372773F224083BE3A58773F700284BEE2
:100440003C3E773FAAC484BE1724773FCE8685BE44
:10045000CC09773FDF4886BE5BEF763FDA0A87BE7E
:10046000C4D4763FC1CC87BE07BA763F938E88BE90
:10047000249F763F505089BE1B84763FF8118ABE78
:10048000EC68763F8AD38ABE974D763F07958BBE40
:100490001B32763F6E568CBE7A16763FC0178DBEE5
:1004A000B3FA753FFCD88DBEC6DE753F229A8EBE6C
:1004B000B3C2753F325B8FBE7BA6753F2C1C90BECE
:1004C0001C8A753F10DD90BE976D753FDD9D91BE16
:1004D000ED50753F945E92BE1D34753F351F93BE3F
:1004E0002717753FBFDF93BE0BFA743F31A094BE50
:1004F000C9DC743F8D6095BE62BF743FD22096BE4A
:10050000D5A1743F00E196BE2284743F17A197BE27
:100510004966743F166198BE4B48743FFE2099BEF1
:10052000272A743FCEE099BEDD0B743F86A09ABEA9
:100530006EED733F27609BBED9CE733FAF1F9CBE4D
:100540001FB0733F20DF9CBE3F91733F789E9DBEDE
:100550003972733FB85D9EBE0E53733FDF1C9FBE62
:10056000BE33733FEEDB9FBE4714733FE59AA0BED8
:10057000ACF4723FC259A1BEEBD4723F8718A2BE41
:1005800004B5723F33D7A2BEF894723FC595A3BE9F
:10059000C774723F3F54A4BE7054723F9F12A5BEF1
:1005A000F433723FE5D0A5BE5213723F128FA6BE40
:1005B0008CF2713F254DA7BE9FD1713F1F0BA8BE86
:1005C0008EB0713FFEC8A8BE578F713FC486A9BECA
:1005D000FB6D713F6F44AABE7A4C713F0102ABBE06
:1005E000D42A713F77BFABBE0809713FD47CACBE43
:1005F00017E7703F153AADBE02C5703F3CF7ADBE80
:10060000C6A2703F49B4AEBE6680703F3A71AFBEBD
:10061000E15D703F102EB0BE373B703FCBEAB0BEFD
:100620006718703F6BA7B1BE73F56F3FEF63B2BE43
:100630005AD26F3F5820B3BE1BAF6F3FA5DCB3BE8D
:10064000B88B6F3FD698B4BE30686F3FEC54B5BEE0
:1006500083446F3FE610B6BEB0206F3FC3CCB6BE3A
:10066000BAFC6E3F8488B7BE9ED86E3F2A44B8BE9F
:100670005DB46E3FB2FFB8BEF88F6E3F1EBBB9BE11
:100680006D6B6E3F6E76BABEBE466E3FA031BBBE8E
:10069000EB216E3FB6ECBBBEF2FC6D3FAFA7BCBE1C
:1006A000D5D76D3F8B62BDBE93B26D3F4A1DBEBEB6
:1006B0002D8D6D3FEBD7BEBEA1676D3F6F92BFBE64
:1006C000F2416D3FD54CC0BE1D1C6D3F1E07C1BE23
:1006D00024F66C3F48C1C1BE07D06C3F557BC2BEFB
:1006E000C5A96C3F4435C3BE5E836C3F15EFC3BEE6
:1006F000D45C6C3FC8A8C4BE24366C3F5C62C5BEE7
:10070000500F6C3FD21BC6BE58E86B3F29D5C6BE02
:100710003BC16B3F628EC7BEFB996B3F7C47C8BE37
:1007200095726B3F7700C9BE0C4B6B3F53B9C9BE86
:100730005E236B3F1072CABE8CFB6A3FAE2ACBBEF3
:1007400095D36A3F2CE3CBBE7BAB6A3F8B9BCCBE81
:100750003C836A3FCA53CDBED95A6A3FEA0BCEBE2C
:1007600052326A3FEAC3CEBEA7096A3FCA7BCFBEF8
:10077000D7E0693F8A33D0BEE4B7693F2AEBD0BEE9
:10078000CC8E693FAAA2D1BE9165693F095AD2BEFB
:10079000323C693F4811D3BEAE12693F67C8D3BE31
:1007A00007E9683F647FD4BE3CBF683F4136D5BE91
:1007B0004C95683FFDECD5BE396B683F99A3D6BE1A
:1007C0000341683F135AD7BEA816683F6B10D8BEC6
:1007D0002AEC673FA3C6D8BE87C1673FB97CD9BEA4
:1007E000C196673FAD32DABED86B673F80E8DABEAC
:1007F000CA40673F319EDBBE9915673FC153DCBEDF
:1008000045EA663F2E09DDBECCBE663F79BEDDBE41
:100810003093663FA273DEBE7167663FA928DFBED4
:100820008E3B663F8DDDDFBE880F663F4F92E0BE98
:100830005EE3653FEE46E1BE10B7653F6AFBE1BE91
:10084000A08A653FC4AFE2BE0B5E653FFA63E3BEBC
:100850005431653F0E18E4BE7904653FFECBE4BE1B
:100860007BD7643FCB7FE5BE59AA643F7533E6BEB4
:10087000147D643FFBE6E6BEAC4F643F5D9AE7BE85
:100880002122643F9C4DE8BE73F4633FB700E9BE8C
:10089000A1C6633FAEB3E9BEAC98633F8166EABED2
:1008A000956A633F3019EBBE5A3C633FBBCBEBBE4E
:1008B000FC0D633F217EECBE7BDF623F6330EDBE0B
:1008C000D7B0623F80E2EDBE1082623F7994EEBE07
:1008D0002653623F4C46EFBE1A24623FFBF7EFBE41
:1008E000EAF4613F85A9F0BE98C5613FEA5AF1BEBE
:1008F0002296613F290CF2BE8A66613F43BDF2BE7B
:10090000D036613F386EF3BEF206613F071FF4BE7A
:10091000F2D6603FB1CFF4BECFA6603F3580F5BEC2
:100920008976603F9330F6BE2146603FCBE0F6BE4D
:100930009615603FDC90F7BEE9E45F3FC840F8BE23
:1009400019B45F3F8EF0F8BE27835F3F2DA0F9BE3C
:1009500012525F3FA54FFABEDB205F3FF7FEFABEA3
:1009600081EF5E3F22AEFBBE05BE5E3F275DFCBE53
:10097000678C5E3F040CFDBEA65A5E3FBBBAFDBE4F
:10098000C3285E3F4A69FEBEBEF65D3FB217FFBE9A
:1009900097C45D3FF3C5FFBE4D925D3F063A00BF71
:1009A000E15F5D3FFF9000BF532D5D3FE4E700BF77
:1009B000A3FA5C3FB53E01BFD1C75C3F739501BF51
:1009C000DD945C3F1CEC01BFC7615C3FB14202BFDC
:1009D0008E2E5C3F329902BF34FB5B3F9FEF02BF1C
:1009E000B8C75B3FF84503BF1A945B3F3D9C03BF0C
:1009F0005A605B3F6DF203BF792C5B3F894804BFAF
:100A000075F85A3F919E04BF50C45A3F84F404BF06
:100A100009905A3F624A05BFA05B5A3F2CA005BF10
:100A200016275A3FE2F505BF6AF2593F824B06BFCF
:100A30009CBD593F0EA106BFAD88593F86F606BF43
:100A40009C53593FE84B07BF6A1E593F36A107BF69
:100A500017E9583F6FF607BFA1B3583F924B08BF45
:100A60000B7E583FA1A008BF5348583F9BF508BFD5
:100A70007912583F7F4A09BF7FDC573F4E9F09BF1D
:100A800063A6573F09F409BF2670573FAD480ABF18
:100A9000C739573F3D9D0ABF4803573FB7F10ABFCB
:100AA000A7CC563F1C460BBFE595563F6B9A0BBF34
:100AB000025F563FA5EE0BBFFE27563FC9420CBF53
:100AC000D9F0553FD7960CBF93B9553FD0EA0CBF2C
:100AD0002C82553FB33E0DBFA44A553F81920DBFB6
:100AE000FB12553F38E60DBF31DB543FDA390EBFFC
:100AF00047A3543F658D0EBF3B6B543FDBE00EBFF9
:100B00000F33543F3B340FBFC3FA533F84870FBFAB
:100B100055C2533FB8DA0FBFC789533FD52D10BF19
:100B20001851533FDC8010BF4918533FCDD310BF3D
:100B300059DF523FA72611BF49A6523F6B7911BF1B
:100B4000186D523F19CC11BFC633523FB01E12BFB1
:100B500054FA513F307112BFC2C0513F9AC312BF05
:100B60001087513FEE1513BF3D4D513F2A6813BF0B
:100B70004A13513F50BA13BF37D9503F5F0C14BFCF
:100B8000039F503F585E14BFAF64503F39B014BF4D
:100B90003B2A503F040215BFA8EF4F3FB75315BF84
:100BA000F4B44F3F54A515BF1F7A4F3FD9F615BF78
:100BB0002B3F4F3F474816BF17044F3F9F9916BF23
:100BC000E4C84E3FDFEA16BF908D4E3F073C17BF8B
:100BD0001C524E3F188D17BF89164E3F12DE17BFAD
:100BE000D5DA4D3FF52E18BF029F4D3FC07F18BF8D
:100BF00010634D3F73D018BFFD264D3F0F2119BF25
:100C0000CBEA4C3F947119BF79AE4C3F00C219BF7B
:100C100008724C3F55121ABF78354C3F93621ABF89
:100C2000C7F84B3FB8B21ABFF8BB4B3FC6021BBF59
:100C3000097F4B3FBB521BBFFA414B3F99A21BBFE1
:100C4000CC044B3F5FF21BBF7FC74A3F0C421CBF27
:100C5000138A4A3FA2911CBF874C4A3F1FE11CBF29
:100C6000DC0E4A3F84301DBF12D1493FD17F1DBFEA
:100C70002993493F06CF1DBF2155493F221E1EBF64
:100C8000FA16493F266D1EBFB3D8483F12BC1EBF9F
:100C90004E9A483FE50A1FBFCA5B483F9F591FBF96
:100CA000271D483F41A81FBF65DE473FCBF61FBF4A
:100CB000849F473F3B4520BF8560473F939320BFBC
:100CC0006721473FD2E120BF2AE2463FF92F21BFEB
:100CD000CEA2463F067E21BF5463463FFBCB21BFD9
:100CE000BB23463FD71922BF03E4453F996722BF84
:100CF0002DA4453F43B522BF3964453FD30223BFEE
:100D00002624453F4B5023BFF5E3443FA99D23BF15
:100D1000A5A3443FEEEA23BF3763443F1A3824BFFC
:100D2000AB22443F2C8524BF00E2433F25D224BFA1
:100D300038A1433F041F25BF5160433FCB6B25BF04
:100D40004C1F433F77B825BF29DE423F0A0526BF27
:100D5000E89C423F845126BF895B423FE39D26BF0A
:100D60000B1A423F2AEA26BF70D8413F563627BFAA
:100D7000B796413F688227BFE154413F61CE27BF0C
:100D8000EC12413F401A28BFDAD0403F056628BF29
:100D9000A98E403FB0B128BF5C4C403F41FD28BF09
:100DA000F009403FB84829BF67C73F3F159429BFA6
:100DB000C0843F3F57DF29BFFC413F3F802A2ABF05
:100DC0001BFF3E3F8E752ABF1BBC3E3F82C02ABF21
:100DD000FF783E3F5B0B2BBFC5353E3F1B562BBFFD
:100DE0006EF23D3FBFA02BBFF9AE3D3F4AEB2BBF9C
:100DF000676B3D3FB9352CBFB8273D3F0F802CBFF7
:100E0000ECE33C3F49CA2CBF03A03C3F69142DBF13
:100E1000FC5B3C3F6F5E2DBFD9173C3F59A82DBFEF
:100E200098D33B3F29F22DBF3B8F3B3FDE3B2EBF8C
:100E3000C14A3B3F78852EBF29063B3FF7CE2EBFE8
:100E400075C13A3F5B182FBFA47C3A3FA5612FBF05
:100E5000B7373A3FD3AA2FBFACF2393FE6F32FBFE3
:100E600085AD393FDE3C30BF4268393FBB8530BF7E
:100E7000E122393F7CCE30BF65DD383F221731BFDC
:100E8000CB97383FAD5F31BF1652383F1DA831BFF9
:100E9000430C383F71F031BF55C6373FAA3832BFD7
:100EA0004A80373FC78032BF233A373FC9C832BF75
:100EB000DFF3363FAF1033BF7FAD363F7A5833BFD5
:100EC0000467363F29A033BF6C20363FBCE733BFF1
:100ED000B8D9353F342F34BFE792353F8F7634BFD2
:100EE000FB4B353FCFBD34BFF304353FF30435BF73
:100EF000CFBD343FFB4B35BF8F76343FE79235BFD4
:100F0000342F343FB8D935BFBCE7333F6C2036BFF0
:100F100029A0333F046736BF7A58333F7FAD36BFD1
:100F2000AF10333FDFF336BFC9C8323F233A37BF74
:100F3000C780323F4A8037BFAA38323F55C637BFD5
:100F400071F0313F430C38BF1DA8313F165238BFF6
:100F5000AD5F313FCB9738BF2217313F65DD38BFDA
:100F60007CCE303FE12239BFBB85303F426839BF7C
:100F7000DE3C303F85AD39BFE6F32F3FACF239BFE1
:100F8000D3AA2F3FB7373ABFA5612F3FA47C3ABF02
:100F90005B182F3F75C13ABFF7CE2E3F29063BBFE6
:100FA00078852E3FC14A3BBFDE3B2E3F3B8F3BBF88
:100FB00029F22D3F98D33BBF59A82D3FD9173CBFED
:100FC0006F5E2D3FFC5B3CBF69142D3F03A03CBF0F
:100FD00049CA2C3FECE33CBF0F802C3FB8273DBFF4
:100FE000B9352C3F676B3DBF4AEB2B3FF9AE3DBF98
:100FF000BFA02B3F6EF23DBF1B562B3FC5353EBFFA
:101000005B0B2B3FFF783EBF82C02A3F1BBC3EBF1D
:101010008E752A3F1BFF3EBF802A2A3FFC413FBFFF
:1010200057DF293FC0843FBF1594293F67C73FBFA3
:10103000B848293FF00940BF41FD283F5C4C40BF04
:10104000B0B1283FA98E40BF0566283FDAD040BF27
:10105000401A283FEC1241BF61CE273FE15441BF07
:101060006882273FB79641BF5636273F70D841BFA9
:101070002AEA263F0B1A42BFE39D263F895B42BF07
:101080008451263FE89C42BF0A05263F29DE42BF25
:1010900077B8253F4C1F43BFCB6B253F516043BF03
:1010A000041F253F38A143BF25D2243F00E243BFA0
:1010B0002C85243FAB2244BF1A38243F376344BFFA
:1010C000EEEA233FA5A344BFA99D233FF5E344BF18
:1010D0004B50233F262445BFD302233F396445BFED
:1010E00043B5223F2DA445BF9967223F03E445BF86
:1010F000D719223FBB2346BFFBCB213F546346BFDA
:10110000067E213FCEA246BFF92F213F2AE246BFED
:10111000D2E1203F672147BF9393203F856047BFBF
:101120003B45203F849F47BFCBF61F3F65DE47BF4F
:1011300041A81F3F271D48BF9F591F3FCA5B48BF9B
:10114000E50A1F3F4E9A48BF12BC1E3FB3D848BFA6
:10115000266D1E3FFA1649BF221E1E3F215549BF6C
:1011600006CF1D3F299349BFD17F1D3F12D149BFF3
:1011700084301D3FDC0E4ABF1FE11C3F874C4ABF35
:10118000A2911C3F138A4ABF0C421C3F7FC74ABF33
:101190005FF21B3FCC044BBF99A21B3FFA414BBFF0
:1011A000BB521B3F097F4BBFC6021B3FF8BB4BBF67
:1011B000B8B21A3FC7F84BBF93621A3F78354CBF9D
:1011C00055121A3F08724CBF00C2193F79AE4CBF8E
:1011D0009471193FCBEA4CBF0F21193FFD264DBF3B
:1011E00073D0183F10634DBFC07F183F029F4DBFA3
:1011F000F52E183FD5DA4DBF12DE173F89164EBFC8
:10120000188D173F1C524EBF073C173F908D4EBFA5
:10121000DFEA163FE4C84EBF9F99163F17044FBF41
:101220004748163F2B3F4FBFD9F6153F1F7A4FBF98
:1012300054A5153FF4B44FBFB753153FA8EF4FBFA8
:101240000402153F3B2A50BF39B0143FAF6450BF72
:10125000585E143F039F50BF5F0C143F37D950BFF7
:1012600050BA133F4A1351BF2A68133F3D4D51BF37
:10127000EE15133F108751BF9AC3123FC2C051BF32
:101280003071123F54FA51BFB01E123FC63352BFE5
:1012900019CC113F186D52BF6B79113F49A652BF4F
:1012A000A726113F59DF52BFCDD3103F491853BF76
:1012B000DC80103F185153BFD52D103FC78953BF55
:1012C000B8DA0F3F55C253BF84870F3FC3FA53BFED
:1012D0003B340F3F0F3354BFDBE00E3F3B6B54BF3B
:1012E000658D0E3F47A354BFDA390E3F31DB54BF43
:1012F00038E60D3FFB1255BF81920D3FA44A55BF02
:10130000B33E0D3F2C8255BFD0EA0C3F93B955BF79
:10131000D7960C3FD9F055BFC9420C3FFE2756BFA8
:10132000A5EE0B3F025F56BF6B9A0B3FE59556BF8C
:101330001C460B3FA7CC56BFB7F10A3F480357BF27
:101340003D9D0A3FC73957BFAD480A3F267057BF7A
:1013500009F4093F63A657BF4E9F093F7FDC57BF83
:101360007F4A093F791258BF9BF5083F534858BF41
:10137000A1A0083F0B7E58BF924B083FA1B358BFB6
:101380006FF6073F17E958BF36A1073F6A1E59BFDE
:10139000E84B073F9C5359BF86F6063FAD8859BFBF
:1013A0000EA1063F9CBD59BF824B063F6AF259BF52
:1013B000E2F5053F16275ABF2CA0053FA05B5ABF98
:1013C000624A053F09905ABF84F4043F50C45ABF93
:1013D000919E043F75F85ABF8948043F792C5BBF42
:1013E0006DF2033F5A605BBF3D9C033F1A945BBFA5
:1013F000F845033FB8C75BBF9FEF023F34FB5BBFBD
:101400003299023F8E2E5CBFB142023FC7615CBF82
:101410001CEC013FDD945CBF7395013FD1C75CBFFD
:10142000B53E013FA3FA5CBFE4E7003F532D5DBF2B
:10143000FF90003FE15F5DBF063A003F4D925DBF08
:10144000F3C5FF3E97C45DBFB217FF3EBEF65DBF5A
:101450004A69FE3EC3285EBFBBBAFD3EA65A5EBFC8
:10146000040CFD3E678C5EBF275DFC3E05BE5EBF83
:1014700022AEFB3E81EF5EBFF7FEFA3EDB205FBF90
:10148000A54FFA3E12525FBF2DA0F93E27835FBFE2
:101490008EF0F83E19B45FBFC840F83EE9E45FBF84
:1014A000DC90F73E961560BFCBE0F63E214660BF6C
:1014B0009330F63E897660BF3580F53ECFA660BF9B
:1014C000B1CFF43EF2D660BF071FF43EF20661BF13
:1014D000386EF33ED03661BF43BDF23E8A6661BFCF
:1014E000290CF23E229661BFEA5AF13E98C561BFCF
:1014F00085A9F03EEAF461BFFBF7EF3E1A2462BF14
:101500004C46EF3E265362BF7994EE3E108262BF96
:1015100080E2ED3ED7B062BF6330ED3E7BDF62BF5D
:10152000217EEC3EFC0D63BFBBCBEB3E5A3C63BF60
:101530003019EB3E956A63BF8166EA3EAC9863BFA3
:10154000AEB3E93EA1C663BFB700E93E73F463BF23
:101550009C4DE83E212264BF5D9AE73EAC4F64BFDC
:10156000FBE6E63E147D64BF7533E63E59AA64BFD0
:10157000CB7FE53E7BD764BFFECBE43E790465BFFD
:101580000E18E43E543165BFFA63E33E0B5E65BF5F
:10159000C4AFE23EA08A65BF6AFBE13E10B765BFFB
:1015A000EE46E13E5EE365BF4F92E03E880F66BFC8
:1015B0008DDDDF3E8E3B66BFA928DF3E716766BFCB
:1015C000A273DE3E309366BF79BEDD3ECCBE66BF01
:1015D0002E09DD3E45EA66BFC153DC3E991567BF63
:1015E000319EDB3ECA4067BF80E8DA3ED86B67BFFA
:1015F000AD32DA3EC19667BFB97CD93E87C167BFBD
:10160000A3C6D83E2AEC67BF6B10D83EA81668BFA9
:10161000135AD73E034168BF99A3D63E396B68BFC2
:10162000FDECD53E4C9568BF4136D53E3CBF68BF0A
:10163000647FD43E07E968BF67C8D33EAE1269BF76
:101640004811D33E323C69BF095AD23E916569BF09
:10165000AAA2D13ECC8E69BF2AEBD03EE4B769BFC7
:101660008A33D03ED7E069BFCA7BCF3EA7096ABFA5
:10167000EAC3CE3E52326ABFEA0BCE3ED95A6ABFA7
:10168000CA53CD3E3C836ABF8B9BCC3E7BAB6ABFCB
:101690002CE3CB3E95D36ABFAE2ACB3E8CFB6ABF10
:1016A0001072CA3E5E236BBF53B9C93E0C4B6BBF71
:1016B0007700C93E95726BBF7C47C83EFB996BBFF4
:1016C000628EC73E3BC16BBF29D5C63E58E86BBF93
:1016D000D21BC63E500F6CBF5C62C53E24366CBF49
:1016E000C8A8C43ED45C6CBF15EFC33E5E836CBF1C
:1016F0004435C33EC5A96CBF557BC23E07D06CBF05
:1017000048C1C13E24F66CBF1E07C13E1D1C6DBF03
:10171000D54CC03EF2416DBF6F92BF3EA1676DBF19
:10172000EBD7BE3E2D8D6DBF4A1DBE3E93B26DBF41
:101730008B62BD3ED5D76DBFAFA7BC3EF2FC6DBF7F
:10174000B6ECBB3EEB216EBFA031BB3EBE466EBFCA
:101750006E76BA3E6D6B6EBF1EBBB93EF88F6EBF24
:10176000B2FFB83E5DB46EBF2A44B83E9ED86EBF8D
:101770008488B73EBAFC6EBFC3CCB63EB0206FBF04
:10178000E610B63E83446FBFEC54B53E30686FBF81
:10179000D698B43EB88B6FBFA5DCB33E1BAF6FBF0E
:1017A0005820B33E5AD26FBFEF63B23E73F56FBF9E
:1017B0006BA7B13E671870BFCBEAB03E373B70BF36
:1017C000102EB03EE15D70BF3A71AF3E668070BFD3
:1017D00049B4AE3EC6A270BF3CF7AD3E02C570BF75
:1017E000153AAD3E17E770BFD47CAC3E080971BF17
:1017F00077BFAB3ED42A71BF0102AB3E7A4C71BFBA
:101800006F44AA3EFB6D71BFC486A93E578F71BF5E
:10181000FEC8A83E8EB071BF1F0BA83E9FD171BFFE
:10182000254DA73E8CF271BF128FA63E521372BF98
:10183000E5D0A53EF43372BF9F12A53E705472BF2F
:101840003F54A43EC77472BFC595A33EF89472BFBF
:1018500033D7A23E04B572BF8718A23EEBD472BF45
:10186000C259A13EACF472BFE59AA03E471473BFC3
:10187000EEDB9F3EBE3373BFDF1C9F3E0E5373BF34
:10188000B85D9E3E397273BF789E9D3E3F9173BF97
:1018900020DF9C3E1FB073BFAF1F9C3ED9CE73BFED
:1018A00027609B3E6EED73BF86A09A3EDD0B74BF32
:1018B000CEE0993E272A74BFFE20993E4B4874BF64
:1018C0001661983E496674BF17A1973E228474BF83
:1018D00000E1963ED5A174BFD220963E62BF74BF90
:1018E0008D60953EC9DC74BF31A0943E0BFA74BF85
:1018F000BFDF933E271775BF351F933E1D3475BF5D
:10190000945E923EED5075BFDD9D913E976D75BF23
:1019100010DD903E1C8A75BF2C1C903E7BA675BFC7
:10192000325B8F3EB3C275BF229A8E3EC6DE75BF54
:10193000FCD88D3EB3FA75BFC0178D3E7A1676BFC0
:101940006E568C3E1B3276BF07958B3E974D76BF09
:101950008AD38A3EEC6876BFF8118A3E1B8476BF34
:101960005050893E249F76BF938E883E07BA76BF3B
:10197000C1CC873EC4D476BFDA0A873E5BEF76BF20
:10198000DF48863ECC0977BFCE86853E172477BFD9
:10199000AAC4843E3C3E77BF7002843E3A5877BF6B
:1019A0002240833E137277BFC07D823EC58B77BFD6
:1019B0004ABB813E51A577BFC0F8803EB7BE77BF16
:1019C0002236803EF7D777BFE1E67E3E10F177BF43
:1019D00056617D3E040A78BFA4DB7B3ED12278BFEE
:1019E000CB557A3E773B78BFCCCF783EF85378BF63
:1019F000A649773E526C78BF5AC3753E868478BF3D
:101A0000E83C743E939C78BF51B6723E7BB478BF7D
:101A1000942F713E3BCC78BFB2A86F3ED6E378BF1F
:101A2000AB216E3E4AFB78BF7F9A6C3E981279BF1D
:101A30002F136B3EBF2979BFBA8B693EC04079BF77
:101A40002204683E9A5779BF667C663E4E6E79BF27
:101A500086F4643EDC8479BF836C633E439B79BF2C
:101A60005CE4613E83B179BF135C603E9DC779BF82
:101A7000A8D35E3E91DD79BF1A4B5D3E5EF379BF20
:101A80006AC25B3E04097ABF97395A3E841E7ABF08
:101A9000A4B0583EDD337ABF8F27573E10497ABF36
:101AA000589E553E1C5E7ABF0115543E02737ABFA4
:101AB000898B523EC1877ABFF101513E599C7ABF52
:101AC00038784F3ECBB07ABF60EE4D3E16C57ABF38
:101AD00067644C3E3AD97ABF4FDA4A3E37ED7ABF57
:101AE0001850493E0E017BBFC2C5473EBE147BBFA6
:101AF0004D3B463E48287BBFB9B0443EAB3B7BBF25
:101B00000726433EE74E7BBF379B413EFC617BBFD0
:101B10004910403EEA747BBF3E853E3EB2877BBFA4
:101B200015FA3C3E539A7BBFCF6E3B3ECDAC7BBF9C
:101B30006CE3393E20BF7BBFEC57383E4DD17BBFB5
:101B400050CC363E53E37BBF9840353E31F57BBFEA
:101B5000C4B4333EE9067CBFD428323E7A187CBF39
:101B6000C99C303EE5297CBFA2102F3E283B7CBF9C
:101B700061842D3E444C7CBF04F82B3E3A5D7CBF13
:101B80008D6B2A3E086E7CBFFCDE283EB07E7CBF9B
:101B90005152273E318F7CBF8CC5253E8A9F7CBF2A
:101BA000AD38243EBDAF7CBFB6AB223EC9BF7CBFC3
:101BB000A51E213EAECF7CBF7B911F3E6CDF7CBF5C
:101BC00038041E3E03EF7CBFDE761C3E73FE7CBFF6
:101BD0006BE91A3EBC0D7DBFE05B193EDD1C7DBF8D
:101BE0003DCE173ED82B7DBF8340163EAC3A7DBF1D
:101BF000B2B2143E59497DBFCA24133EDE577DBFA1
:101C0000CC96113E3D667DBFB708103E74747DBF13
:101C10008B7A0E3E85827DBF4AEC0C3E6E907DBF76
:101C2000F35D0B3E309E7DBF86CF093ECCAB7DBFC2
:101C30000541083E40B97DBF6EB2063E8CC67DBFF1
:101C4000C223053EB2D37DBF0295033EB1E07DBF06
:101C50002E06023E88ED7DBF4577003E38FA7DBFF7
:101C600092D0FD3DC2067EBF73B2FA3D24137EBF03
:101C70002C94F73D5E1F7EBFC075F43D722B7EBF76
:101C80002E57F13D5E377EBF7638EE3D23437EBF53
:101C90009A19EB3DC14E7EBF9AFAE73D385A7EBF96
:101CA00076DBE43D88657EBF2EBCE13DB0707EBF33
:101CB000C49CDE3DB17B7EBF377DDB3D8B867EBF26
:101CC000895DD83D3D917EBFB93DD53DC99B7EBF65
:101CD000C81DD23D2DA67EBFB7FDCE3D69B07EBFEB
:101CE00086DDCB3D7FBA7EBF36BDC83D6DC47EBFAD
:101CF000C69CC53D34CE7EBF397CC23DD4D77EBFA5
:101D00008D5BBF3D4CE17EBFC33ABC3D9DEA7EBFCB
:101D1000DD19B93DC7F37EBFDAF8B53DC9FC7EBF1A
:101D2000BBD7B23DA4057FBF80B6AF3D580E7FBF85
:101D30002B95AC3DE4167FBFBA73A93D491F7FBF09
:101D40003052A63D87277FBF8C30A33D9D2F7FBF9C
:101D5000CF0EA03D8D377FBFF9EC9C3D543F7FBF38
:101D60000ACB993DF4467FBF05A9963D6D4E7FBFD6
:101D7000E786933DBF557FBFB464903DE95C7FBF6C
:101D80006A428D3DEC637FBF0A208A3DC76A7FBFF0
:101D900094FD863D7B717FBF0ADB833D08787FBF62
:101DA0006CB8803D6D7E7FBF742B7B3DAB847FBF65
:101DB000E9E5743DC28A7FBF38A06E3DB1907FBF18
:101DC000625A683D78967FBF6814623D189C7FBF59
:101DD0004CCE5B3D91A17FBF0E88553DE3A67FBFF2
:101DE000AF414F3D0DAC7FBF2FFB483D0FB17FBFD3
:101DF00091B4423DEAB57FBFD56D3C3D9EBA7FBFF1
:101E0000FC26363D2ABF7FBF07E02F3D8FC37FBF33
:101E1000F698293DCCC77FBFCC51233DE2CB7FBF95
:101E2000880A1D3DD1CF7FBF2CC3163D98D37FBFFD
:101E3000B87B103D37D77FBF2F340A3DAFDA7FBF65
:101E400090EC033D00DE7FBFB949FB3C29E17FBF39
:101E50002DBAEE3C2BE47FBF7B2AE23C05E77FBF37
:101E6000A69AD53CB8E97FBFB00AC93C43EC7FBF16
:101E70009B7ABC3CA7EE7FBF69EAAF3CE3F07FBF33
:101E80001C5AA33CF8F27FBFB6C9963CE6F47FBF6C
:101E900038398A3CACF67FBF4B517B3C4AF87FBF58
:101EA0000030623CC1F97FBF900E493C11FB7FBFFF
:101EB00002ED2F3C39FC7FBF59CB163C39FD7FBF6B
:101EC0003053FB3B13FE7FBF890FC93BC4FE7FBF6E
:101ED000C1CB963B4EFF7FBFC70F493BB1FF7FBFD2
:101EE000D40FC93AECFF7FBF000000000000803F24
:101EF000C70F493BB1FF7F3F890FC93BC4FE7F3FFE
:101F000059CB163C39FD7F3F900E493C11FB7F3F7A
:101F10004B517B3C4AF87F3FB6C9963CE6F47F3F85
:101F200069EAAF3CE3F07F3FB00AC93C43EC7F3F36
:101F30007B2AE23C05E77F3FB949FB3C29E17F3F33
:101F40002F340A3DAFDA7F3F2CC3163D98D37F3F35
:101F5000CC51233DE2CB7F3F07E02F3D8FC37F3F36
:101F6000D56D3C3D9EBA7F3F2FFB483D0FB17F3F73
:101F70000E88553DE3A67F3F6814623D189C7F3F65
:101F800038A06E3DB1907F3F742B7B3DAB847F3F8B
:101F90000ADB833D08787F3F0A208A3DC76A7F3F7E
:101FA000B464903DE95C7F3F05A9963D6D4E7F3F4F
:101FB000F9EC9C3D543F7F3F8C30A33D9D2F7F3FEC
:101FC000BA73A93D491F7F3F80B6AF3D580E7F3F92
:101FD000DAF8B53DC9FC7E3FC33ABC3D9DEA7E3F81
:101FE000397CC23DD4D77E3F36BDC83D6DC47E3FEF
:101FF000B7FDCE3D69B07E3FB93DD53DC99B7E3F23
:10200000377DDB3D8B867E3F2EBCE13DB0707E3F51
:102010009AFAE73D385A7E3F7638EE3D23437E3FBD
:10202000C075F43D722B7E3F73B2FA3D24137E3FA0
:102030004577003E38FA7D3F0295033EB1E07D3F93
:102040006EB2063E8CC67D3F86CF093ECCAB7D3F4F
:102050004AEC0C3E6E907D3FB708103E74747D3F95
:10206000CA24133EDE577D3F8340163EAC3A7D3F87
:10207000E05B193EDD1C7D3FDE761C3E73FE7C3F3F
:102080007B911F3E6CDF7C3FB6AB223EC9BF7C3FDD
:102090008CC5253E8A9F7C3FFCDE283EB07E7C3F7F
:1020A00004F82B3E3A5D7C3FA2102F3E283B7C3F3C
:1020B000D428323E7A187C3F9840353E31F57B3F3C
:1020C000EC57383E4DD17B3FCF6E3B3ECDAC7B3F96
:1020D0003E853E3EB2877B3F379B413EFC617B3F66
:1020E000B9B0443EAB3B7B3FC2C5473EBE147B3FCD
:1020F0004FDA4A3E37ED7A3F60EE4D3E16C57A3FE5
:10210000F101513E599C7A3F0115543E02737A3FCA
:102110008F27573E10497A3F97395A3E841E7A3F9F
:102120001A4B5D3E5EF3793F135C603E9DC7793F7D
:10213000836C633E439B793F667C663E4E6E793F7F
:10214000BA8B693EC040793F7F9A6C3E9812793FC6
:10215000B2A86F3ED6E3783F51B6723E7BB4783F6B
:102160005AC3753E8684783FCCCF783EF853783F8B
:10217000A4DB7B3ED122783FE1E67E3E10F1773F43
:10218000C0F8803EB7BE773FC07D823EC58B773FAB
:102190007002843E3A58773FCE86853E1724773FBB
:1021A000DA0A873E5BEF763F938E883E07BA763F2A
:1021B000F8118A3E1B84763F07958B3E974D763FFC
:1021C000C0178D3E7A16763F229A8E3EC6DE753F48
:1021D0002C1C903E7BA6753FDD9D913E976D753F13
:1021E000351F933E1D34753F31A0943E0BFA743F6A
:1021F000D220963E62BF743F17A1973E2284743F5F
:10220000FE20993E4B48743F86A09A3EDD0B743FFA
:10221000AF1F9C3ED9CE733F789E9D3E3F91733F4A
:10222000DF1C9F3E0E53733FE59AA03E4714733F59
:102230008718A23EEBD4723FC595A33EF894723F37
:102240009F12A53E7054723F128FA63E5213723FEA
:102250001F0BA83E9FD1713FC486A93E578F713F87
:102260000102AB3E7A4C713FD47CAC3E0809713F11
:102270003CF7AD3E02C5703F3A71AF3E6680703F9D
:10228000CBEAB03E373B703FEF63B23E73F56F3F32
:10229000A5DCB33E1BAF6F3FEC54B53E30686F3FDB
:1022A000C3CCB63EB0206F3F2A44B83E9ED86E3FA6
:1022B0001EBBB93EF88F6E3FA031BB3EBE466E3F9F
:1022C000AFA7BC3EF2FC6D3F4A1DBE3E93B26D3FD0
:1022D0006F92BF3EA1676D3F1E07C13E1D1C6D3F43
:1022E000557BC23E07D06C3F15EFC33E5E836C3F0B
:1022F0005C62C53E24366C3F29D5C63E58E86B3F2C
:102300007C47C83EFB996B3F53B9C93E0C4B6B3FB2
:10231000AE2ACB3E8CFB6A3F8B9BCC3E7BAB6A3FAD
:10232000EA0BCE3ED95A6A3FCA7BCF3EA7096A3F25
:102330002AEBD03EE4B7693F095AD23E9165693F26
:1023400067C8D33EAE12693F4136D53E3CBF683FB9
:1023500099A3D63E396B683F6B10D83EA816683FEC
:10236000B97CD93E87C1673F80E8DA3ED86B673FCA
:10237000C153DC3E9915673F79BEDD3ECCBE663F5A
:10238000A928DF3E7167663F4F92E03E880F663FA7
:102390006AFBE13E10B7653FFA63E33E0B5E653FC3
:1023A000FECBE43E7904653F7533E63E59AA643FAF
:1023B0005D9AE73EAC4F643FB700E93E73F4633F7C
:1023C0008166EA3EAC98633FBBCBEB3E5A3C633F31
:1023D0006330ED3E7BDF623F7994EE3E1082623FD8
:1023E000FBF7EF3E1A24623FEA5AF13E98C5613F7F
:1023F00043BDF23E8A66613F071FF43EF206613F2D
:102400003580F53ECFA6603FCBE0F63E2146603FEB
:10241000C840F83EE9E45F3F2DA0F93E27835F3FC7
:10242000F7FEFA3EDB205F3F275DFC3E05BE5E3FC8
:10243000BBBAFD3EA65A5E3FB217FF3EBEF65D3FF9
:10244000063A003F4D925D3FE4E7003F532D5D3F6C
:102450007395013FD1C75C3FB142023FC7615C3F0A
:102460009FEF023F34FB5B3F3D9C033F1A945B3F71
:102470008948043F792C5B3F84F4043F50C45A3FA1
:102480002CA0053FA05B5A3F824B063F6AF2593FA2
:1024900086F6063FAD88593F36A1073F6A1E593F71
:1024A000924B083FA1B3583F9BF5083F5348583F14
:1024B0004E9F093F7FDC573FAD480A3F2670573F8C
:1024C000B7F10A3F4803573F6B9A0B3FE595563FDC
:1024D000C9420C3FFE27563FD0EA0C3F93B9553F07
:1024E00081920D3FA44A553FDA390E3F31DB543F0C
:1024F000DBE00E3F3B6B543F84870F3FC3FA533FF3
:10250000D52D103FC789533FCDD3103F4918533FB6
:102510006B79113F49A6523FB01E123FC633523F5E
:102520009AC3123FC2C0513F2A68133F3D4D513FED
:102530005F0C143F37D9503F39B0143FAF64503F60
:10254000B753153FA8EF4F3FD9F6153F1F7A4F3FBE
:102550009F99163F17044F3F073C173F908D4E3F02
:1025600012DE173F89164E3FC07F183F029F4D3F36
:102570000F21193FFD264D3F00C2193F79AE4C3F58
:1025800093621A3F78354C3FC6021B3FF8BB4B3F66
:1025900099A21B3FFA414B3F0C421C3F7FC74A3F69
:1025A0001FE11C3F874C4A3FD17F1D3F12D1493F5D
:1025B000221E1E3F2155493F12BC1E3FB3D8483F43
:1025C0009F591F3FCA5B483FCBF61F3F65DE473F21
:1025D0009393203F8560473FF92F213F2AE2463FF2
:1025E000FBCB213F5463463F9967223F03E4453FBD
:1025F000D302233F3964453FA99D233FF5E3443F80
:102600001A38243F3763443F25D2243F00E2433F3A
:10261000CB6B253F5160433F0A05263F29DE423FF1
:10262000E39D263F895B423F5636273F70D8413FA6
:1026300061CE273FE154413F0566283FDAD0403F55
:1026400041FD283F5C4C403F1594293F67C73F3F01
:10265000802A2A3FFC413F3F82C02A3F1BBC3E3FAD
:102660001B562B3FC5353E3F4AEB2B3FF9AE3D3F56
:102670000F802C3FB8273D3F69142D3F03A03C3FFE
:1026800059A82D3FD9173C3FDE3B2E3F3B8F3B3FA8
:10269000F7CE2E3F29063B3FA5612F3FA47C3A3F52
:1026A000E6F32F3FACF2393FBB85303F4268393FFC
:1026B0002217313F65DD383F1DA8313F1652383FA4
:1026C000AA38323F55C6373FC9C8323F233A373F51
:1026D0007A58333F7FAD363FBCE7333F6C20363FFF
:1026E0008F76343FE792353FF304353FF304353FAF
:1026F000E792353F8F76343F6C20363FBCE7333F5F
:102700007FAD363F7A58333F233A373FC9C8323F0F
:1027100055C6373FAA38323F1652383F1DA8313FC1
:1027200065DD383F2217313F4268393FBB85303F76
:10273000ACF2393FE6F32F3FA47C3A3FA5612F3F2F
:1027400029063B3FF7CE2E3F3B8F3B3FDE3B2E3FE4
:10275000D9173C3F59A82D3F03A03C3F69142D3F9A
:10276000B8273D3F0F802C3FF9AE3D3F4AEB2B3F52
:10277000C5353E3F1B562B3F1BBC3E3F82C02A3F08
:10278000FC413F3F802A2A3F67C73F3F1594293FBE
:102790005C4C403F41FD283FDAD0403F0566283F72
:1027A000E154413F61CE273F70D8413F5636273F25
:1027B000895B423FE39D263F29DE423F0A05263FD3
:1027C0005160433FCB6B253F00E2433F25D2243F7E
:1027D0003763443F1A38243FF5E3443FA99D233F24
:1027E0003964453FD302233F03E4453F9967223FC5
:1027F0005463463FFBCB213F2AE2463FF92F213F5E
:102800008560473F9393203F65DE473FCBF61F3FF0
:10281000CA5B483F9F591F3FB3D8483F12BC1E3F79
:102820002155493F221E1E3F12D1493FD17F1D3FF6
:10283000874C4A3F1FE11C3F7FC74A3F0C421C3F69
:10284000FA414B3F99A21B3FF8BB4B3FC6021B3FCF
:1028500078354C3F93621A3F79AE4C3F00C2193F26
:10286000FD264D3F0F21193F029F4D3FC07F183F6E
:1028700089164E3F12DE173F908D4E3F073C173FA3
:1028800017044F3F9F99163F1F7A4F3FD9F6153FC8
:10289000A8EF4F3FB753153FAF64503F39B0143FD7
:1028A00037D9503F5F0C143F3D4D513F2A68133FCD
:1028B000C2C0513F9AC3123FC633523FB01E123FAF
:1028C00049A6523F6B79113F4918533FCDD3103F72
:1028D000C789533FD52D103FC3FA533F84870F3F1D
:1028E0003B6B543FDBE00E3F31DB543FDA390E3FA8
:1028F000A44A553F81920D3F93B9553FD0EA0C3F12
:10290000FE27563FC9420C3FE595563F6B9A0B3F59
:102910004803573FB7F10A3F2670573FAD480A3F7B
:102920007FDC573F4E9F093F5348583F9BF5083F78
:10293000A1B3583F924B083F6A1E593F36A1073F4B
:10294000AD88593F86F6063F6AF2593F824B063FF3
:10295000A05B5A3F2CA0053F50C45A3F84F4043F6B
:10296000792C5B3F8948043F1A945B3F3D9C033FB1
:1029700034FB5B3F9FEF023FC7615C3FB142023FC8
:10298000D1C75C3F7395013F532D5D3FE4E7003FA6
:102990004D925D3F063A003FBEF65D3FB217FF3EE7
:1029A000A65A5E3FBBBAFD3E05BE5E3F275DFC3EBC
:1029B000DB205F3FF7FEFA3E27835F3F2DA0F93E05
:1029C000E9E45F3FC840F83E2146603FCBE0F63E79
:1029D000CFA6603F3580F53EF206613F071FF43E0B
:1029E0008A66613F43BDF23E98C5613FEA5AF13EB7
:1029F0001A24623FFBF7EF3E1082623F7994EE3E6D
:102A00007BDF623F6330ED3E5A3C633FBBCBEB3E26
:102A1000AC98633F8166EA3E73F4633FB700E93EDA
:102A2000AC4F643F5D9AE73E59AA643F7533E63E7A
:102A30007904653FFECBE43E0B5E653FFA63E33EFF
:102A400010B7653F6AFBE13E880F663F4F92E03E5C
:102A50007167663FA928DF3ECCBE663F79BEDD3E8A
:102A60009915673FC153DC3ED86B673F80E8DA3E7B
:102A700087C1673FB97CD93EA816683F6B10D83E26
:102A8000396B683F99A3D63E3CBF683F4136D53E7F
:102A9000AE12693F67C8D33E9165693F095AD23E7D
:102AA000E4B7693F2AEBD03EA7096A3FCA7BCF3E15
:102AB000D95A6A3FEA0BCE3E7BAB6A3F8B9BCC3E3A
:102AC0008CFB6A3FAE2ACB3E0C4B6B3F53B9C93EE1
:102AD000FB996B3F7C47C83E58E86B3F29D5C63E03
:102AE00024366C3F5C62C53E5E836C3F15EFC33E8F
:102AF00007D06C3F557BC23E1D1C6D3F1E07C13E7B
:102B0000A1676D3F6F92BF3E93B26D3F4A1DBE3EBF
:102B1000F2FC6D3FAFA7BC3EBE466E3FA031BB3E50
:102B2000F88F6E3F1EBBB93E9ED86E3F2A44B83E1A
:102B3000B0206F3FC3CCB63E30686F3FEC54B53E1B
:102B40001BAF6F3FA5DCB33E73F56F3FEF63B23E43
:102B5000373B703FCBEAB03E6680703F3A71AF3E84
:102B600002C5703F3CF7AD3E0809713FD47CAC3ED6
:102B70007A4C713F0102AB3E578F713FC486A93E2C
:102B80009FD1713F1F0BA83E5213723F128FA63E7A
:102B90007054723F9F12A53EF894723FC595A33EB4
:102BA000EBD4723F8718A23E4714733FE59AA03ECC
:102BB0000E53733FDF1C9F3E3F91733F789E9D3EB7
:102BC000D9CE733FAF1F9C3EDD0B743F86A09A3E6B
:102BD0004B48743FFE20993E2284743F17A1973ED4
:102BE00062BF743FD220963E0BFA743F31A0943EF0
:102BF0001D34753F351F933E976D753FDD9D913EAA
:102C00007BA6753F2C1C903EC6DE753F229A8E3EF9
:102C10007A16763FC0178D3E974D763F07958B3ECF
:102C20001B84763FF8118A3E07BA763F938E883E22
:102C30005BEF763FDA0A873E1724773FCE86853EE4
:102C40003A58773F7002843EC58B773FC07D823E05
:102C5000B7BE773FC0F8803E10F1773FE1E67E3E99
:102C6000D122783FA4DB7B3EF853783FCCCF783E2F
:102C70008684783F5AC3753E7BB4783F51B6723E26
:102C8000D6E3783FB2A86F3E9812793F7F9A6C3EA8
:102C9000C040793FBA8B693E4E6E793F667C663E96
:102CA000439B793F836C633E9DC7793F135C603ED5
:102CB0005EF3793F1A4B5D3E841E7A3F97395A3E48
:102CC00010497A3F8F27573E02737A3F0115543ED1
:102CD000599C7A3FF101513E16C57A3F60EE4D3E58
:102CE00037ED7A3F4FDA4A3EBE147B3FC2C5473EBE
:102CF000AB3B7B3FB9B0443EFC617B3F379B413EE1
:102D0000B2877B3F3E853E3ECDAC7B3FCF6E3B3EA8
:102D10004DD17B3FEC57383E31F57B3F9840353EF7
:102D20007A187C3FD428323E283B7C3FA2102F3EAD
:102D30003A5D7C3F04F82B3EB07E7C3FFCDE283EB3
:102D40008A9F7C3F8CC5253EC9BF7C3FB6AB223EE7
:102D50006CDF7C3F7B911F3E73FE7C3FDE761C3E2A
:102D6000DD1C7D3FE05B193EAC3A7D3F8340163E63
:102D7000DE577D3FCA24133E74747D3FB708103E72
:102D80006E907D3F4AEC0C3ECCAB7D3F86CF093E3A
:102D90008CC67D3F6EB2063EB1E07D3F0295033E9C
:102DA00038FA7D3F4577003E24137E3F73B2FA3DEB
:102DB000722B7E3FC075F43D23437E3F7638EE3D57
:102DC000385A7E3F9AFAE73DB0707E3F2EBCE13D17
:102DD0008B867E3F377DDB3DC99B7E3FB93DD53D30
:102DE00069B07E3FB7FDCE3D6DC47E3F36BDC83D68
:102DF000D4D77E3F397CC23D9DEA7E3FC33ABC3D7D
:102E0000C9FC7E3FDAF8B53D580E7F3F80B6AF3D36
:102E1000491F7F3FBA73A93D9D2F7F3F8C30A33D53
:102E2000543F7F3FF9EC9C3D6D4E7F3F05A9963D99
:102E3000E95C7F3FB464903DC76A7F3F0A208A3DCA
:102E400008787F3F0ADB833DAB847F3F742B7B3D5B
:102E5000B1907F3F38A06E3D189C7F3F6814623D63
:102E6000E3A67F3F0E88553D0FB17F3F2FFB483DC6
:102E70009EBA7F3FD56D3C3D8FC37F3F07E02F3D1E
:102E8000E2CB7F3FCC51233D98D37F3F2CC3163DEF
:102E9000AFDA7F3F2F340A3D29E17F3FB949FB3C40
:102EA00005E77F3F7B2AE23C43EC7F3FB00AC93C09
:102EB000E3F07F3F69EAAF3CE6F47F3FB6C9963C5A
:102EC0004AF87F3F4B517B3C11FB7F3F900E493CC2
:102ED00039FD7F3F59CB163CC4FE7F3F890FC93B6C
:102EE000B1FF7F3FC70F493B0000803F000000005B
:102EF000B1FF7F3FC70F49BBC4FE7F3F890FC9BBEE
:102F000039FD7F3F59CB16BC11FB7F3F900E49BC6A
:102F10004AF87F3F4B517BBCE6F47F3FB6C996BC75
:102F2000E3F07F3F69EAAFBC43EC7F3FB00AC9BC26
:102F300005E77F3F7B2AE2BC29E17F3FB949FBBC23
:102F4000AFDA7F3F2F340ABD98D37F3F2CC316BD25
:102F5000E2CB7F3FCC5123BD8FC37F3F07E02FBD26
:102F60009EBA7F3FD56D3CBD0FB17F3F2FFB48BD63
:102F7000E3A67F3F0E8855BD189C7F3F681462BD55
:102F8000B1907F3F38A06EBDAB847F3F742B7BBD7B
:102F900008787F3F0ADB83BDC76A7F3F0A208ABD6E
:102FA000E95C7F3FB46490BD6D4E7F3F05A996BD3F
:102FB000543F7F3FF9EC9CBD9D2F7F3F8C30A3BDDC
:102FC000491F7F3FBA73A9BD580E7F3F80B6AFBD82
:102FD000C9FC7E3FDAF8B5BD9DEA7E3FC33ABCBD71
:102FE000D4D77E3F397CC2BD6DC47E3F36BDC8BDDF
:102FF00069B07E3FB7FDCEBDC99B7E3FB93DD5BD13
:103000008B867E3F377DDBBDB0707E3F2EBCE1BD41
:10301000385A7E3F9AFAE7BD23437E3F7638EEBDAD
:10302000722B7E3FC075F4BD24137E3F73B2FABD90
:1030300038FA7D3F457700BEB1E07D3F029503BE83
:103040008CC67D3F6EB206BECCAB7D3F86CF09BE3F
:103050006E907D3F4AEC0CBE74747D3FB70810BE85
:10306000DE577D3FCA2413BEAC3A7D3F834016BE77
:10307000DD1C7D3FE05B19BE73FE7C3FDE761CBE2F
:103080006CDF7C3F7B911FBEC9BF7C3FB6AB22BECD
:103090008A9F7C3F8CC525BEB07E7C3FFCDE28BE6F
:1030A0003A5D7C3F04F82BBE283B7C3FA2102FBE2C
:1030B0007A187C3FD42832BE31F57B3F984035BE2C
:1030C0004DD17B3FEC5738BECDAC7B3FCF6E3BBE86
:1030D000B2877B3F3E853EBEFC617B3F379B41BE56
:1030E000AB3B7B3FB9B044BEBE147B3FC2C547BEBD
:1030F00037ED7A3F4FDA4ABE16C57A3F60EE4DBED5
:10310000599C7A3FF10151BE02737A3F011554BEBA
:1031100010497A3F8F2757BE841E7A3F97395ABE8F
:103120005EF3793F1A4B5DBE9DC7793F135C60BE6D
:10313000439B793F836C63BE4E6E793F667C66BE6F
:10314000C040793FBA8B69BE9812793F7F9A6CBEB6
:10315000D6E3783FB2A86FBE7BB4783F51B672BE5B
:103160008684783F5AC375BEF853783FCCCF78BE7B
:10317000D122783FA4DB7BBE10F1773FE1E67EBE33
:10318000B7BE773FC0F880BEC58B773FC07D82BE9B
:103190003A58773F700284BE1724773FCE8685BEAB
:1031A0005BEF763FDA0A87BE07BA763F938E88BE1A
:1031B0001B84763FF8118ABE974D763F07958BBEEC
:1031C0007A16763FC0178DBEC6DE753F229A8EBE38
:1031D0007BA6753F2C1C90BE976D753FDD9D91BE03
:1031E0001D34753F351F93BE0BFA743F31A094BE5A
:1031F00062BF743FD22096BE2284743F17A197BE4F
:103200004B48743FFE2099BEDD0B743F86A09ABEEA
:10321000D9CE733FAF1F9CBE3F91733F789E9DBE3A
:103220000E53733FDF1C9FBE4714733FE59AA0BE49
:10323000EBD4723F8718A2BEF894723FC595A3BE27
:103240007054723F9F12A5BE5213723F128FA6BEDA
:103250009FD1713F1F0BA8BE578F713FC486A9BE77
:103260007A4C713F0102ABBE0809713FD47CACBE01
:1032700002C5703F3CF7ADBE6680703F3A71AFBE8D
:10328000373B703FCBEAB0BE73F56F3FEF63B2BE22
:103290001BAF6F3FA5DCB3BE30686F3FEC54B5BECB
:1032A000B0206F3FC3CCB6BE9ED86E3F2A44B8BE96
:1032B000F88F6E3F1EBBB9BEBE466E3FA031BBBE8F
:1032C000F2FC6D3FAFA7BCBE93B26D3F4A1DBEBEC0
:1032D000A1676D3F6F92BFBE1D1C6D3F1E07C1BE33
:1032E00007D06C3F557BC2BE5E836C3F15EFC3BEFB
:1032F00024366C3F5C62C5BE58E86B3F29D5C6BE1C
:10330000FB996B3F7C47C8BE0C4B6B3F53B9C9BEA2
:103310008CFB6A3FAE2ACBBE7BAB6A3F8B9BCCBE9D
:10332000D95A6A3FEA0BCEBEA7096A3FCA7BCFBE15
:10333000E4B7693F2AEBD0BE9165693F095AD2BE16
:10334000AE12693F67C8D3BE3CBF683F4136D5BEA9
:10335000396B683F99A3D6BEA816683F6B10D8BEDC
:1033600087C1673FB97CD9BED86B673F80E8DABEBA
:103370009915673FC153DCBECCBE663F79BEDDBE4A
:103380007167663FA928DFBE880F663F4F92E0BE97
:1033900010B7653F6AFBE1BE0B5E653FFA63E3BEB3
:1033A0007904653FFECBE4BE59AA643F7533E6BE9F
:1033B000AC4F643F5D9AE7BE73F4633FB700E9BE6C
:1033C000AC98633F8166EABE5A3C633FBBCBEBBE21
:1033D0007BDF623F6330EDBE1082623F7994EEBEC8
:1033E0001A24623FFBF7EFBE98C5613FEA5AF1BE6F
:1033F0008A66613F43BDF2BEF206613F071FF4BE1D
:10340000CFA6603F3580F5BE2146603FCBE0F6BEDB
:10341000E9E45F3FC840F8BE27835F3F2DA0F9BEB7
:10342000DB205F3FF7FEFABE05BE5E3F275DFCBEB8
:10343000A65A5E3FBBBAFDBEBEF65D3FB217FFBEE9
:103440004D925D3F063A00BF532D5D3FE4E700BF5C
:10345000D1C75C3F739501BFC7615C3FB14202BFFA
:1034600034FB5B3F9FEF02BF1A945B3F3D9C03BF61
:10347000792C5B3F894804BF50C45A3F84F404BF91
:10348000A05B5A3F2CA005BF6AF2593F824B06BF92
:10349000AD88593F86F606BF6A1E593F36A107BF61
:1034A000A1B3583F924B08BF5348583F9BF508BF04
:1034B0007FDC573F4E9F09BF2670573FAD480ABF7C
:1034C0004803573FB7F10ABFE595563F6B9A0BBFCC
:1034D000FE27563FC9420CBF93B9553FD0EA0CBFF7
:1034E000A44A553F81920DBF31DB543FDA390EBFFC
:1034F0003B6B543FDBE00EBFC3FA533F84870FBFE3
:10350000C789533FD52D10BF4918533FCDD310BFA6
:1035100049A6523F6B7911BFC633523FB01E12BF4E
:10352000C2C0513F9AC312BF3D4D513F2A6813BFDD
:1035300037D9503F5F0C14BFAF64503F39B014BF50
:10354000A8EF4F3FB75315BF1F7A4F3FD9F615BFAE
:1035500017044F3F9F9916BF908D4E3F073C17BFF2
:1035600089164E3F12DE17BF029F4D3FC07F18BF26
:10357000FD264D3F0F2119BF79AE4C3F00C219BF48
:1035800078354C3F93621ABFF8BB4B3FC6021BBF56
:10359000FA414B3F99A21BBF7FC74A3F0C421CBF59
:1035A000874C4A3F1FE11CBF12D1493FD17F1DBF4D
:1035B0002155493F221E1EBFB3D8483F12BC1EBF33
:1035C000CA5B483F9F591FBF65DE473FCBF61FBF11
:1035D0008560473F939320BF2AE2463FF92F21BFE2
:1035E0005463463FFBCB21BF03E4453F996722BFAD
:1035F0003964453FD30223BFF5E3443FA99D23BF70
:103600003763443F1A3824BF00E2433F25D224BF2A
:103610005160433FCB6B25BF29DE423F0A0526BFE1
:10362000895B423FE39D26BF70D8413F563627BF96
:10363000E154413F61CE27BFDAD0403F056628BF45
:103640005C4C403F41FD28BF67C73F3F159429BFF1
:10365000FC413F3F802A2ABF1BBC3E3F82C02ABF9D
:10366000C5353E3F1B562BBFF9AE3D3F4AEB2BBF46
:10367000B8273D3F0F802CBF03A03C3F69142DBFEE
:10368000D9173C3F59A82DBF3B8F3B3FDE3B2EBF98
:1036900029063B3FF7CE2EBFA47C3A3FA5612FBF42
:1036A000ACF2393FE6F32FBF4268393FBB8530BFEC
:1036B00065DD383F221731BF1652383F1DA831BF94
:1036C00055C6373FAA3832BF233A373FC9C832BF41
:1036D0007FAD363F7A5833BF6C20363FBCE733BFEF
:1036E000E792353F8F7634BFF304353FF30435BF9F
:1036F0008F76343FE79235BFBCE7333F6C2036BF4F
:103700007A58333F7FAD36BFC9C8323F233A37BFFF
:10371000AA38323F55C637BF1DA8313F165238BFB1
:103720002217313F65DD38BFBB85303F426839BF66
:10373000E6F32F3FACF239BFA5612F3FA47C3ABF1F
:10374000F7CE2E3F29063BBFDE3B2E3F3B8F3BBFD4
:1037500059A82D3FD9173CBF69142D3F03A03CBF8A
:103760000F802C3FB8273DBF4AEB2B3FF9AE3DBF42
:103770001B562B3FC5353EBF82C02A3F1BBC3EBFF8
:10378000802A2A3FFC413FBF1594293F67C73FBFAE
:1037900041FD283F5C4C40BF0566283FDAD040BF62
:1037A00061CE273FE15441BF5636273F70D841BF15
:1037B000E39D263F895B42BF0A05263F29DE42BFC3
:1037C000CB6B253F516043BF25D2243F00E243BF6E
:1037D0001A38243F376344BFA99D233FF5E344BF14
:1037E000D302233F396445BF9967223F03E445BFB5
:1037F000FBCB213F546346BFF92F213F2AE246BF4E
:103800009393203F856047BFCBF61F3F65DE47BFE0
:103810009F591F3FCA5B48BF12BC1E3FB3D848BF69
:10382000221E1E3F215549BFD17F1D3F12D149BFE6
:103830001FE11C3F874C4ABF0C421C3F7FC74ABF59
:1038400099A21B3FFA414BBFC6021B3FF8BB4BBFBF
:1038500093621A3F78354CBF00C2193F79AE4CBF16
:103860000F21193FFD264DBFC07F183F029F4DBF5E
:1038700012DE173F89164EBF073C173F908D4EBF93
:103880009F99163F17044FBFD9F6153F1F7A4FBFB8
:10389000B753153FA8EF4FBF39B0143FAF6450BFC7
:1038A0005F0C143F37D950BF2A68133F3D4D51BFBD
:1038B0009AC3123FC2C051BFB01E123FC63352BF9F
:1038C0006B79113F49A652BFCDD3103F491853BF62
:1038D000D52D103FC78953BF84870F3FC3FA53BF0D
:1038E000DBE00E3F3B6B54BFDA390E3F31DB54BF98
:1038F00081920D3FA44A55BFD0EA0C3F93B955BF02
:10390000C9420C3FFE2756BF6B9A0B3FE59556BF49
:10391000B7F10A3F480357BFAD480A3F267057BF6B
:103920004E9F093F7FDC57BF9BF5083F534858BF68
:10393000924B083FA1B358BF36A1073F6A1E59BF3B
:1039400086F6063FAD8859BF824B063F6AF259BFE3
:103950002CA0053FA05B5ABF84F4043F50C45ABF5B
:103960008948043F792C5BBF3D9C033F1A945BBFA1
:103970009FEF023F34FB5BBFB142023FC7615CBFB8
:103980007395013FD1C75CBFE4E7003F532D5DBF96
:10399000063A003F4D925DBFB217FF3EBEF65DBFD7
:1039A000BBBAFD3EA65A5EBF275DFC3E05BE5EBFAC
:1039B000F7FEFA3EDB205FBF2DA0F93E27835FBFF5
:1039C000C840F83EE9E45FBFCBE0F63E214660BF69
:1039D0003580F53ECFA660BF071FF43EF20661BFFB
:1039E00043BDF23E8A6661BFEA5AF13E98C561BFA7
:1039F000FBF7EF3E1A2462BF7994EE3E108262BF5D
:103A00006330ED3E7BDF62BFBBCBEB3E5A3C63BF16
:103A10008166EA3EAC9863BFB700E93E73F463BFCA
:103A20005D9AE73EAC4F64BF7533E63E59AA64BF6A
:103A3000FECBE43E790465BFFA63E33E0B5E65BFEF
:103A40006AFBE13E10B765BF4F92E03E880F66BF4C
:103A5000A928DF3E716766BF79BEDD3ECCBE66BF7A
:103A6000C153DC3E991567BF80E8DA3ED86B67BF6B
:103A7000B97CD93E87C167BF6B10D83EA81668BF16
:103A800099A3D63E396B68BF4136D53E3CBF68BF6F
:103A900067C8D33EAE1269BF095AD23E916569BF6D
:103AA0002AEBD03EE4B769BFCA7BCF3EA7096ABF05
:103AB000EA0BCE3ED95A6ABF8B9BCC3E7BAB6ABF2A
:103AC000AE2ACB3E8CFB6ABF53B9C93E0C4B6BBFD1
:103AD0007C47C83EFB996BBF29D5C63E58E86BBFF3
:103AE0005C62C53E24366CBF15EFC33E5E836CBF7F
:103AF000557BC23E07D06CBF1E07C13E1D1C6DBF6B
:103B00006F92BF3EA1676DBF4A1DBE3E93B26DBFAF
:103B1000AFA7BC3EF2FC6DBFA031BB3EBE466EBF40
:103B20001EBBB93EF88F6EBF2A44B83E9ED86EBF0A
:103B3000C3CCB63EB0206FBFEC54B53E30686FBF0B
:103B4000A5DCB33E1BAF6FBFEF63B23E73F56FBF33
:103B5000CBEAB03E373B70BF3A71AF3E668070BF74
:103B60003CF7AD3E02C570BFD47CAC3E080971BFC6
:103B70000102AB3E7A4C71BFC486A93E578F71BF1C
:103B80001F0BA83E9FD171BF128FA63E521372BF6A
:103B90009F12A53E705472BFC595A33EF89472BFA4
:103BA0008718A23EEBD472BFE59AA03E471473BFBC
:103BB000DF1C9F3E0E5373BF789E9D3E3F9173BFA7
:103BC000AF1F9C3ED9CE73BF86A09A3EDD0B74BF5B
:103BD000FE20993E4B4874BF17A1973E228474BFC4
:103BE000D220963E62BF74BF31A0943E0BFA74BFE0
:103BF000351F933E1D3475BFDD9D913E976D75BF9A
:103C00002C1C903E7BA675BF229A8E3EC6DE75BFE9
:103C1000C0178D3E7A1676BF07958B3E974D76BFBF
:103C2000F8118A3E1B8476BF938E883E07BA76BF12
:103C3000DA0A873E5BEF76BFCE86853E172477BFD4
:103C40007002843E3A5877BFC07D823EC58B77BFF5
:103C5000C0F8803EB7BE77BFE1E67E3E10F177BF89
:103C6000A4DB7B3ED12278BFCCCF783EF85378BF1F
:103C70005AC3753E868478BF51B6723E7BB478BF16
:103C8000B2A86F3ED6E378BF7F9A6C3E981279BF98
:103C9000BA8B693EC04079BF667C663E4E6E79BF86
:103CA000836C633E439B79BF135C603E9DC779BFC5
:103CB0001A4B5D3E5EF379BF97395A3E841E7ABF38
:103CC0008F27573E10497ABF0115543E02737ABFC1
:103CD000F101513E599C7ABF60EE4D3E16C57ABF48
:103CE0004FDA4A3E37ED7ABFC2C5473EBE147BBFAE
:103CF000B9B0443EAB3B7BBF379B413EFC617BBFD1
:103D00003E853E3EB2877BBFCF6E3B3ECDAC7BBF98
:103D1000EC57383E4DD17BBF9840353E31F57BBFE7
:103D2000D428323E7A187CBFA2102F3E283B7CBF9D
:103D300004F82B3E3A5D7CBFFCDE283EB07E7CBFA3
:103D40008CC5253E8A9F7CBFB6AB223EC9BF7CBFD7
:103D50007B911F3E6CDF7CBFDE761C3E73FE7CBF1A
:103D6000E05B193EDD1C7DBF8340163EAC3A7DBF53
:103D7000CA24133EDE577DBFB708103E74747DBF62
:103D80004AEC0C3E6E907DBF86CF093ECCAB7DBF2A
:103D90006EB2063E8CC67DBF0295033EB1E07DBF8C
:103DA0004577003E38FA7DBF73B2FA3D24137EBFDB
:103DB000C075F43D722B7EBF7638EE3D23437EBF47
:103DC0009AFAE73D385A7EBF2EBCE13DB0707EBF07
:103DD000377DDB3D8B867EBFB93DD53DC99B7EBF20
:103DE000B7FDCE3D69B07EBF36BDC83D6DC47EBF58
:103DF000397CC23DD4D77EBFC33ABC3D9DEA7EBF6D
:103E0000DAF8B53DC9FC7EBF80B6AF3D580E7FBF26
:103E1000BA73A93D491F7FBF8C30A33D9D2F7FBF43
:103E2000F9EC9C3D543F7FBF05A9963D6D4E7FBF89
:103E3000B464903DE95C7FBF0A208A3DC76A7FBFBA
:103E40000ADB833D08787FBF742B7B3DAB847FBF4B
:103E500038A06E3DB1907FBF6814623D189C7FBF53
:103E60000E88553DE3A67FBF2FFB483D0FB17FBFB6
:103E7000D56D3C3D9EBA7FBF07E02F3D8FC37FBF0E
:103E8000CC51233DE2CB7FBF2CC3163D98D37FBFDF
:103E90002F340A3DAFDA7FBFB949FB3C29E17FBF30
:103EA0007B2AE23C05E77FBFB00AC93C43EC7FBFF9
:103EB00069EAAF3CE3F07FBFB6C9963CE6F47FBF4A
:103EC0004B517B3C4AF87FBF900E493C11FB7FBFB2
:103ED00059CB163C39FD7FBF890FC93BC4FE7FBF5C
:103EE000C70F493BB1FF7FBF000000000000803FCB
:103EF000890FC93BC4FE7F3F900E493C11FB7F3FB9
:103F0000B6C9963CE6F47F3FB00AC93C43EC7F3F1C
:103F1000B949FB3C29E17F3F2CC3163D98D37F3F35
:103F200007E02F3D8FC37F3F2FFB483D0FB17F3F01
:103F30006814623D189C7F3F742B7B3DAB847F3FB0
:103F40000A208A3DC76A7F3F05A9963D6D4E7F3F97
:103F50008C30A33D9D2F7F3F80B6AF3D580E7F3FF5
:103F6000C33ABC3D9DEA7E3F36BDC83D6DC47E3F31
:103F7000B93DD53DC99B7E3F2EBCE13DB0707E3F33
:103F80007638EE3D23437E3F73B2FA3D24137E3FE5
:103F90000295033EB1E07D3F86CF093ECCAB7D3F2D
:103FA000B708103E74747D3F8340163EAC3A7D3FA7
:103FB000DE761C3E73FE7C3FB6AB223EC9BF7C3F23
:103FC000FCDE283EB07E7C3FA2102F3E283B7C3F8B
:103FD0009840353E31F57B3FCF6E3B3ECDAC7B3FCD
:103FE000379B413EFC617B3FC2C5473EBE147B3FD1
:103FF00060EE4D3E16C57A3F0115543E02737A3F7E
:1040000097395A3E841E7A3F135C603E9DC7793FC4
:10401000667C663E4E6E793F7F9A6C3E9812793F81
:1040200051B6723E7BB4783FCCCF783EF853783FA0
:10403000E1E67E3E10F1773FC07D823EC58B773F43
:10404000CE86853E1724773F938E883E07BA763F0B
:1040500007958B3E974D763F229A8E3EC6DE753F82
:10406000DD9D913E976D753F31A0943E0BFA743FF4
:1040700017A1973E2284743F86A09A3EDD0B743FC1
:10408000789E9D3E3F91733FE59AA03E4714733F53
:10409000C595A33EF894723F128FA63E5213723F0D
:1040A000C486A93E578F713FD47CAC3E0809713F4E
:1040B0003A71AF3E6680703FEF63B23E73F56F3F7B
:1040C000EC54B53E30686F3F2A44B83E9ED86E3FF0
:1040D000A031BB3EBE466E3F4A1DBE3E93B26D3F11
:1040E0001E07C13E1D1C6D3F15EFC33E5E836C3F36
:1040F00029D5C63E58E86B3F53B9C93E0C4B6B3FC0
:104100008B9BCC3E7BAB6A3FCA7BCF3EA7096A3F05
:10411000095AD23E9165693F4136D53E3CBF683F62
:104120006B10D83EA816683F80E8DA3ED86B673F30
:1041300079BEDD3ECCBE663F4F92E03E880F663FC3
:10414000FA63E33E0B5E653F7533E63E59AA643F72
:10415000B700E93E73F4633FBBCBEB3E5A3C633F91
:104160007994EE3E1082623FEA5AF13E98C5613F73
:10417000071FF43EF206613FCBE0F63E2146603F6A
:104180002DA0F93E27835F3F275DFC3E05BE5E3FC5
:10419000B217FF3EBEF65D3FE4E7003F532D5D3FA3
:1041A000B142023FC7615C3F3D9C033F1A945B3FB5
:1041B00084F4043F50C45A3F824B063F6AF2593F91
:1041C00036A1073F6A1E593F9BF5083F5348583FA9
:1041D000AD480A3F2670573F6B9A0B3FE595563F17
:1041E000D0EA0C3F93B9553FDA390E3F31DB543FEB
:1041F00084870F3FC3FA533FCDD3103F4918533F35
:10420000B01E123FC633523F2A68133F3D4D513F07
:1042100039B0143FAF64503FD9F6153F1F7A4F3F76
:10422000073C173F908D4E3FC07F183F029F4D3F88
:1042300000C2193F79AE4C3FC6021B3FF8BB4B3F53
:104240000C421C3F7FC74A3FD17F1D3F12D1493FDF
:1042500012BC1E3FB3D8483FCBF61F3F65DE473F39
:10426000F92F213F2AE2463F9967223F03E4453F69
:10427000A99D233FF5E3443F25D2243F00E2433F7D
:104280000A05263F29DE423F5636273F70D8413F78
:104290000566283FDAD0403F1594293F67C73F3F66
:1042A00082C02A3F1BBC3E3F4AEB2B3FF9AE3D3F4D
:1042B00069142D3F03A03C3FDE3B2E3F3B8F3B3F2D
:1042C000A5612F3FA47C3A3FBB85303F4268393F10
:1042D0001DA8313F1652383FC9C8323F233A373FF5
:1042E000BCE7333F6C20363FF304353FF304353FE2
:1042F0006C20363FBCE7333F233A373FC9C8323FD3
:104300001652383F1DA8313F4268393FBB85303FC8
:10431000A47C3A3FA5612F3F3B8F3B3FDE3B2E3FC6
:1043200003A03C3F69142D3FF9AE3D3F4AEB2B3FC4
:104330001BBC3E3F82C02A3F67C73F3F1594293FC1
:10434000DAD0403F0566283F70D8413F5636273FB8
:1043500029DE423F0A05263F00E2433F25D2243FA3
:10436000F5E3443FA99D233F03E4453F9967223F7E
:104370002AE2463FF92F213F65DE473FCBF61F3F3C
:10438000B3D8483F12BC1E3F12D1493FD17F1D3FD9
:104390007FC74A3F0C421C3FF8BB4B3FC6021B3F46
:1043A00079AE4C3F00C2193F029F4D3FC07F183F7E
:1043B000908D4E3F073C173F1F7A4F3FD9F6153F70
:1043C000AF64503F39B0143F3D4D513F2A68133F11
:1043D000C633523FB01E123F4918533FCDD3103F52
:1043E000C3FA533F84870F3F31DB543FDA390E3F26
:1043F00093B9553FD0EA0C3FE595563F6B9A0B3F7A
:104400002670573FAD480A3F5348583F9BF5083F39
:104410006A1E593F36A1073F6AF2593F824B063F59
:1044200050C45A3F84F4043F1A945B3F3D9C033FC1
:10443000C7615C3FB142023F532D5D3FE4E7003F5F
:10444000BEF65D3FB217FF3E05BE5E3F275DFC3EF8
:1044500027835F3F2DA0F93E2146603FCBE0F63E2B
:10446000F206613F071FF43E98C5613FEA5AF13EEC
:104470001082623F7994EE3E5A3C633FBBCBEB3EE9
:1044800073F4633FB700E93E59AA643F7533E63ED3
:104490000B5E653FFA63E33E880F663F4F92E03E56
:1044A000CCBE663F79BEDD3ED86B673F80E8DA3E22
:1044B000A816683F6B10D83E3CBF683F4136D53EDA
:1044C0009165693F095AD23EA7096A3FCA7BCF3E30
:1044D0007BAB6A3F8B9BCC3E0C4B6B3F53B9C93EC9
:1044E00058E86B3F29D5C63E5E836C3F15EFC33E4F
:1044F0001D1C6D3F1E07C13E93B26D3F4A1DBE3E5F
:10450000BE466E3FA031BB3E9ED86E3F2A44B83EA9
:1045100030686F3FEC54B53E73F56F3FEF63B23ECA
:104520006680703F3A71AF3E0809713FD47CAC3E63
:10453000578F713FC486A93E5213723F128FA63E19
:10454000F894723FC595A33E4714733FE59AA03E89
:104550003F91733F789E9D3EDD0B743F86A09A3E4F
:104560002284743F17A1973E0BFA743F31A0943E0A
:10457000976D753FDD9D913EC6DE753F229A8E3E5A
:10458000974D763F07958B3E07BA763F938E883ED0
:104590001724773FCE86853EC58B773FC07D823E10
:1045A00010F1773FE1E67E3EF853783FCCCF783E7E
:1045B0007BB4783F51B6723E9812793F7F9A6C3E39
:1045C0004E6E793F667C663E9DC7793F135C603EC8
:1045D000841E7A3F97395A3E02737A3F0115543E42
:1045E00016C57A3F60EE4D3EBE147B3FC2C5473EC6
:1045F000FC617B3F379B413ECDAC7B3FCF6E3B3E6A
:1046000031F57B3F9840353E283B7C3FA2102F3E42
:10461000B07E7C3FFCDE283EC9BF7C3FB6AB223E6D
:1046200073FE7C3FDE761C3EAC3A7D3F8340163EF7
:1046300074747D3FB708103ECCAB7D3F86CF093EFA
:10464000B1E07D3F0295033E24137E3F73B2FA3DF5
:1046500023437E3F7638EE3DB0707E3F2EBCE13D79
:10466000C99B7E3FB93DD53D6DC47E3F36BDC83D3B
:104670009DEA7E3FC33ABC3D580E7F3F80B6AF3DBA
:104680009D2F7F3F8C30A33D6D4E7F3F05A9963D0A
:10469000C76A7F3F0A208A3DAB847F3F742B7B3DF6
:1046A000189C7F3F6814623D0FB17F3F2FFB483D50
:1046B0008FC37F3F07E02F3D98D37F3F2CC3163D2C
:1046C00029E17F3FB949FB3C43EC7F3FB00AC93C3D
:1046D000E6F47F3FB6C9963C11FB7F3F900E493C04
:1046E000C4FE7F3F890FC93B0000803F00000000EF
:1046F000C4FE7F3F890FC9BB11FB7F3F900E49BCB1
:10470000E6F47F3FB6C996BC43EC7F3FB00AC9BC14
:1047100029E17F3FB949FBBC98D37F3F2CC316BD2D
:104720008FC37F3F07E02FBD0FB17F3F2FFB48BDF9
:10473000189C7F3F681462BDAB847F3F742B7BBDA8
:10474000C76A7F3F0A208ABD6D4E7F3F05A996BD8F
:104750009D2F7F3F8C30A3BD580E7F3F80B6AFBDED
:104760009DEA7E3FC33ABCBD6DC47E3F36BDC8BD29
:10477000C99B7E3FB93DD5BDB0707E3F2EBCE1BD2B
:1047800023437E3F7638EEBD24137E3F73B2FABDDD
:10479000B1E07D3F029503BECCAB7D3F86CF09BE25
:1047A00074747D3FB70810BEAC3A7D3F834016BE9F
:1047B00073FE7C3FDE761CBEC9BF7C3FB6AB22BE1B
:1047C000B07E7C3FFCDE28BE283B7C3FA2102FBE83
:1047D00031F57B3F984035BECDAC7B3FCF6E3BBEC5
:1047E000FC617B3F379B41BEBE147B3FC2C547BEC9
:1047F00016C57A3F60EE4DBE02737A3F011554BE76
:10480000841E7A3F97395ABE9DC7793F135C60BEBC
:104810004E6E793F667C66BE9812793F7F9A6CBE79
:104820007BB4783F51B672BEF853783FCCCF78BE98
:1048300010F1773FE1E67EBEC58B773FC07D82BE3B
:104840001724773FCE8685BE07BA763F938E88BE03
:10485000974D763F07958BBEC6DE753F229A8EBE7A
:10486000976D753FDD9D91BE0BFA743F31A094BEEC
:104870002284743F17A197BEDD0B743F86A09ABEB9
:104880003F91733F789E9DBE4714733FE59AA0BE4B
:10489000F894723FC595A3BE5213723F128FA6BE05
:1048A000578F713FC486A9BE0809713FD47CACBE46
:1048B0006680703F3A71AFBE73F56F3FEF63B2BE73
:1048C00030686F3FEC54B5BE9ED86E3F2A44B8BEE8
:1048D000BE466E3FA031BBBE93B26D3F4A1DBEBE09
:1048E0001D1C6D3F1E07C1BE5E836C3F15EFC3BE2E
:1048F00058E86B3F29D5C6BE0C4B6B3F53B9C9BEB8
:104900007BAB6A3F8B9BCCBEA7096A3FCA7BCFBEFD
:104910009165693F095AD2BE3CBF683F4136D5BE5A
:10492000A816683F6B10D8BED86B673F80E8DABE28
:10493000CCBE663F79BEDDBE880F663F4F92E0BEBB
:104940000B5E653FFA63E3BE59AA643F7533E6BE6A
:1049500073F4633FB700E9BE5A3C633FBBCBEBBE89
:104960001082623F7994EEBE98C5613FEA5AF1BE6B
:10497000F206613F071FF4BE2146603FCBE0F6BE62
:1049800027835F3F2DA0F9BE05BE5E3F275DFCBEBD
:10499000BEF65D3FB217FFBE532D5D3FE4E700BF9B
:1049A000C7615C3FB14202BF1A945B3F3D9C03BFAD
:1049B00050C45A3F84F404BF6AF2593F824B06BF89
:1049C0006A1E593F36A107BF5348583F9BF508BFA1
:1049D0002670573FAD480ABFE595563F6B9A0BBF0F
:1049E00093B9553FD0EA0CBF31DB543FDA390EBFE3
:1049F000C3FA533F84870FBF4918533FCDD310BF2D
:104A0000C633523FB01E12BF3D4D513F2A6813BFFF
:104A1000AF64503F39B014BF1F7A4F3FD9F615BF6E
:104A2000908D4E3F073C17BF029F4D3FC07F18BF80
:104A300079AE4C3F00C219BFF8BB4B3FC6021BBF4B
:104A40007FC74A3F0C421CBF12D1493FD17F1DBFD7
:104A5000B3D8483F12BC1EBF65DE473FCBF61FBF31
:104A60002AE2463FF92F21BF03E4453F996722BF61
:104A7000F5E3443FA99D23BF00E2433F25D224BF75
:104A800029DE423F0A0526BF70D8413F563627BF70
:104A9000DAD0403F056628BF67C73F3F159429BF5E
:104AA0001BBC3E3F82C02ABFF9AE3D3F4AEB2BBF45
:104AB00003A03C3F69142DBF3B8F3B3FDE3B2EBF25
:104AC000A47C3A3FA5612FBF4268393FBB8530BF08
:104AD0001652383F1DA831BF233A373FC9C832BFED
:104AE0006C20363FBCE733BFF304353FF30435BFDA
:104AF000BCE7333F6C2036BFC9C8323F233A37BFCB
:104B00001DA8313F165238BFBB85303F426839BFC0
:104B1000A5612F3FA47C3ABFDE3B2E3F3B8F3BBFBE
:104B200069142D3F03A03CBF4AEB2B3FF9AE3DBFBC
:104B300082C02A3F1BBC3EBF1594293F67C73FBFB9
:104B40000566283FDAD040BF5636273F70D841BFB0
:104B50000A05263F29DE42BF25D2243F00E243BF9B
:104B6000A99D233FF5E344BF9967223F03E445BF76
:104B7000F92F213F2AE246BFCBF61F3F65DE47BF34
:104B800012BC1E3FB3D848BFD17F1D3F12D149BFD1
:104B90000C421C3F7FC74ABFC6021B3FF8BB4BBF3E
:104BA00000C2193F79AE4CBFC07F183F029F4DBF76
:104BB000073C173F908D4EBFD9F6153F1F7A4FBF68
:104BC00039B0143FAF6450BF2A68133F3D4D51BF09
:104BD000B01E123FC63352BFCDD3103F491853BF4A
:104BE00084870F3FC3FA53BFDA390E3F31DB54BF1E
:104BF000D0EA0C3F93B955BF6B9A0B3FE59556BF72
:104C0000AD480A3F267057BF9BF5083F534858BF31
:104C100036A1073F6A1E59BF824B063F6AF259BF51
:104C200084F4043F50C45ABF3D9C033F1A945BBFB9
:104C3000B142023FC7615CBFE4E7003F532D5DBF57
:104C4000B217FF3EBEF65DBF275DFC3E05BE5EBFF0
:104C50002DA0F93E27835FBFCBE0F63E214660BF23
:104C6000071FF43EF20661BFEA5AF13E98C561BFE4
:104C70007994EE3E108262BFBBCBEB3E5A3C63BFE1
:104C8000B700E93E73F463BF7533E63E59AA64BFCB
:104C9000FA63E33E0B5E65BF4F92E03E880F66BF4E
:104CA00079BEDD3ECCBE66BF80E8DA3ED86B67BF1A
:104CB0006B10D83EA81668BF4136D53E3CBF68BFD2
:104CC000095AD23E916569BFCA7BCF3EA7096ABF28
:104CD0008B9BCC3E7BAB6ABF53B9C93E0C4B6BBFC1
:104CE00029D5C63E58E86BBF15EFC33E5E836CBF47
:104CF0001E07C13E1D1C6DBF4A1DBE3E93B26DBF57
:104D0000A031BB3EBE466EBF2A44B83E9ED86EBFA1
:104D1000EC54B53E30686FBFEF63B23E73F56FBFC2
:104D20003A71AF3E668070BFD47CAC3E080971BF5B
:104D3000C486A93E578F71BF128FA63E521372BF11
:104D4000C595A33EF89472BFE59AA03E471473BF81
:104D5000789E9D3E3F9173BF86A09A3EDD0B74BF47
:104D600017A1973E228474BF31A0943E0BFA74BF02
:104D7000DD9D913E976D75BF229A8E3EC6DE75BF52
:104D800007958B3E974D76BF938E883E07BA76BFC8
:104D9000CE86853E172477BFC07D823EC58B77BF08
:104DA000E1E67E3E10F177BFCCCF783EF85378BF76
:104DB00051B6723E7BB478BF7F9A6C3E981279BF31
:104DC000667C663E4E6E79BF135C603E9DC779BFC0
:104DD00097395A3E841E7ABF0115543E02737ABF3A
:104DE00060EE4D3E16C57ABFC2C5473EBE147BBFBE
:104DF000379B413EFC617BBFCF6E3B3ECDAC7BBF62
:104E00009840353E31F57BBFA2102F3E283B7CBF3A
:104E1000FCDE283EB07E7CBFB6AB223EC9BF7CBF65
:104E2000DE761C3E73FE7CBF8340163EAC3A7DBFEF
:104E3000B708103E74747DBF86CF093ECCAB7DBFF2
:104E40000295033EB1E07DBF73B2FA3D24137EBFED
:104E50007638EE3D23437EBF2EBCE13DB0707EBF71
:104E6000B93DD53DC99B7EBF36BDC83D6DC47EBF33
:104E7000C33ABC3D9DEA7EBF80B6AF3D580E7FBFB2
:104E80008C30A33D9D2F7FBF05A9963D6D4E7FBF02
:104E90000A208A3DC76A7FBF742B7B3DAB847FBFEE
:104EA0006814623D189C7FBF2FFB483D0FB17FBF48
:104EB00007E02F3D8FC37FBF2CC3163D98D37FBF24
:104EC000B949FB3C29E17FBFB00AC93C43EC7FBF35
:104ED000B6C9963CE6F47FBF900E493C11FB7FBFFC
:104EE000890FC93BC4FE7FBF000000000000803F67
:104EF000900E493C11FB7F3FB00AC93C43EC7F3F19
:104F00002CC3163D98D37F3F2FFB483D0FB17F3F09
:104F1000742B7B3DAB847F3F05A9963D6D4E7F3F53
:104F200080B6AF3D580E7F3F36BDC83D6DC47E3F55
:104F30002EBCE13DB0707E3F73B2FA3D24137E3F3C
:104F400086CF093ECCAB7D3F8340163EAC3A7D3FD9
:104F5000B6AB223EC9BF7C3FA2102F3E283B7C3F10
:104F6000CF6E3B3ECDAC7B3FC2C5473EBE147B3FC0
:104F70000115543E02737A3F135C603E9DC7793F32
:104F80007F9A6C3E9812793FCCCF783EF853783FA9
:104F9000C07D823EC58B773F938E883E07BA763FB1
:104FA000229A8E3EC6DE753F31A0943E0BFA743FC6
:104FB00086A09A3EDD0B743FE59AA03E4714733FEE
:104FC000128FA63E5213723FD47CAC3E0809713F4B
:104FD000EF63B23E73F56F3F2A44B83E9ED86E3FF2
:104FE0004A1DBE3E93B26D3F15EFC33E5E836C3FDC
:104FF00053B9C93E0C4B6B3FCA7BCF3EA7096A3FF2
:105000004136D53E3CBF683F80E8DA3ED86B673F0B
:105010004F92E03E880F663F7533E63E59AA643FE3
:10502000BBCBEB3E5A3C633FEA5AF13E98C5613F29
:10503000CBE0F63E2146603F275DFC3E05BE5E3F6D
:10504000E4E7003F532D5D3F3D9C033F1A945B3FD7
:10505000824B063F6AF2593F9BF5083F5348583F41
:105060006B9A0B3FE595563FDA390E3F31DB543FE3
:10507000CDD3103F4918533F2A68133F3D4D513F50
:10508000D9F6153F1F7A4F3FC07F183F029F4D3F13
:10509000C6021B3FF8BB4B3FD17F1D3F12D1493F9A
:1050A000CBF61F3F65DE473F9967223F03E4453F4C
:1050B00025D2243F00E2433F5636273F70D8413F78
:1050C0001594293F67C73F3F4AEB2B3FF9AE3D3F61
:1050D000DE3B2E3F3B8F3B3FBB85303F4268393F35
:1050E000C9C8323F233A373FF304353FF304353F15
:1050F000233A373FC9C8323F4268393FBB85303F0A
:105100003B8F3B3FDE3B2E3FF9AE3D3F4AEB2B3F13
:1051100067C73F3F1594293F70D8413F5636273F18
:1051200000E2433F25D2243F03E4453F9967223FF5
:1051300065DE473FCBF61F3F12D1493FD17F1D3F70
:10514000F8BB4B3FC6021B3F029F4D3FC07F183F3D
:105150001F7A4F3FD9F6153F3D4D513F2A68133F07
:105160004918533FCDD3103F31DB543FDA390E3F5E
:10517000E595563F6B9A0B3F5348583F9BF5083FC8
:105180006AF2593F824B063F1A945B3F3D9C033FB6
:10519000532D5D3FE4E7003F05BE5E3F275DFC3ECB
:1051A0002146603FCBE0F63E98C5613FEA5AF13EAA
:1051B0005A3C633FBBCBEB3E59AA643F7533E63E96
:1051C000880F663F4F92E03ED86B673F80E8DA3E3B
:1051D0003CBF683F4136D53EA7096A3FCA7BCF3EF8
:1051E0000C4B6B3F53B9C93E5E836C3F15EFC33E1A
:1051F00093B26D3F4A1DBE3E9ED86E3F2A44B83ED4
:1052000073F56F3FEF63B23E0809713FD47CAC3E4B
:105210005213723F128FA63E4714733FE59AA03E89
:10522000DD0B743F86A09A3E0BFA743F31A0943E8A
:10523000C6DE753F229A8E3E07BA763F938E883E31
:10524000C58B773FC07D823EF853783FCCCF783E08
:105250009812793F7F9A6C3E9DC7793F135C603E00
:1052600002737A3F0115543EBE147B3FC2C5473ED0
:10527000CDAC7B3FCF6E3B3E283B7C3FA2102F3E08
:10528000C9BF7C3FB6AB223EAC3A7D3F8340163E61
:10529000CCAB7D3F86CF093E24137E3F73B2FA3DEF
:1052A000B0707E3F2EBCE13D6DC47E3F36BDC83D33
:1052B000580E7F3F80B6AF3D6D4E7F3F05A9963DAE
:1052C000AB847F3F742B7B3D0FB17F3F2FFB483D6D
:1052D00098D37F3F2CC3163D43EC7F3FB00AC93CB7
:1052E00011FB7F3F900E493C0000803F0000000012
:1052F00011FB7F3F900E49BC43EC7F3FB00AC9BC15
:1053000098D37F3F2CC316BD0FB17F3F2FFB48BD05
:10531000AB847F3F742B7BBD6D4E7F3F05A996BD4F
:10532000580E7F3F80B6AFBD6DC47E3F36BDC8BD51
:10533000B0707E3F2EBCE1BD24137E3F73B2FABD38
:10534000CCAB7D3F86CF09BEAC3A7D3F834016BED5
:10535000C9BF7C3FB6AB22BE283B7C3FA2102FBE0C
:10536000CDAC7B3FCF6E3BBEBE147B3FC2C547BEBC
:1053700002737A3F011554BE9DC7793F135C60BE2E
:105380009812793F7F9A6CBEF853783FCCCF78BEA5
:10539000C58B773FC07D82BE07BA763F938E88BEAD
:1053A000C6DE753F229A8EBE0BFA743F31A094BEC2
:1053B000DD0B743F86A09ABE4714733FE59AA0BEEA
:1053C0005213723F128FA6BE0809713FD47CACBE47
:1053D00073F56F3FEF63B2BE9ED86E3F2A44B8BEEE
:1053E00093B26D3F4A1DBEBE5E836C3F15EFC3BED8
:1053F0000C4B6B3F53B9C9BEA7096A3FCA7BCFBEEE
:105400003CBF683F4136D5BED86B673F80E8DABE07
:10541000880F663F4F92E0BE59AA643F7533E6BEDF
:105420005A3C633FBBCBEBBE98C5613FEA5AF1BE25
:105430002146603FCBE0F6BE05BE5E3F275DFCBE69
:10544000532D5D3FE4E700BF1A945B3F3D9C03BFD3
:105450006AF2593F824B06BF5348583F9BF508BF3D
:10546000E595563F6B9A0BBF31DB543FDA390EBFDF
:105470004918533FCDD310BF3D4D513F2A6813BF4C
:105480001F7A4F3FD9F615BF029F4D3FC07F18BF0F
:10549000F8BB4B3FC6021BBF12D1493FD17F1DBF96
:1054A00065DE473FCBF61FBF03E4453F996722BF48
:1054B00000E2433F25D224BF70D8413F563627BF74
:1054C00067C73F3F159429BFF9AE3D3F4AEB2BBF5D
:1054D0003B8F3B3FDE3B2EBF4268393FBB8530BF31
:1054E000233A373FC9C832BFF304353FF30435BF11
:1054F000C9C8323F233A37BFBB85303F426839BF06
:10550000DE3B2E3F3B8F3BBF4AEB2B3FF9AE3DBF0F
:105510001594293F67C73FBF5636273F70D841BF14
:1055200025D2243F00E243BF9967223F03E445BFF1
:10553000CBF61F3F65DE47BFD17F1D3F12D149BF6C
:10554000C6021B3FF8BB4BBFC07F183F029F4DBF39
:10555000D9F6153F1F7A4FBF2A68133F3D4D51BF03
:10556000CDD3103F491853BFDA390E3F31DB54BF5A
:105570006B9A0B3FE59556BF9BF5083F534858BFC4
:10558000824B063F6AF259BF3D9C033F1A945BBFB2
:10559000E4E7003F532D5DBF275DFC3E05BE5EBFC7
:1055A000CBE0F63E214660BFEA5AF13E98C561BFA6
:1055B000BBCBEB3E5A3C63BF7533E63E59AA64BF92
:1055C0004F92E03E880F66BF80E8DA3ED86B67BF37
:1055D0004136D53E3CBF68BFCA7BCF3EA7096ABFF4
:1055E00053B9C93E0C4B6BBF15EFC33E5E836CBF16
:1055F0004A1DBE3E93B26DBF2A44B83E9ED86EBFD0
:10560000EF63B23E73F56FBFD47CAC3E080971BF47
:10561000128FA63E521372BFE59AA03E471473BF85
:1056200086A09A3EDD0B74BF31A0943E0BFA74BF86
:10563000229A8E3EC6DE75BF938E883E07BA76BF2D
:10564000C07D823EC58B77BFCCCF783EF85378BF04
:105650007F9A6C3E981279BF135C603E9DC779BFFC
:105660000115543E02737ABFC2C5473EBE147BBFCC
:10567000CF6E3B3ECDAC7BBFA2102F3E283B7CBF04
:10568000B6AB223EC9BF7CBF8340163EAC3A7DBF5D
:1056900086CF093ECCAB7DBF73B2FA3D24137EBFEB
:1056A0002EBCE13DB0707EBF36BDC83D6DC47EBF2F
:1056B00080B6AF3D580E7FBF05A9963D6D4E7FBFAA
:1056C000742B7B3DAB847FBF2FFB483D0FB17FBF69
:1056D0002CC3163D98D37FBFB00AC93C43EC7FBFB3
:1056E000900E493C11FB7FBF000000000000803F8E
:1056F000B00AC93C43EC7F3F2FFB483D0FB17F3FD1
:1057000005A9963D6D4E7F3F36BDC83D6DC47E3FB9
:1057100073B2FA3D24137E3F8340163EAC3A7D3F80
:10572000A2102F3E283B7C3FC2C5473EBE147B3FA4
:10573000135C603E9DC7793FCCCF783EF853783FED
:10574000938E883E07BA763F31A0943E0BFA743FA1
:10575000E59AA03E4714733FD47CAC3E0809713FE4
:105760002A44B83E9ED86E3F15EFC33E5E836C3F21
:10577000CA7BCF3EA7096A3F80E8DA3ED86B673F15
:105780007533E63E59AA643FEA5AF13E98C5613F37
:10579000275DFC3E05BE5E3F3D9C033F1A945B3F88
:1057A0009BF5083F5348583FDA390E3F31DB543FF1
:1057B0002A68133F3D4D513FC07F183F029F4D3F28
:1057C000D17F1D3F12D1493F9967223F03E4453FF6
:1057D0005636273F70D8413F4AEB2B3FF9AE3D3F4D
:1057E000BB85303F4268393FF304353FF304353F12
:1057F0004268393FBB85303FF9AE3D3F4AEB2B3F16
:1058000070D8413F5636273F03E4453F9967223F12
:1058100012D1493FD17F1D3F029F4D3FC07F183FAE
:105820003D4D513F2A68133F31DB543FDA390E3F7B
:105830005348583F9BF5083F1A945B3F3D9C033FFC
:1058400005BE5E3F275DFC3E98C5613FEA5AF13ECA
:1058500059AA643F7533E63ED86B673F80E8DA3E6D
:10586000A7096A3FCA7BCF3E5E836C3F15EFC33EFC
:105870009ED86E3F2A44B83E0809713FD47CAC3EA6
:105880004714733FE59AA03E0BFA743F31A0943E53
:1058900007BA763F938E883EF853783FCCCF783E58
:1058A0009DC7793F135C603EBE147B3FC2C5473E37
:1058B000283B7C3FA2102F3EAC3A7D3F8340163EF2
:1058C00024137E3F73B2FA3D6DC47E3F36BDC83DA2
:1058D0006D4E7F3F05A9963D0FB17F3F2FFB483DA1
:1058E00043EC7F3FB00AC93C0000803F000000004D
:1058F00043EC7F3FB00AC9BC0FB17F3F2FFB48BDCF
:105900006D4E7F3F05A996BD6DC47E3F36BDC8BDB7
:1059100024137E3F73B2FABDAC3A7D3F834016BE7E
:10592000283B7C3FA2102FBEBE147B3FC2C547BEA2
:105930009DC7793F135C60BEF853783FCCCF78BEEB
:1059400007BA763F938E88BE0BFA743F31A094BE9F
:105950004714733FE59AA0BE0809713FD47CACBEE2
:105960009ED86E3F2A44B8BE5E836C3F15EFC3BE1F
:10597000A7096A3FCA7BCFBED86B673F80E8DABE13
:1059800059AA643F7533E6BE98C5613FEA5AF1BE35
:1059900005BE5E3F275DFCBE1A945B3F3D9C03BF86
:1059A0005348583F9BF508BF31DB543FDA390EBFEF
:1059B0003D4D513F2A6813BF029F4D3FC07F18BF26
:1059C00012D1493FD17F1DBF03E4453F996722BFF4
:1059D00070D8413F563627BFF9AE3D3F4AEB2BBF4B
:1059E0004268393FBB8530BFF304353FF30435BF10
:1059F000BB85303F426839BF4AEB2B3FF9AE3DBF14
:105A00005636273F70D841BF9967223F03E445BF10
:105A1000D17F1D3F12D149BFC07F183F029F4DBFAC
:105A20002A68133F3D4D51BFDA390E3F31DB54BF79
:105A30009BF5083F534858BF3D9C033F1A945BBFFA
:105A4000275DFC3E05BE5EBFEA5AF13E98C561BFC8
:105A50007533E63E59AA64BF80E8DA3ED86B67BF6B
:105A6000CA7BCF3EA7096ABF15EFC33E5E836CBFFA
:105A70002A44B83E9ED86EBFD47CAC3E080971BFA4
:105A8000E59AA03E471473BF31A0943E0BFA74BF51
:105A9000938E883E07BA76BFCCCF783EF85378BF56
:105AA000135C603E9DC779BFC2C5473EBE147BBF35
:105AB000A2102F3E283B7CBF8340163EAC3A7DBFF0
:105AC00073B2FA3D24137EBF36BDC83D6DC47EBFA0
:105AD00005A9963D6D4E7FBF2FFB483D0FB17FBF9F
:105AE000B00AC93C43EC7FBF000000000000803FCB
:105AF0002FFB483D0FB17F3F36BDC83D6DC47E3F93
:105B00008340163EAC3A7D3FC2C5473EBE147B3F44
:105B1000CCCF783EF853783F31A0943E0BFA743FD7
:105B2000D47CAC3E0809713F15EFC33E5E836C3FE9
:105B300080E8DA3ED86B673FEA5AF13E98C5613F8C
:105B40003D9C033F1A945B3FDA390E3F31DB543FF3
:105B5000C07F183F029F4D3F9967223F03E4453FB6
:105B60004AEB2B3FF9AE3D3FF304353FF304353F9D
:105B7000F9AE3D3F4AEB2B3F03E4453F9967223F97
:105B8000029F4D3FC07F183F31DB543FDA390E3F53
:105B90001A945B3F3D9C033F98C5613FEA5AF13E32
:105BA000D86B673F80E8DA3E5E836C3F15EFC33EFB
:105BB0000809713FD47CAC3E0BFA743F31A0943E8F
:105BC000F853783FCCCF783EBE147B3FC2C5473EEA
:105BD000AC3A7D3F8340163E6DC47E3F36BDC83D26
:105BE0000FB17F3F2FFB483D0000803F00000000C9
:105BF0000FB17F3F2FFB48BD6DC47E3F36BDC8BD92
:105C0000AC3A7D3F834016BEBE147B3FC2C547BE43
:105C1000F853783FCCCF78BE0BFA743F31A094BED6
:105C20000809713FD47CACBE5E836C3F15EFC3BEE8
:105C3000D86B673F80E8DABE98C5613FEA5AF1BE8B
:105C40001A945B3F3D9C03BF31DB543FDA390EBFF2
:105C5000029F4D3FC07F18BF03E4453F996722BFB5
:105C6000F9AE3D3F4AEB2BBFF304353FF30435BF9C
:105C70004AEB2B3FF9AE3DBF9967223F03E445BF96
:105C8000C07F183F029F4DBFDA390E3F31DB54BF52
:105C90003D9C033F1A945BBFEA5AF13E98C561BF31
:105CA00080E8DA3ED86B67BF15EFC33E5E836CBFFA
:105CB000D47CAC3E080971BF31A0943E0BFA74BF8E
:105CC000CCCF783EF85378BFC2C5473EBE147BBFE9
:105CD0008340163EAC3A7DBF36BDC83D6DC47EBF25
:105CE0002FFB483D0FB17FBF000000000000803F48
:105CF00036BDC83D6DC47E3FC2C5473EBE147B3F26
:105D000031A0943E0BFA743F15EFC33E5E836C3FA7
:105D1000EA5AF13E98C5613FDA390E3F31DB543F14
:105D20009967223F03E4453FF304353FF304353FD1
:105D300003E4453F9967223F31DB543FDA390E3F98
:105D400098C5613FEA5AF13E5E836C3F15EFC33E52
:105D50000BFA743F31A0943EBE147B3FC2C5473E50
:105D60006DC47E3F36BDC83D0000803F000000008E
:105D70006DC47E3F36BDC8BDBE147B3FC2C547BEA5
:105D80000BFA743F31A094BE5E836C3F15EFC3BE27
:105D900098C5613FEA5AF1BE31DB543FDA390EBF94
:105DA00003E4453F996722BFF304353FF30435BF51
:105DB0009967223F03E445BFDA390E3F31DB54BF18
:105DC000EA5AF13E98C561BF15EFC33E5E836CBFD2
:105DD00031A0943E0BFA74BFC2C5473EBE147BBFD0
:105DE00036BDC83D6DC47EBF000000000000803F8E
:105DF000C2C5473EBE147B3F15EFC33E5E836C3F7A
:105E0000DA390E3F31DB543FF304353FF304353FBD
:105E100031DB543FDA390E3F5E836C3F15EFC33EF2
:105E2000BE147B3FC2C5473E0000803F000000001B
:105E3000BE147B3FC2C547BE5E836C3F15EFC3BE39
:105E400031DB543FDA390EBFF304353FF30435BF7D
:105E5000DA390E3F31DB54BF15EFC33E5E836CBFB2
:105E6000C2C5473EBE147BBF0800001010000020D2
:105E7000180000302000000228000012300000222C
:105E80003800003240000004480000145000002494
:105E900058000034600000066800001670000026FC
:105EA0007800003680000008880000189000002864
:105EB00098000038A000000AA800001AB000002ACC
:105EC000B800003AC000000CC800001CD000002C34
:105ED000D800003CE000000EE800001EF000002E9C
:105EE000F800003E000100040801401010014020AD
:105EF00018014030200140022801401230014022A8
:105F0000380140324001400448014014500140240F
:105F10005801403460014006680140167001402677
:105F200078014036800140088801401890014028DF
:105F300098014038A001400AA801401AB001402A47
:105F4000B801403AC001400CC801401CD001402CAF
:105F5000D801403CE001400EE801401EF001402E17
:105F6000F801403E00020008080280101002802064
:105F70001802803020028002280280123002802223
:105F8000380280324002800448028014500280248B
:105F900058028034600280066802801670028026F3
:105FA000780280368002800888028018900280285B
:105FB00098028038A002800AA802801AB002802AC3
:105FC000B802803AC002800CC802801CD002802C2B
:105FD000D802803CE002800EE802801EF002802E93
:105FE000F802803E0003000C0803C0101003C0201C
:105FF0001803C0302003800C2803C0123003C022D5
:106000003803C0324003C0044803C0145003C02406
:106010005803C0346003C0066803C0167003C0266E
:106020007803C0368003C0088803C0189003C028D6
:106030009803C038A003C00AA803C01AB003C02A3E
:10604000B803C03AC003C00CC803C01CD003C02CA6
:10605000D803C03CE003C00EE803C01EF003C02E0E
:10606000F803C03E08040011100400211804003198
:106070002004000C280400133004002338040033EB
:10608000400400054804001550040025580400355C
:1060900060040007680400177004002778040037C4
:1060A000800400098804001990040029980400392C
:1060B000A004000BA804001BB004002BB804003B94
:1060C000C004000DC804001DD004002DD804003DFC
:1060D000E004000FE804001FF004002FF804003F64
:1060E0000805401110054021180540312005000D1C
:1060F0002805401330054023380540334805401536
:106100005005402558054035600540076805401793
:1061100070054027780540378005400988054019FB
:106120009005402998054039A005400BA805401B63
:10613000B005402BB805403BC005400DC805401DCB
:10614000D005402DD805403DE005400FE805401F33
:10615000F005402FF805403F000640080806801172
:1061600010068021180680312006C00828068013FA
:1061700030068023380680334006400948068015E3
:10618000500680255806803560068007680680170F
:106190007006802778068037800680098806801977
:1061A0009006802998068039A006800BA806801BDF
:1061B000B006802BB806803BC006800DC806801D47
:1061C000D006802DD806803DE006800FE806801FAF
:1061D000F006802FF806803F0007400C0807C0112A
:1061E0001007C0211807C0312007C00C2807C013B2
:1061F0003007C0233807C0334007400D4807C0159B
:106200005007C0255807C0356007C0076807C0178A
:106210007007C0277807C0378007C0098807C019F2
:106220009007C0299807C039A007C00BA807C01B5A
:10623000B007C02BB807C03BC007C00DC807C01DC2
:10624000D007C02DD807C03DE007C00FE807C01F2A
:10625000F007C02FF807C03F00080010080808101A
:106260001008082018080830200880102808081294
:10627000300808223808083240080011480808147D
:106280005008082458080834600880116808081667
:10629000700808267808083680080810880808184A
:1062A0009008082898080838A008080AA808081ABA
:1062B000B008082AB808083AC008080CC808081C22
:1062C000D008082CD808083CE008080EE808081E8A
:1062D000F008082EF808083E0009001408094810C4
:1062E000100948201809483020098014280948124C
:1062F0003009482238094832400900154809481435
:10630000500948245809483460098015680948161E
:106310007009482678094836800908148809481801
:106320009009482898094838A009480AA809481A35
:10633000B009482AB809483AC009480CC809481C9D
:10634000D009482CD809483CE009480EE809481E05
:10635000F009482EF809483E000A0018080A88107B
:10636000100A8820180A8830200A8018280A881203
:10637000300A8822380A8832400A0019480A8814EC
:10638000500A8824580A8834600A8019680A8816D6
:10639000700A8826780A8836800A0818880A8818B9
:1063A000900A8828980A8838A00A8818A80A881AA3
:1063B000B00A882AB80A883AC00A880CC80A881C19
:1063C000D00A882CD80A883CE00A880EE80A881E81
:1063D000F00A882EF80A883E000B001C080BC81033
:1063E000100BC820180BC830200B801C280BC812BB
:1063F000300BC822380BC832400B001D480BC814A4
:10640000500BC824580BC834600B801D680BC8168D
:10641000700BC826780BC836800B081C880BC81870
:10642000900BC828980BC838A00B881CA80BC81A5A
:10643000B00BC82AB80BC83AC00BC80CC80BC81C94
:10644000D00BC82CD80BC83CE00BC80EE80BC81EFC
:10645000F00BC82EF80BC83E000C4010080C0811B9
:10646000100C0821180C0831200CC010280C08133F
:10647000300C0823380C0833400C4011480C081528
:10648000500C0825580C0835600CC011680C081712
:10649000700C0827780C0837800C4810880C0819F5
:1064A000900C0829980C0839A00CC810A80C081BDF
:1064B000B00C082BB80C083BC00C080DC80C081D0C
:1064C000D00C082DD80C083DE00C080FE80C081F74
:1064D000F00C082FF80C083F000D4014080D48116F
:1064E000100D4821180D4831200DC014280D4813F7
:1064F000300D4823380D4833400D4015480D4815E0
:10650000500D4825580D4835600DC015680D4817C9
:10651000700D4827780D4837800D4814880D4819AC
:10652000900D4829980D4839A00DC814A80D481B96
:10653000B00D482BB80D483BC00D4815C80D481D7F
:10654000D00D482DD80D483DE00D480FE80D481FEF
:10655000F00D482FF80D483F000E4018080E881126
:10656000100E8821180E8831200EC018280E8813AE
:10657000300E8823380E8833400E4019480E881597
:10658000500E8825580E8835600EC019680E881781
:10659000700E8827780E8837800E4818880E881964
:1065A000900E8829980E8839A00EC818A80E881B4E
:1065B000B00E882BB80E883BC00E4819C80E881D37
:1065C000D00E882DD80E883DE00E880FE80E881F6B
:1065D000F00E882FF80E883F000F401C080FC811DE
:1065E000100FC821180FC831200FC01C280FC81366
:1065F000300FC823380FC833400F401D480FC8154F
:10660000500FC825580FC835600FC01D680FC81738
:10661000700FC827780FC837800F481C880FC8191B
:10662000900FC829980FC839A00FC81CA80FC81B05
:10663000B00FC82BB80FC83BC00F481DC80FC81DEE
:10664000D00FC82DD80FC83DE00FC81DE80FC81FD8
:10665000F00FC82FF80FC83F0010002008101010CE
:106660001010102018101030201080202810101248
:106670003010102238101032401000214810101431
:10668000501010245810103460108021681010161B
:1066900070101026781010368010082088101018FE
:1066A0009010102898101038A0108820A810101AE8
:1066B000B010102AB810103AC0100821C810101CD1
:1066C000D010102CD810103CE0108821E810101EBB
:1066D000F010102EF810103E0011002408111024A4
:1066E0001011502018115030201180242811501200
:1066F00030115022381150324011002548115014E9
:1067000050115024581150346011802568115016D2
:1067100070115026781150368011082488115018B5
:106720009011502898115038A0118824A811501A9F
:10673000B011502AB811503AC0110825C811501C88
:10674000D011502CD811503CE0118825E811501E72
:10675000F011502EF811503E001200280812102897
:1067600010129020181290302012802828129012B7
:1067700030129022381290324012002948129014A0
:10678000501290245812903460128029681290168A
:10679000701290267812903680120828881290186D
:1067A0009012902898129038A0128828A812901A57
:1067B000B012902AB812903AC0120829C812901C40
:1067C000D012902CD812903CE0128829E812901E2A
:1067D000F012902EF812903E0013002C0813102C8B
:1067E0001013D0201813D0302013802C2813902C95
:1067F0003013D0223813D0324013002D4813D01458
:106800005013D0245813D0346013802D6813D01641
:106810007013D0267813D0368013082C8813D01824
:106820009013D0289813D038A013882CA813D01A0E
:10683000B013D02AB813D03AC013082DC813D01CF7
:10684000D013D02CD813D03CE013882DE813D01EE1
:10685000F013D02EF813D03E00144020081450201E
:1068600010141021181410312014C0202814D02026
:1068700030141023381410334014402148141015DC
:1068800050141025581410356014C02168141017C6
:1068900070141027781410378014482088141019A9
:1068A0009014102998141039A014C820A814101B93
:1068B000B014102BB814103BC0144821C814101D7C
:1068C000D014102DD814103DE014C821E814101F66
:1068D000F014102FF814103F001540240815502410
:1068E00010155021181550312015C0242815D0241A
:1068F0003015502338155033401540254815501594
:1069000050155025581550356015C025681550177D
:106910007015502778155037801548248815501960
:106920009015502998155039A015C824A815501B4A
:10693000B015502BB815503BC0154825C815501D33
:10694000D015502DD815503DE015C825E815501F1D
:10695000F015502FF815503F001640280816502803
:1069600010169021181690312016C0282816D0280D
:106970003016902338169033401640294816502977
:1069800050169025581690356016C0296816901735
:106990007016902778169037801648288816901918
:1069A0009016902998169039A016C828A816901B02
:1069B000B016902BB816903BC0164829C816901DEB
:1069C000D016902DD816903DE016C829E816901FD5
:1069D000F016902FF816903F0017402C0817502CF7
:1069E0001017D0211817D0312017C02C2817D02C01
:1069F0003017D0233817D0334017402D4817502D6B
:106A00005017D0255817D0356017C02D6817D017EC
:106A10007017D0277817D0378017482C8817D019CF
:106A20009017D0299817D039A017C82CA817D01BB9
:106A3000B017D02BB817D03BC017482DC817D01DA2
:106A4000D017D02DD817D03DE017C82DE817D01F8C
:106A5000F017D02FF817D03F00180030081810306A
:106A60001018182018181830201880302818903066
:106A700030181822381818324018003148181031D0
:106A8000501818245818183460188031681890313C
:106A9000701818267818183680180830881818309A
:106AA0009018182898181838A0188830A818181A9C
:106AB000B018182AB818183AC0180831C818181C85
:106AC000D018182CD818183CE0188831E818181E6F
:106AD000F018182EF818183E001900340819103450
:106AE000101958201819583020198034281990345A
:106AF00030195822381958324019003548191035C4
:106B0000501958245819583460198035681990352F
:106B1000701958267819583680190834881918348D
:106B20009019582898195838A0198834A819581A53
:106B3000B019582AB819583AC0190835C819581C3C
:106B4000D019582CD819583CE0198835E819581E26
:106B5000F019582EF819583E001A0038081A103843
:106B6000101A9820181A9830201A8038281A90384D
:106B7000301A9822381A9832401A0039481A1039B7
:106B8000501A9824581A9834601A8039681A903923
:106B9000701A9826781A9836801A0838881A183881
:106BA000901A9828981A9838A01A8838A81A9838ED
:106BB000B01A982AB81A983AC01A0839C81A981CF4
:106BC000D01A982CD81A983CE01A8839E81A981EDE
:106BD000F01A982EF81A983E001B003C081B103C37
:106BE000101BD820181BD830201B803C281B903C41
:106BF000301BD822381BD832401B003D481B103DAB
:106C0000501BD824581BD834601B803D681B903D16
:106C1000701BD826781BD836801B083C881B183C74
:106C2000901BD828981BD838A01B883CA81B983CE0
:106C3000B01BD82AB81BD83AC01B083DC81BD81CAB
:106C4000D01BD82CD81BD83CE01B883DE81BD81E95
:106C5000F01BD82EF81BD83E001C4030081C5030CA
:106C6000101C1821181C1831201CC030281CD030D2
:106C7000301C1823381C1833401C4031481C50313C
:106C8000501C1825581C1835601CC031681CD031A8
:106C9000701C1827781C1837801C4830881C583006
:106CA000901C1829981C1839A01CC830A81CD83072
:106CB000B01C182BB81C183BC01C4831C81C181D30
:106CC000D01C182DD81C183DE01CC831E81C181F1A
:106CD000F01C182FF81C183F001D4034081D5034BC
:106CE000101D5821181D5831201DC034281DD034C6
:106CF000301D5823381D5833401D4035481D503530
:106D0000501D5825581D5835601DC035681DD0359B
:106D1000701D5827781D5837801D4834881D5834F9
:106D2000901D5829981D5839A01DC834A81DD83465
:106D3000B01D582BB81D583BC01D4835C81D5835CF
:106D4000D01D582DD81D583DE01DC835E81D581FD1
:106D5000F01D582FF81D583F001E4038081E5038AF
:106D6000101E9821181E9831201EC038281ED038B9
:106D7000301E9823381E9833401E4039481E503923
:106D8000501E9825581E9835601EC039681ED0398F
:106D9000701E9827781E9837801E4838881E5838ED
:106DA000901E9829981E9839A01EC838A81ED83859
:106DB000B01E982BB81E983BC01E4839C81E5839C3
:106DC000D01E982DD81E983DE01EC839E81E981F89
:106DD000F01E982FF81E983F001F403C081F503CA3
:106DE000101FD821181FD831201FC03C281FD03CAD
:106DF000301FD823381FD833401F403D481F503D17
:106E0000501FD825581FD835601FC03D681FD03D82
:106E1000701FD827781FD837801F483C881F583CE0
:106E2000901FD829981FD839A01FC83CA81FD83C4C
:106E3000B01FD82BB81FD83BC01F483DC81F583DB6
:106E4000D01FD82DD81FD83DE01FC83DE81FD83D22
:106E5000F01FD82FF81FD83F0820802010202020B6
:106E6000182020302820802830202022382020326E
:106E7000402000214820C0205020202458202034C9
:106E8000602010246820C02870202026782020361A
:106E9000882080309020202898202038A02008309A
:106EA000A8208038B020202AB820203AC02008210D
:106EB000C820C030D020202CD820203CE020083131
:106EC000E820C038F020202EF820203E00210024A9
:106ED0000821802110211024182160302021202435
:106EE000282180293021602238216032402100256C
:106EF0004821C02150216024582160346021502451
:106F00006821C029702160267821603680210824FC
:106F1000882180319021602898216038A021083490
:106F2000A8218039B021602AB821603AC021082503
:106F3000C821C031D021602CD821603CE021083527
:106F4000E821C039F021602EF821603E0022003097
:106F500008228030102208301822A0302022103061
:106F6000282288283022A0223822A0324022403015
:106F70004822C0305022A0245822A0346022503031
:106F80006822C8287022A0267822A03680222030CD
:106F9000882288309022A0289822A038A022183079
:106FA000A8228838B022A02AB822A03AC022603095
:106FB000C822C830D022A02CD822A03CE022183110
:106FC000E822C838F022A02EF822A03E002300318B
:106FD00008238031102308311823E030202310319A
:106FE00028238829302318313823E03240234031C8
:106FF0004823C0315023E0245823E034602350312B
:107000006823C8297023E0267823E03680231824DB
:10701000882388319023E0289823E038A02318346F
:10702000A8238839B023E02AB823E03AC0231825E2
:10703000C823C831D023E02CD823E03CE023183506
:10704000E823C839F023E02EF823E03E082480240A
:1070500010242024182420312824802C302410319E
:1070600038242033402400254824C02450242025DF
:1070700058242035602410256824C02C7024202733
:10708000782420378824803490242029982420399B
:10709000A0244830A824803CB024202BB824203BD6
:1070A000C0240825C824C034D024202DD824203D55
:1070B000E0244831E824C03CF024202FF824203F6D
:1070C0000825802510252025182560312825802DAC
:1070D00030255031382560334825C025502560259E
:1070E000582560356825C02D7025602778256037C4
:1070F000882580359025602998256039A025483459
:10710000A825803DB025602BB825603BC825C0353B
:10711000D025602DD825603DE0254835E825C03DC7
:10712000F025602FF825603F0026003408268034C3
:10713000102608341826A031202610342826882C42
:10714000302618343826A033402640344826C03430
:10715000502648345826A035602650346826C82C5E
:107160007026A0277826A0378026203488268834E9
:107170009026A0299826A039A0265830A826883C19
:10718000B026A02BB826A03BC0266034C826C83441
:10719000D026A02DD826A03DE0265831E826C83CB0
:1071A000F026A02FF826A03F0027003508278035BD
:1071B000102708351827E031202710352827882D7B
:1071C000302718353827E033402740354827C03569
:1071D000502748355827E035602750356827C82D97
:1071E0007027E0277827E0378027203588278835E3
:1071F0009027E0299827E039A0275834A827883D10
:10720000B027E02BB827E03BC0276035C827C8353A
:10721000D027E02DD827E03DE0275835E827C83DA6
:10722000F027E02FF827E03F0828202810288028A2
:1072300018282830282890283028882838282832EC
:107240004028002C4828202C5028802C58282834EE
:107250006028082C6828D0287028882C78282836A0
:107260008828903098282838A0282830A8289038D6
:10727000B028282AB828283AC028102CC828D0308E
:10728000D028282CD828283CE028182CE828D038EA
:10729000F028282EF828283E0029002C0829082C40
:1072A0001029102C182968302029202C28299029F1
:1072B0003029D030382968324029402C4829602CA8
:1072C0005029C02C582968346029482C6829D029B5
:1072D0007029C82C782968368029802C882990311B
:1072E0009029282C98296838A0292834A829903971
:1072F000B029682AB829683AC029502CC829D03149
:10730000D029682CD829683CE029582CE829D039A4
:10731000F029682EF829683E002A0038082A20380B
:10732000102A8038182AA830202A0838282A283815
:10733000302A8838382AA832402A003C482A203C83
:10734000502A803C582AA834602A083C682A283CE5
:10735000702A883C782AA836802A1038882A9830E3
:10736000902A9038982AA838A02A1838A82A98383D
:10737000B02A9838B82AA83AC02A103CC82AD8306F
:10738000D02AA82CD82AA83CE02A183CE82AD838C9
:10739000F02AA82EF82AA83E002B4038082B603887
:1073A000102BC038182BE830202B4838282B683891
:1073B000302BC838382BE832402B403C482B603CFF
:1073C000502BC03C582BE834602B483C682B683C61
:1073D000702BC83C782BE836802B5038882B98319E
:1073E000902BD038982BE838A02B5838A82B9839F8
:1073F000B02BD838B82BE83AC02B503CC82BD8312A
:10740000D02BE82CD82BE83CE02B583CE82BD83983
:10741000F02BE82EF82BE83E082C202C102C802C8A
:10742000182C2831282C902C302C9031382C2833D3
:10743000402C002D482C202D502C802D582C2835E8
:10744000602C082D682CD02C702C882D782C283797
:10745000882C9034982C2839A02C6830A82C903C8B
:10746000B02C6838B82C283BC02C102DC82CD03438
:10747000D02C282DD82C283DE02C182DE82CD03CE1
:10748000F02C282FF82C283F082D202D102D802D92
:10749000182D6831282D902D302DD031382D68339E
:1074A000482D602D502DC02D582D6835682DD02DBC
:1074B000702DC82D782D6837882D9035982D683916
:1074C000A02D6834A82D903DB02D683CB82D683BA8
:1074D000C82DD035D82D683DE02D6835E82DD03D3C
:1074E000F02D682FF82D683F002E0039082E203926
:1074F000102E8039182EA831202E0839282E283930
:10750000302E8839382EA833402E003D482E203D9D
:10751000502E803D582EA835602E083D682E283DFF
:10752000702E883D782EA837802E1039882E9834FA
:10753000902E9039982EA839A02E1839A82E983C54
:10754000B02E9839B82EA83BC02E103DC82ED83486
:10755000D02E903DD82EA83DE02E183DE82ED83CE8
:10756000F02EA82FF82EA83F002F4039082F6039A1
:10757000102FC039182FE831202F4839282F6839AB
:10758000302FC839382FE833402F403D482F603D19
:10759000502FC03D582FE835602F483D682F683D7B
:1075A000702FC83D782FE837802F5039882F9835B5
:1075B000902FD039982FE839A02F5839A82F983D0F
:1075C000B02FD839B82FE83BC02F503DC82FD83541
:1075D000D02FD03DD82FE83DE02F583DE82FD83DA3
:1075E000F02FD83DF82FE83F1830303038303032A7
:1075F000403000314830083150301031583030348C
:1076000060302031683028317030183478303036AE
:107610008830A03098303038A830A038B030883862
:10762000B830303AC0308031C830E030D03090319E
:10763000D830303CE0308831E830E038F0308839FC
:10764000F830303E00310034083108341031103445
:107650001831183420312034283128343031303476
:1076600038317032403100354831083550311035ED
:1076700058317034603120356831283570315834D4
:1076800078317036803180348831A0319031903437
:1076900098317038A0318834A831A039B031883C95
:1076A000B831703AC0318035C831E031D0319035D1
:1076B000D831703CE0318835E831E039F031883D2F
:1076C000F831703E00320038083280381032083805
:1076D0001832883820321038283290383032183832
:1076E0003832B032403240384832C03850324838F0
:1076F0005832B034603250386832D038703258382E
:107700007832B036803220388832A038903228382B
:107710009832B038A0323038A832A838B032983811
:10772000B832B03AC0326038C832E038D032683847
:10773000D832B03CE0327038E832E838F03298396C
:10774000F832B03E0033003908338039103308393D
:1077500018338839203310392833903930331839A9
:1077600038339839403340394833C0395033483979
:107770005833F034603350396833D0397033583966
:107780007833F036803320398833A0399033283964
:107790009833F038A0339834A833A839B033983CE4
:1077A000B833F03AC0336039C833E039D033683980
:1077B000D833F03CE0339835E833E839F033983D7E
:1077C000F833F03E1834303438341839403400354A
:1077D000483408355034103558343035603420354D
:1077E0006834283570341835783430378834A0340C
:1077F00098343039A834A03CB034C838B834303B61
:10780000C0348035C834E034D0349035D834303D7D
:10781000E0348835E834E03CF034C839F834303F9F
:107820001835303538355839583570357835703722
:107830008835A03598357039A835A03DB035C83C9D
:10784000B835703BC835E035D835703DE835E03D9A
:10785000F035C83DF835703F0036003C0836803CB6
:107860001036083C1836883C2036103C2836903CB0
:107870003036183C3836983C4036403C4836C03CA0
:107880005036483C5836C83C6036503C6836D03C90
:107890007036583C7836B0378036203C8836A03C6D
:1078A0009036283C9836B039A036303CA836A83CF3
:1078B000B036D838B836B03BC036603CC836E03C4D
:1078C000D036683CD836B03DE036703CE836E83C0F
:1078D000F036D839F836B03F0037003D0837803DE4
:1078E0001037083D1837883D2037103D2837903D28
:1078F0003037183D3837983D4037403D4837C03D18
:107900005037483D5837C83D6037503D6837D03D07
:107910007037583D7837F0378037203D8837A03DA5
:107920009037283D9837F039A037303DA837A83D2B
:10793000B037D83CB837F03BC037603DC837E03D82
:10794000D037683DD837F03DE037703DE837E83D47
:10795000F037D83DF837F03F38389838403800399C
:1079600048380839503810395838183960382039B3
:1079700068382839703830397838983CA838B038A9
:10798000B838383AC0388039C8388839D038903952
:10799000D838383CE038A039E838F038F838383E84
:1079A000F038A8390039003C0839083C1039103C3F
:1079B0001839183C2039203C2839283C3039303CD3
:1079C0003839383C4039003D4839083D5039103D80
:1079D0005839183D6039203D6839283D7039303DAF
:1079E0007839D83C8039803C8839883C9039903C43
:1079F0009839983CA039A03CA839B039B839783AC0
:107A0000B039A83CC039803DC839883DD039903D57
:107A1000D839783CE039A03DE839F039F839783E7A
:107A2000F039A83D083A103A103A203A183A303A5C
:107A3000203A803A283A903A303AA03A383AB03A66
:107A4000403A003B483A103B503A203B583A303BD2
:107A5000603A803B683A903B703AA03B783AB03B42
:107A6000883AA03A983AB03AA83AB03AC03A083BB5
:107A7000C83A183BD03A283BD83AB83CE03A883B61
:107A8000E83A983BF03AA83BF83AB83E003B003E53
:107A9000083B103E103B203E183B303E203B803ED2
:107AA000283B903E303BA03E383BB03E403B003F41
:107AB000483B103F503B203F583B303F603B803FAE
:107AC000683B903F703BA03F783BB03F803B083E17
:107AD000883B183E903B283E983B383EA03B883E72
:107AE000A83B983EB03BA83EB83BB83EC03B083FE1
:107AF000C83B183FD03B283FD83BF83CE03B883F91
:107B0000E83B983FF03BA83FF83BF83E383C983CB8
:107B1000403C003D483C083D503C103D583C183D21
:107B2000603C203D683C283D703C303D783C983DB1
:107B3000A83CB03CB83CB03EC03C803DC83C883D11
:107B4000D03C903DD83C383DE03CA03DE83CF03C8A
:107B5000F03CA83DF83C383F383D983D783DD83D55
:107B6000A83DB03DB83DB03FE83DF03D083E803E09
:107B7000F83D783F103E803E183E883E203E803ED5
:107B8000283E903E303E883E383E983E403E003F84
:107B9000483E203F503E803F583EA03F603E083F59
:107BA000683E283F703E883F783EA83F883EA03E12
:107BB000983EA83EC03E103FA83EB03EC83E303F73
:107BC000D03E903FD83EB03FE03E183FE83E383FC1
:107BD000F03E983F083F803FF83EB83F103F803F5F
:107BE000183F883F203F803F283F903F303F883FED
:107BF000383F983F483F503F503F603F583F703FAD
:107C0000603FC03F683FD03F703FE03F783FF03F6C
:107C1000883FA03F983FA83FA83FB03FD83FF03FE4
:107C2000C83FE03FE83FF03F0800001010000002AE
:107C30001800001220000004280000143000000684
:107C40003800001640000008480000185000000AE4
:107C50005800001A6000000C6800001C7000000E44
:107C60007800001E8000000888004010900040024C
:107C700098004012A0004004A8004014B000400644
:107C8000B8004016C0004008C8004018D000400AA4
:107C9000D800401AE000400CE800401CF000400E04
:107CA000F800401E00010008080180101001800249
:107CB0001801801220018004280180143001800600
:107CC0003801801640018008480180185001800A60
:107CD0005801801A6001800C6801801C7001800EC0
:107CE0007801801E800140088801C0109001C00208
:107CF0009801C012A001C004A801C014B001C006C0
:107D0000B801C016C001C008C801C018D001C00A1F
:107D1000D801C01AE001C00CE801C01CF001C00E7F
:107D2000F801C01E00020008080200111002000342
:107D30001802001320020005280200153002000777
:107D40003802001740020009480200195002000BD7
:107D50005802001B6002000D6802001D7002000F37
:107D60007802001F800280088802401190024003C0
:107D700098024013A0024005A8024015B002400737
:107D8000B8024017C0024009C8024019D002400B97
:107D9000D802401BE002400DE802401DF002400FF7
:107DA000F802401F000340080803801110038003FD
:107DB00018038013200380052803801530038007F3
:107DC0003803801740038009480380195003800B53
:107DD0005803801B6003800D6803801D7003800FB3
:107DE0007803801F8003C0088803C0119003C0037C
:107DF0009803C013A003C005A803C015B003C007B3
:107E0000B803C017C003C009C803C019D003C00B12
:107E1000D803C01BE003C00DE803C01DF003C00F72
:107E2000F803C01F0004001008040810100400111B
:107E30001804081220040810280408143004080646
:107E40003804081640040808480408185004080AB2
:107E50005804081A6004080C6804081C7004080E12
:107E60007804081E80040018880448109004001943
:107E700098044812A0040818A8044814B00448063E
:107E8000B8044816C0044808C8044818D004480A72
:107E9000D804481AE004480CE804481CF004480ED2
:107EA000F804481E00054010080588101005401110
:107EB0001805881220054810280588143005880602
:107EC0003805881640058808480588185005880A2E
:107ED0005805881A6005880C6805881C7005880E8E
:107EE0007805881E800540188805C810900540193F
:107EF0009805C812A0054818A805C814B005C806FA
:107F0000B805C816C005C808C805C818D005C80AED
:107F1000D805C81AE005C80CE805C81CF005C80E4D
:107F2000F805C81E0006801008060811100680110A
:107F300018060813200688102806081530060807BA
:107F40003806081740060809480608195006080BA5
:107F50005806081B6006080D6806081D7006080F05
:107F60007806081F80068018880648119006801938
:107F700098064813A0068818A8064815B0064807B2
:107F8000B8064817C0064809C8064819D006480B65
:107F9000D806481BE006480DE806481DF006480FC5
:107FA000F806481F0007C010080788111007C01105
:107FB000180788132007C810280788153007880776
:107FC0003807881740078809480788195007880B21
:107FD0005807881B6007880D6807881D7007880F81
:107FE0007807881F8007C0188807C8119007C01934
:107FF0009807C813A007C818A807C815B007C8076E
:10800000B807C817C007C809C807C819D007C80BE0
:10801000D807C81BE007C80DE807C81DF007C80F40
:10802000F807C81F08081010100840081808101298
:108030002008001128081014300880113808101684
:10804000480810185008100A5808101A6008100C38
:108050006808101C7008100E7808101E8008000AAE
:10806000880850109008000B98085012A008080AC1
:10807000A8085014B008080BB8085016C008100A19
:10808000C8085018D008500AD808501AE008500CF8
:10809000E808501CF008500EF808501E080990100F
:1080A0001009800918099012200900192809901454
:1080B00030098019380990164009000B48099018BA
:1080C0005009900A5809901A6009900C6809901C90
:1080D0007009900E7809901E8009400A8809D01016
:1080E0009009400B9809D012A009480AA809D01499
:1080F000B009480BB809D016C009500AC809D018F1
:10810000D009D00AD809D01AE009D00CE809D01C4F
:10811000F009D00EF809D01E080A1011180A101321
:10812000200A4011280A1015300AC011380A101709
:10813000480A1019500A100B580A101B600A100D3B
:10814000680A101D700A100F780A101F880A501153
:10815000900A800B980A5013A00A5011A80A5015D3
:10816000B00A880BB80A5017C00A800BC80A501909
:10817000D00A500BD80A501BE00A500DE80A501DD7
:10818000F00A500FF80A501F080B9011180B9013AB
:10819000200B4019280B9015300BC019380B901785
:1081A000480B9019500B900B580B901B600B900DC7
:1081B000680B901D700B900F780B901F880BD011DF
:1081C000900BC00B980BD013A00B5019A80BD01517
:1081D000B00BC80BB80BD017C80BD019D80BD01BDD
:1081E000E00BD00DE80BD01DF00BD00FF80BD01F1B
:1081F000000C0012080C1810100C0013180C1812A8
:10820000200C0812280C1814300C0813380C1816FF
:10821000400C1012480C1818500C1013580C181A57
:10822000600C1812680C181C700C180E780C181EB4
:10823000800C001A880C5810900C001B980C5812D7
:10824000A00C081AA80C5814B00C081BB80C58162F
:10825000C00C101AC80C5818D00C101BD80C581A87
:10826000E00C181AE80C581CF00C580EF80C581EAC
:10827000000D4012080D9810100D4013180D9812A3
:10828000200D4812280D9814300D4813380D9816FB
:10829000400D5012480D9818500D5013580D981A53
:1082A000600D5812680D981C700D980E780D981E70
:1082B000800D401A880DD810900D401B980DD812D3
:1082C000A00D481AA80DD814B00D481BB80DD8162B
:1082D000C00D501AC80DD818D00D501BD80DD81A83
:1082E000E00D581AE80DD81CF00DD80EF80DD81E68
:1082F000000E8012080E1811100E8013180E18139D
:10830000200E8812280E1815300E8813380E1817F4
:10831000400E9012480E1819500E9013580E181B4C
:10832000600E9812680E181D700E180F780E181F28
:10833000800E801A880E5811900E801B980E5813CC
:10834000A00E881AA80E5815B00E881BB80E581724
:10835000C00E901AC80E5819D00E901BD80E581B7C
:10836000E00E981AE80E581DF00E580FF80E581F20
:10837000000FC012080F9811100FC013180F981398
:10838000200FC812280F9815300FC813380F9817F0
:10839000400FD012480F9819500FD013580F981B48
:1083A000600FD812680F981D700F980F780F981FE4
:1083B000800FC01A880FD811900FC01B980FD813C8
:1083C000A00FC81AA80FD815B00FC81BB80FD81720
:1083D000C00FD01AC80FD819D00FD01BD80FD81B78
:1083E000E00FD81AE80FD81DF00FD81BF80FD81FD0
:1083F00008102010101040101810201228102014FF
:108400003010881038102016401000114810201825
:10841000501040115810201A601008126810201CCB
:10842000701088127810201E801000128810081218
:108430009010401298106012A0102012A810601422
:10844000B0106012B8106016C0100013C810601889
:10845000D0104013D810601AE0101812E810601CF9
:10846000F0109812F810601E08112012101140111F
:108470001811A012201108182811A0143011881802
:108480003811A0164811A0185811A01A6011081A26
:108490006811A01C7011881A7811A01E801110128A
:1084A00088111812901150129811E012A01118188A
:1084B000A811E014B0119818B811E016C0111013EB
:1084C000C811E018D0115013D811E01AE011181A91
:1084D000E811E01CF011981AF811E01E00120018C3
:1084E0000812081810124018181220132012201811
:1084F0002812201530126018381220174012001967
:1085000048122019501240195812201B60122019CD
:108510006812201D7012C8127812201F8012001AD3
:108520008812081A9012401A98126013A012201A8A
:10853000A8126015B012601AB8126017C012001BA2
:10854000C8126019D012401BD812601BE012201B09
:10855000E812601DF012601BF812601F0013101863
:1085600008131818101350181813A01320134818C4
:108570002813A0153013C8183813A017401310196A
:108580004813A019501350195813A01B6013481A10
:108590006813A01D7013C81A7813A01F8013101A37
:1085A0008813181A9013501A9813E013A013581830
:1085B000A813E015B013D818B813E017C013101B98
:1085C000C813E019D013501BD813E01BE013581A3E
:1085D000E813E01DF013D81AF813E01F0814201454
:1085E0001014001518142015301408153814281606
:1085F0004014001548142818501410155814281A3F
:10860000601420156814281C701418157814281E7E
:108610008014001C8814201C9014001D9814201D28
:10862000A014081CA814281CB014081DB81468163F
:10863000C014101CC8146818D014101DD814681A5F
:10864000E014181CE814681CF014181DF814681EB7
:108650000815201510154015181560152015281837
:108660002815281C301548153815A8164815A818BF
:108670005815A81A6015281A6815A81C7015A81A8C
:108680007815A81E8015401C8815601C9015401D8B
:108690009815601DA015481CA815681CB015481D2C
:1086A000B815E816C015501CC815E818D015501D8F
:1086B000D815E81AE015581CE815E81CF015581DE7
:1086C000F815E81E0016001C0816081C1016401CA1
:1086D0001816481C2016201C2816281C3016601C52
:1086E000381628174016001D481628195016401D28
:1086F0005816281B6016201D6816281D7016601D50
:108700007816281F8016801C8816A01C9016801DC5
:108710009816A01DA016881CA816A81CB016881DA7
:10872000B8166817C016901CC8166819D016901D88
:10873000D816681BE016981CE816681DF016981DE0
:10874000F816681F0017101C0817181C1017501C6B
:108750001817581C201768182817681C3017E818B5
:108760003817A8174017101D4817A8195017501D83
:108770005817A81B6017681A6817A81D7017E81A01
:108780007817A81F8017C01C8817E01C9017C01D01
:108790009817E01DA017C81CA817E81CB017C81D23
:1087A000B817E817C017D01CC817E819D017D01D84
:1087B000D817E81BE017D81CE817E81DF017D81DDC
:1087C000F817E81F18186018301848183818601C77
:1087D0005818301A6818301C7018181A7818301E7B
:1087E0008018001A8818081A9018001B9818601929
:1087F000A018201AA818281AB018201BB818601D35
:10880000C018101AC818181AD018101BD818701AC7
:10881000E018301AE818701CF018581AF818701E72
:10882000081920191819601A2819081D30198819F3
:108830003819881D4819201B5819B01A6019081BCF
:108840006819B01C7019881B7819B01E8019401A5D
:108850008819481A9019401B9819601BA019601AB2
:10886000A819181DB019601BB819981DC019501A05
:10887000C819581AD019501BD819F01AE019181B2A
:10888000E819F01CF019981BF819F01E381A701C22
:10889000581A301B681A301D701A181B781A301FAE
:1088A000901AC01A981AC81AB01AE01AB81AE81A18
:1088B000C01A801BC81A881BD01AC01BD81A701B7C
:1088C000E01AA01BE81A701DF01AE01BF81A701FBE
:1088D000281B481D381BC81D481B601B581BB01B9C
:1088E000681BB01D701BC81B781BB01F901BC01BE2
:1088F000981BC81BA81B581DB01BE01BB81BD81D1C
:10890000D81BF01BE81BF01DF81BF01F081C201CD7
:10891000181C301C381C681C481C601C581C701C1F
:10892000781C381E801C001E881C201E901C001FF6
:10893000981C201FA01C081EA81C281EB01C081F65
:10894000B81C281FC01C101EC81C301ED01C101FB5
:10895000D81C301FE01C181EE81C381EF01C181F05
:10896000F81C781E081D201D181D301D381DA81D5F
:10897000481D601D581D701D681D281F781DB81EDC
:10898000801D401E881D601E901D401F981D601F89
:10899000A01D481EA81D681EB01D481FB81D681FD9
:1089A000C01D501EC81D701ED01D501FD81D701F29
:1089B000E01D581EE81D781EF01D581FF81DF81EFA
:1089C000081E201E181E301E481E601E581E701ED7
:1089D000781E381F881EA01E901E801F981EA01F84
:1089E000B01E881FB81EA81FC01E801FC81E881F6B
:1089F000D01E901FD81EB01FE01EA01FE81EA81F8B
:108A0000F01E981FF81E781F081F201F181F301F08
:108A1000481F601F581F701F781FB81F881FA01F96
:108A2000901FC01F981FE01FB01FC81FB81FE81F6E
:108A3000C81FE01FD81FF01F08000002100000042C
:108A400018000006200000082800000A3000000C72
:108A50003800000E48004002500040045800400614
:108A6000600040086800400A7000400C7800400E2A
:108A7000880080029000800498008006A000800892
:108A8000A800800AB000800CB800800EC800C002A8
:108A9000D000C004D800C006E000C008E800C00A4A
:108AA000F000C00CF800C00E080100031001000522
:108AB00018010007200100092801000B3001000DFA
:108AC0003801000F4801400350014005580140079C
:108AD000600140096801400B7001400D7801400FB2
:108AE000880180039001800598018007A00180091A
:108AF000A801800BB001800DB801800FC801C00330
:108B0000D001C005D801C007E001C009E801C00BD1
:108B1000F001C00DF801C00F100208041802080689
:108B2000200208082802080A3002080C3802080E41
:108B30005002480458024806600248086802480A81
:108B40007002480C7802480E900288049802880649
:108B5000A0028808A802880AB002880CB802880E11
:108B6000D002C804D802C806E002C808E802C80A51
:108B7000F002C80CF802C80E100308051803080715
:108B8000200308092803080B3003080D3803080FD9
:108B90005003480558034807600348096803480B19
:108BA0007003480D7803480F9003880598038807E1
:108BB000A0038809A803880BB003880DB803880FA9
:108BC000D003C805D803C807E003C809E803C80BE9
:108BD000F003C80DF803C80F18041006200410088D
:108BE0002804100A3004100C3804100E58045006E3
:108BF000600450086804500A7004500C7804500E49
:108C000098049006A0049008A804900AB004900C60
:108C1000B804900ED804D006E004D008E804D00AC6
:108C2000F004D00CF804D00E180510072005100928
:108C30002805100B3005100D3805100F580550078A
:108C4000600550096805500B7005500D7805500FF0
:108C500098059007A0059009A805900BB005900D08
:108C6000B805900FD805D007E005D009E805D00B6E
:108C7000F005D00DF805D00F200618082806180AB0
:108C80003006180C3806180E600658086806580A90
:108C90007006580C7806580EA0069808A806980A80
:108CA000B006980CB806980EE006D808E806D80A70
:108CB000F006D80CF806D80E200718092807180B5C
:108CC0003007180D3807180F600758096807580B48
:108CD0007007580D7807580FA0079809A807980B38
:108CE000B007980DB807980FE007D809E807D80B28
:108CF000F007D80DF807D80F2808200A3008200CF4
:108D00003808200E6808600A7008600C7808600E49
:108D1000A808A00AB008A00CB808A00EE808E00A4D
:108D2000F008E00CF808E00E2809200B3009200DAF
:108D30003809200F6809600B7009600D7809600F11
:108D4000A809A00BB009A00DB809A00FE809E00B15
:108D5000F009E00DF809E00F300A280C380A280E57
:108D6000700A680C780A680EB00AA80CB80AA80E37
:108D7000F00AE80CF80AE80E300B280D380B280F23
:108D8000700B680D780B680FB00BA80DB80BA80F0F
:108D9000F00BE80DF80BE80F380C300E780C700E65
:108DA000B80CB00EF80CF00E380D300F780D700FB7
:108DB000B80DB00FF80DF00F08000002100000040D
:108DC0001800000620004000280040023000400447
:108DD00038004006400080004800800250008004B7
:108DE000580080066000C0006800C0027000C00427
:108DF0007800C00680000001880000039000000594
:108E000098000007A0004001A8004003B000400502
:108E1000B8004007C0008001C8008003D000800572
:108E2000D8008007E000C001E800C003F000C005E2
:108E3000F800C00700010002080108021001080440
:108E40001801080620018002280148023001480468
:108E50003801480640010003480188025001880497
:108E600058018806600180036801C8027001C804C7
:108E70007801C806800108028801080390010805EE
:108E800098010807A0018802A8014803B00148051D
:108E9000B8014807C0010803C8018803D00188054C
:108EA000D8018807E0018803E801C803F001C8057C
:108EB000F801C807080210020002000410021004A2
:108EC00018021006200280042802500230025004CA
:108ED00038025006400200054802900250029004F9
:108EE00058029006600280056802D0027002D00429
:108EF0007802D00680020804880210039002100550
:108F000098021007A0028804A8025003B00250057E
:108F1000B8025007C0020805C8029003D0029005AD
:108F2000D8029007E0028805E802D003F002D005DD
:108F3000F802D00700030006080310061003180407
:108F400018031806200380062803900630035804EF
:108F500038035806400300074803100750039804DD
:108F60005803980660038007680390077003D804CD
:108F70007803D806800308068803180690031805AE
:108F800098031807A0038806A8039806B00358059D
:108F9000B8035807C0030807C8031807D00398058B
:108FA000D8039807E0038807E8039807F003D8057B
:108FB000F803D807080480041004200418042006CD
:108FC000280480053004600438046006400400066C
:108FD000480488045004A0045804A0066004100645
:108FE000680488057004E0047804E00688048006BC
:108FF0009004200598042007A0040806A804800710
:10900000B0046005B8046007C0042006C8048806E0
:10901000D004A005D804A007E0041806E8048807D7
:10902000F004E005F804E0070805200510058005B8
:1090300018052806280590053005880538056806B6
:109040004005000748052007500580075805A80679
:109050006005080768059805700588077805E80623
:109060008805900698052807A0052806A8059007FA
:10907000B0052807B8056807C0051007C805980699
:10908000D0059007D805A807E0051807E805980758
:10909000F0059807F805E807180630063806700648
:1090A0004006000748068007500608075806B00625
:1090B0006006100768069007700618077806F00625
:1090C0008806A00698063007A806A007B0068807FD
:1090D000B8067007C0062007C806A007D0062807F4
:1090E000D806B007E0063007E806A807F00698079C
:1090F000F806F00748075007380798075007600739
:10910000580770076007C0076807D0077807F0079F
:109110007007E007B807F007A807B007D807F007FF
:10912000C807E007E807F007080000021000400049
:109130001800400220008000280080023000C0009B
:109140003800C00240000001480000035000400108
:109150005800400360008001680080037000C00177
:109160007800C0038000000288000802900000031D
:1091700098004802A0000802A8008802B000C800B9
:10918000B800C802C0000801C8000803D0004801A8
:10919000D8004803E0008801E8008803F000C80117
:1091A000F800C80308011002100140011801500224
:1091B0002001000328019002300148013801D0024B
:1091C00048011003580150036001900168019003A9
:1091D0007001D0017801D00380014002880118029B
:1091E0009001400398015802A0014802A80198028A
:1091F000B0014803B801D802C0015002C8011803E9
:10920000D0015003D8015803E0015802E801980347
:10921000F0015803F801D8030802200210024002AE
:10922000180260022802A002300260023802E00246
:10923000400200034802200350024003580260032A
:10924000600220036802A003700260037802E0035A
:109250008802A002900280039802A003B002880353
:10926000B802E802C0028003C8022803D0029003BB
:10927000D8026803E002A003E802A803F002980302
:10928000F802E803080320031003400318036003F7
:1092900028038803300360033803980348036003FE
:1092A000580370036803B0037803F0038803A00336
:1092B0009003C0039803E003B003C803B803E803B6
:1092C000C803E003D803F00308004000100080004A
:1092D0001800C0002000000128004001300080017B
:1092E0003800C001500088005800C8006000080124
:1092F00068004801700088017800C8019800D0001B
:10930000A0001001A8005001B0009001B800D001E9
:10931000E0001801E8005801F0009801F800D801B9
:10932000280160013001A0013801E0017001A801AD
:109330007801E801B801F001080040001000800049
:109340001800C000200040002800480030008800BD
:109350003800C80040008000480050005800D0008D
:10936000500090006000C0006800D00070009800BD
:109370007800D8008800C0009000A000A800D000AD
:109380009800E000B000D000B800E800D800F0007D
:10939000C800E000E800F0000800400018004800A5
:1093A0001000400028005000200040003800580005
:1093B00030004800580068004800600068007000F5
:1093C0000000803F00000000B1FF7F3FC70F493B16
:1093D000C4FE7F3F890FC93B39FD7F3F59CB163C07
:1093E00011FB7F3F900E493C4AF87F3F4B517B3C3D
:1093F000E6F47F3FB6C9963CE3F07F3F69EAAF3CB5
:1094000043EC7F3FB00AC93C05E77F3F7B2AE23C43
:1094100029E17F3FB949FB3CAFDA7F3F2F340A3D5A
:1094200098D37F3F2CC3163DE2CB7F3FCC51233DE9
:109430008FC37F3F07E02F3D9EBA7F3FD56D3C3DF8
:109440000FB17F3F2FFB483DE3A67F3F0E88553D80
:10945000189C7F3F6814623DB1907F3F38A06E3DFD
:10946000AB847F3F742B7B3D08787F3F0ADB833DD5
:10947000C76A7F3F0A208A3DE95C7F3FB464903D24
:109480006D4E7F3F05A9963D543F7F3FF9EC9C3DD3
:109490009D2F7F3F8C30A33D491F7F3FBA73A93D6D
:1094A000580E7F3F80B6AF3DC9FC7E3FDAF8B53D30
:1094B0009DEA7E3FC33ABC3DD4D77E3F397CC23D56
:1094C0006DC47E3F36BDC83D69B07E3FB7FDCE3D21
:1094D000C99B7E3FB93DD53D8B867E3F377DDB3DC9
:1094E000B0707E3F2EBCE13D385A7E3F9AFAE73D90
:1094F00023437E3F7638EE3D722B7E3FC075F43DB0
:1095000024137E3F73B2FA3D38FA7D3F4577003E23
:10951000B1E07D3F0295033E8CC67D3F6EB2063EB4
:10952000CCAB7D3F86CF093E6E907D3F4AEC0C3E32
:1095300074747D3FB708103EDE577D3FCA24133E4A
:10954000AC3A7D3F8340163EDD1C7D3FE05B193E1B
:1095500073FE7C3FDE761C3E6CDF7C3F7B911F3EC2
:10956000C9BF7C3FB6AB223E8A9F7C3F8CC5253E5F
:10957000B07E7C3FFCDE283E3A5D7C3F04F82B3E0B
:10958000283B7C3FA2102F3E7A187C3FD428323EE5
:1095900031F57B3F9840353E4DD17B3FEC57383E0F
:1095A000CDAC7B3FCF6E3B3EB2877B3F3E853E3EA0
:1095B000FC617B3F379B413EAB3B7B3FB9B0443EB8
:1095C000BE147B3FC2C5473E37ED7A3F4FDA4A3E75
:1095D00016C57A3F60EE4D3E599C7A3FF101513EEF
:1095E00002737A3F0115543E10497A3F8F27573E48
:1095F000841E7A3F97395A3E5EF3793F1A4B5D3E9F
:109600009DC7793F135C603E439B793F836C633E0B
:109610004E6E793F667C663EC040793FBA8B693EAC
:109620009812793F7F9A6C3ED6E3783FB2A86F3E9E
:109630007BB4783F51B6723E8684783F5AC3753EFC
:10964000F853783FCCCF783ED122783FA4DB7B3EE5
:1096500010F1773FE1E67E3EB7BE773FC0F8803E2F
:10966000C58B773FC07D823E3A58773F7002843E7B
:109670001724773FCE86853E5BEF763FDA0A873E3A
:1096800007BA763F938E883E1B84763FF8118A3E58
:10969000974D763F07958B3E7A16763FC0178D3EE5
:1096A000C6DE753F229A8E3E7BA6753F2C1C903EEF
:1096B000976D753FDD9D913E1D34753F351F933E7F
:1096C0000BFA743F31A0943E62BF743FD220963EA5
:1096D0002284743F17A1973E4B48743FFE20993E69
:1096E000DD0B743F86A09A3ED9CE733FAF1F9C3EE0
:1096F0003F91733F789E9D3E0E53733FDF1C9F3E0C
:109700004714733FE59AA03EEBD4723F8718A23E00
:10971000F894723FC595A33E7054723F9F12A53EC8
:109720005213723F128FA63E9FD1713F1F0BA83E6E
:10973000578F713FC486A93E7A4C713F0102AB3E00
:109740000809713FD47CAC3E02C5703F3CF7AD3E8A
:109750006680703F3A71AF3E373B703FCBEAB03E18
:1097600073F56F3FEF63B23E1BAF6F3FA5DCB33EB7
:1097700030686F3FEC54B53EB0206F3FC3CCB63E6F
:109780009ED86E3F2A44B83EF88F6E3F1EBBB93E4E
:10979000BE466E3FA031BB3EF2FC6D3FAFA7BC3E64
:1097A00093B26D3F4A1DBE3EA1676D3F6F92BF3EB3
:1097B0001D1C6D3F1E07C13E07D06C3F557BC23E4E
:1097C0005E836C3F15EFC33E24366C3F5C62C53E42
:1097D00058E86B3F29D5C63EFB996B3F7C47C83E96
:1097E0000C4B6B3F53B9C93E8CFB6A3FAE2ACB3E54
:1097F0007BAB6A3F8B9BCC3ED95A6A3FEA0BCE3E8D
:10980000A7096A3FCA7BCF3EE4B7693F2AEBD03E47
:109810009165693F095AD23EAE12693F67C8D33E8F
:109820003CBF683F4136D53E396B683F99A3D63E71
:10983000A816683F6B10D83E87C1673FB97CD93EF8
:10984000D86B673F80E8DA3E9915673FC153DC3E2D
:10985000CCBE663F79BEDD3E7167663FA928DF3E1C
:10986000880F663F4F92E03E10B7653F6AFBE13ECE
:109870000B5E653FFA63E33E7904653FFECBE43E51
:1098800059AA643F7533E63EAC4F643F5D9AE73EAC
:1098900073F4633FB700E93EAC98633F8166EA3EEC
:1098A0005A3C633FBBCBEB3E7BDF623F6330ED3E18
:1098B0001082623F7994EE3E1A24623FFBF7EF3E3E
:1098C00098C5613FEA5AF13E8A66613F43BDF23E68
:1098D000F206613F071FF43ECFA6603F3580F53E9C
:1098E0002146603FCBE0F63EE9E45F3FC840F83EEA
:1098F00027835F3F2DA0F93EDB205F3FF7FEFA3E56
:1099000005BE5E3F275DFC3EA65A5E3FBBBAFD3EEC
:10991000BEF65D3FB217FF3E4D925D3F063A003FF7
:10992000532D5D3FE4E7003FD1C75C3F7395013F96
:10993000C7615C3FB142023F34FB5B3F9FEF023F98
:109940001A945B3F3D9C033F792C5B3F8948043F61
:1099500050C45A3F84F4043FA05B5A3F2CA0053FFB
:109960006AF2593F824B063FAD88593F86F6063F63
:109970006A1E593F36A1073FA1B3583F924B083F9B
:109980005348583F9BF5083F7FDC573F4E9F093FA8
:109990002670573FAD480A3F4803573FB7F10A3F8B
:1099A000E595563F6B9A0B3FFE27563FC9420C3F49
:1099B00093B9553FD0EA0C3FA44A553F81920D3FE1
:1099C00031DB543FDA390E3F3B6B543FDBE00E3F57
:1099D000C3FA533F84870F3FC789533FD52D103FAC
:1099E0004918533FCDD3103F49A6523F6B79113FE1
:1099F000C633523FB01E123FC2C0513F9AC3123FFE
:109A00003D4D513F2A68133F37D9503F5F0C143FFB
:109A1000AF64503F39B0143FA8EF4F3FB753153FE5
:109A20001F7A4F3FD9F6153F17044F3F9F99163FB6
:109A3000908D4E3F073C173F89164E3F12DE173F71
:109A4000029F4D3FC07F183FFD264D3F0F21193F1C
:109A500079AE4C3F00C2193F78354C3F93621A3FB4
:109A6000F8BB4B3FC6021B3FFA414B3F99A21B3F3D
:109A70007FC74A3F0C421C3F874C4A3F1FE11C3FB7
:109A800012D1493FD17F1D3F2155493F221E1E3F24
:109A9000B3D8483F12BC1E3FCA5B483F9F591F3F87
:109AA00065DE473FCBF61F3F8560473F9393203FDE
:109AB0002AE2463FF92F213F5463463FFBCB213F2B
:109AC00003E4453F9967223F3964453FD302233F72
:109AD000F5E3443FA99D233F3763443F1A38243FB1
:109AE00000E2433F25D2243F5160433FCB6B253FEB
:109AF00029DE423F0A05263F895B423FE39D263F20
:109B000070D8413F5636273FE154413F61CE273F51
:109B1000DAD0403F0566283F5C4C403F41FD283F7E
:109B200067C73F3F1594293FFC413F3F802A2A3FAA
:109B30001BBC3E3F82C02A3FC5353E3F1B562B3FD4
:109B4000F9AE3D3F4AEB2B3FB8273D3F0F802C3FFE
:109B500003A03C3F69142D3FD9173C3F59A82D3F26
:109B60003B8F3B3FDE3B2E3F29063B3FF7CE2E3F50
:109B7000A47C3A3FA5612F3FACF2393FE6F32F3F7B
:109B80004268393FBB85303F65DD383F2217313FA2
:109B90001652383F1DA8313F55C6373FAA38323FCD
:109BA000233A373FC9C8323F7FAD363F7A58333FFB
:109BB0006C20363FBCE7333FE792353F8F76343F2A
:109BC000F304353FF304353F8F76343FE792353F5A
:109BD000BCE7333F6C20363F7A58333F7FAD363F8A
:109BE000C9C8323F233A373FAA38323F55C6373FBC
:109BF0001DA8313F1652383F2217313F65DD383FEF
:109C0000BB85303F4268393FE6F32F3FACF2393F26
:109C1000A5612F3FA47C3A3FF7CE2E3F29063B3F5C
:109C2000DE3B2E3F3B8F3B3F59A82D3FD9173C3F92
:109C300069142D3F03A03C3F0F802C3FB8273D3FC8
:109C40004AEB2B3FF9AE3D3F1B562B3FC5353E3F00
:109C500082C02A3F1BBC3E3F802A2A3FFC413F3F37
:109C60001594293F67C73F3F41FD283F5C4C403F6B
:109C70000566283FDAD0403F61CE273FE154413F9F
:109C80005636273F70D8413FE39D263F895B423FD0
:109C90000A05263F29DE423FCB6B253F5160433FFB
:109CA00025D2243F00E2433F1A38243F3763443F24
:109CB000A99D233FF5E3443FD302233F3964453F49
:109CC0009967223F03E4453FFBCB213F5463463F66
:109CD000F92F213F2AE2463F9393203F8560473F7B
:109CE000CBF61F3F65DE473F9F591F3FCA5B483F8A
:109CF00012BC1E3FB3D8483F221E1E3F2155493F8C
:109D0000D17F1D3F12D1493F1FE11C3F874C4A3F85
:109D10000C421C3F7FC74A3F99A21B3FFA414B3F71
:109D2000C6021B3FF8BB4B3F93621A3F78354C3F4E
:109D300000C2193F79AE4C3F0F21193FFD264D3F20
:109D4000C07F183F029F4D3F12DE173F89164E3FDE
:109D5000073C173F908D4E3F9F99163F17044F3F8A
:109D6000D9F6153F1F7A4F3FB753153FA8EF4F3F26
:109D700039B0143FAF64503F5F0C143F37D9503FA8
:109D80002A68133F3D4D513F9AC3123FC2C0513F15
:109D9000B01E123FC633523F6B79113F49A6523F66
:109DA000CDD3103F4918533FD52D103FC789533F9E
:109DB00084870F3FC3FA533FDBE00E3F3B6B543FBA
:109DC000DA390E3F31DB543F81920D3FA44A553FB3
:109DD000D0EA0C3F93B9553FC9420C3FFE27563F8E
:109DE0006B9A0B3FE595563FB7F10A3F4803573F43
:109DF000AD480A3F2670573F4E9F093F7FDC573FD3
:109E00009BF5083F5348583F924B083FA1B3583F3A
:109E100036A1073F6A1E593F86F6063FAD88593F77
:109E2000824B063F6AF2593F2CA0053FA05B5A3F88
:109E300084F4043F50C45A3F8948043F792C5B3F67
:109E40003D9C033F1A945B3F9FEF023F34FB5B3F17
:109E5000B142023FC7615C3F7395013FD1C75C3F90
:109E6000E4E7003F532D5D3F063A003F4D925D3FD2
:109E7000B217FF3EBEF65D3FBBBAFD3EA65A5E3F3F
:109E8000275DFC3E05BE5E3FF7FEFA3EDB205F3FEE
:109E90002DA0F93E27835F3FC840F83EE9E45F3FCD
:109EA000CBE0F63E2146603F3580F53ECFA6603FD1
:109EB000071FF43EF206613F43BDF23E8A66613FF2
:109EC000EA5AF13E98C5613FFBF7EF3E1A24623F24
:109ED0007994EE3E1082623F6330ED3E7BDF623F5D
:109EE000BBCBEB3E5A3C633F8166EA3EAC98633F96
:109EF000B700E93E73F4633F5D9AE73EAC4F643FC1
:109F00007533E63E59AA643FFECBE43E7904653FD3
:109F1000FA63E33E0B5E653F6AFBE13E10B7653FC7
:109F20004F92E03E880F663FA928DF3E7167663F8B
:109F300079BEDD3ECCBE663FC153DC3E9915673F1E
:109F400080E8DA3ED86B673FB97CD93E87C1673F6E
:109F50006B10D83EA816683F99A3D63E396B683F70
:109F60004136D53E3CBF683F67C8D33EAE12693F1D
:109F7000095AD23E9165693F2AEBD03EE4B7693F6A
:109F8000CA7BCF3EA7096A3FEA0BCE3ED95A6A3F49
:109F90008B9BCC3E7BAB6A3FAE2ACB3E8CFB6A3FB1
:109FA00053B9C93E0C4B6B3F7C47C83EFB996B3F96
:109FB00029D5C63E58E86B3F5C62C53E24366C3FEF
:109FC00015EFC33E5E836C3F557BC23E07D06C3FAE
:109FD0001E07C13E1D1C6D3F6F92BF3EA1676D3FC6
:109FE0004A1DBE3E93B26D3FAFA7BC3EF2FC6D3F33
:109FF000A031BB3EBE466E3F1EBBB93EF88F6E3FE2
:10A000002A44B83E9ED86E3FC3CCB63EB0206F3FC8
:10A01000EC54B53E30686F3FA5DCB33E1BAF6F3FDD
:10A02000EF63B23E73F56F3FCBEAB03E373B703F14
:10A030003A71AF3E6680703F3CF7AD3E02C5703F5F
:10A04000D47CAC3E0809713F0102AB3E7A4C713FB3
:10A05000C486A93E578F713F1F0BA83E9FD1713F09
:10A06000128FA63E5213723F9F12A53E7054723F4C
:10A07000C595A33EF894723F8718A23EEBD4723F79
:10A08000E59AA03E4714733FDF1C9F3E0E53733F7B
:10A09000789E9D3E3F91733FAF1F9C3ED9CE733F4C
:10A0A00086A09A3EDD0B743FFE20993E4B48743FDC
:10A0B00017A1973E2284743FD220963E62BF743F20
:10A0C00031A0943E0BFA743F351F933E1D34753F0B
:10A0D000DD9D913E976D753F2C1C903E7BA6753F94
:10A0E000229A8E3EC6DE753FC0178D3E7A16763FA9
:10A0F00007958B3E974D763FF8118A3E1B84763F3D
:10A10000938E883E07BA763FDA0A873E5BEF763F4A
:10A11000CE86853E1724773F7002843E3A58773FBB
:10A12000C07D823EC58B773FC0F8803EB7BE773F8B
:10A13000E1E67E3E10F1773FA4DB7B3ED122783F03
:10A14000CCCF783EF853783F5AC3753E8684783F2B
:10A1500051B6723E7BB4783FB2A86F3ED6E3783FEB
:10A160007F9A6C3E9812793FBA8B693EC040793F26
:10A17000667C663E4E6E793F836C633E439B793FBF
:10A18000135C603E9DC7793F1A4B5D3E5EF3793F9D
:10A1900097395A3E841E7A3F8F27573E10497A3F9F
:10A1A0000115543E02737A3FF101513E599C7A3FAA
:10A1B00060EE4D3E16C57A3F4FDA4A3E37ED7A3FA4
:10A1C000C2C5473EBE147B3FB9B0443EAB3B7B3F6C
:10A1D000379B413EFC617B3F3E853E3EB2877B3FE5
:10A1E000CF6E3B3ECDAC7B3FEC57383E4DD17B3FF5
:10A1F0009840353E31F57B3FD428323E7A187C3F7B
:10A20000A2102F3E283B7C3F04F82B3E3A5D7C3F5A
:10A21000FCDE283EB07E7C3F8CC5253E8A9F7C3F7D
:10A22000B6AB223EC9BF7C3F7B911F3E6CDF7C3FBB
:10A23000DE761C3E73FE7C3FE05B193EDD1C7D3FFD
:10A240008340163EAC3A7D3FCA24133EDE577D3F25
:10A25000B708103E74747D3F4AEC0C3E6E907D3F13
:10A2600086CF093ECCAB7D3F6EB2063E8CC67D3FAD
:10A270000295033EB1E07D3F4577003E38FA7D3FD1
:10A2800073B2FA3D24137E3FC075F43D722B7E3FBE
:10A290007638EE3D23437E3F9AFAE73D385A7E3FBB
:10A2A0002EBCE13DB0707E3F377DDB3D8B867E3F2F
:10A2B000B93DD53DC99B7E3FB7FDCE3D69B07E3FE0
:10A2C00036BDC83D6DC47E3F397CC23DD4D77E3F8C
:10A2D000C33ABC3D9DEA7E3FDAF8B53DC9FC7E3FFE
:10A2E00080B6AF3D580E7F3FBA73A93D491F7F3FEF
:10A2F0008C30A33D9D2F7F3FF9EC9C3D543F7F3F29
:10A3000005A9963D6D4E7F3FB464903DE95C7F3F6B
:10A310000A208A3DC76A7F3F0ADB833D08787F3F7A
:10A32000742B7B3DAB847F3F38A06E3DB1907F3F67
:10A330006814623D189C7F3F0E88553DE3A67F3F21
:10A340002FFB483D0FB17F3FD56D3C3D9EBA7F3F0F
:10A3500007E02F3D8FC37F3FCC51233DE2CB7F3FB2
:10A360002CC3163D98D37F3F2F340A3DAFDA7F3F91
:10A37000B949FB3C29E17F3F7B2AE23C05E77F3F6F
:10A38000B00AC93C43EC7F3F69EAAF3CE3F07F3F52
:10A39000B6C9963CE6F47F3F4B517B3C4AF87F3F81
:10A3A000900E493C11FB7F3F59CB163C39FD7F3F56
:10A3B000890FC93BC4FE7F3FC70F493BB1FF7F3FB9
:10A3C000000000000000803FC70F49BBB1FF7F3F86
:10A3D000890FC9BBC4FE7F3F59CB16BC39FD7F3FF7
:10A3E000900E49BC11FB7F3F4B517BBC4AF87F3F2D
:10A3F000B6C996BCE6F47F3F69EAAFBCE3F07F3FA5
:10A40000B00AC9BC43EC7F3F7B2AE2BC05E77F3F33
:10A41000B949FBBC29E17F3F2F340ABDAFDA7F3F4A
:10A420002CC316BD98D37F3FCC5123BDE2CB7F3FD9
:10A4300007E02FBD8FC37F3FD56D3CBD9EBA7F3FE8
:10A440002FFB48BD0FB17F3F0E8855BDE3A67F3F70
:10A45000681462BD189C7F3F38A06EBDB1907F3FED
:10A46000742B7BBDAB847F3F0ADB83BD08787F3FC5
:10A470000A208ABDC76A7F3FB46490BDE95C7F3F14
:10A4800005A996BD6D4E7F3FF9EC9CBD543F7F3FC3
:10A490008C30A3BD9D2F7F3FBA73A9BD491F7F3F5D
:10A4A00080B6AFBD580E7F3FDAF8B5BDC9FC7E3F20
:10A4B000C33ABCBD9DEA7E3F397CC2BDD4D77E3F46
:10A4C00036BDC8BD6DC47E3FB7FDCEBD69B07E3F11
:10A4D000B93DD5BDC99B7E3F377DDBBD8B867E3FB9
:10A4E0002EBCE1BDB0707E3F9AFAE7BD385A7E3F80
:10A4F0007638EEBD23437E3FC075F4BD722B7E3FA0
:10A5000073B2FABD24137E3F457700BE38FA7D3F13
:10A51000029503BEB1E07D3F6EB206BE8CC67D3FA4
:10A5200086CF09BECCAB7D3F4AEC0CBE6E907D3F22
:10A53000B70810BE74747D3FCA2413BEDE577D3F3A
:10A54000834016BEAC3A7D3FE05B19BEDD1C7D3F0B
:10A55000DE761CBE73FE7C3F7B911FBE6CDF7C3FB2
:10A56000B6AB22BEC9BF7C3F8CC525BE8A9F7C3F4F
:10A57000FCDE28BEB07E7C3F04F82BBE3A5D7C3FFB
:10A58000A2102FBE283B7C3FD42832BE7A187C3FD5
:10A59000984035BE31F57B3FEC5738BE4DD17B3FFF
:10A5A000CF6E3BBECDAC7B3F3E853EBEB2877B3F90
:10A5B000379B41BEFC617B3FB9B044BEAB3B7B3FA8
:10A5C000C2C547BEBE147B3F4FDA4ABE37ED7A3F65
:10A5D00060EE4DBE16C57A3FF10151BE599C7A3FDF
:10A5E000011554BE02737A3F8F2757BE10497A3F38
:10A5F00097395ABE841E7A3F1A4B5DBE5EF3793F8F
:10A60000135C60BE9DC7793F836C63BE439B793FFB
:10A61000667C66BE4E6E793FBA8B69BEC040793F9C
:10A620007F9A6CBE9812793FB2A86FBED6E3783F8E
:10A6300051B672BE7BB4783F5AC375BE8684783FEC
:10A64000CCCF78BEF853783FA4DB7BBED122783FD5
:10A65000E1E67EBE10F1773FC0F880BEB7BE773F1F
:10A66000C07D82BEC58B773F700284BE3A58773F6B
:10A67000CE8685BE1724773FDA0A87BE5BEF763F2A
:10A68000938E88BE07BA763FF8118ABE1B84763F48
:10A6900007958BBE974D763FC0178DBE7A16763FD5
:10A6A000229A8EBEC6DE753F2C1C90BE7BA6753FDF
:10A6B000DD9D91BE976D753F351F93BE1D34753F6F
:10A6C00031A094BE0BFA743FD22096BE62BF743F95
:10A6D00017A197BE2284743FFE2099BE4B48743F59
:10A6E00086A09ABEDD0B743FAF1F9CBED9CE733FD0
:10A6F000789E9DBE3F91733FDF1C9FBE0E53733FFC
:10A70000E59AA0BE4714733F8718A2BEEBD4723FF0
:10A71000C595A3BEF894723F9F12A5BE7054723FB8
:10A72000128FA6BE5213723F1F0BA8BE9FD1713F5E
:10A73000C486A9BE578F713F0102ABBE7A4C713FF0
:10A74000D47CACBE0809713F3CF7ADBE02C5703F7A
:10A750003A71AFBE6680703FCBEAB0BE373B703F08
:10A76000EF63B2BE73F56F3FA5DCB3BE1BAF6F3FA7
:10A77000EC54B5BE30686F3FC3CCB6BEB0206F3F5F
:10A780002A44B8BE9ED86E3F1EBBB9BEF88F6E3F3E
:10A79000A031BBBEBE466E3FAFA7BCBEF2FC6D3F54
:10A7A0004A1DBEBE93B26D3F6F92BFBEA1676D3FA3
:10A7B0001E07C1BE1D1C6D3F557BC2BE07D06C3F3E
:10A7C00015EFC3BE5E836C3F5C62C5BE24366C3F32
:10A7D00029D5C6BE58E86B3F7C47C8BEFB996B3F86
:10A7E00053B9C9BE0C4B6B3FAE2ACBBE8CFB6A3F44
:10A7F0008B9BCCBE7BAB6A3FEA0BCEBED95A6A3F7D
:10A80000CA7BCFBEA7096A3F2AEBD0BEE4B7693F37
:10A81000095AD2BE9165693F67C8D3BEAE12693F7F
:10A820004136D5BE3CBF683F99A3D6BE396B683F61
:10A830006B10D8BEA816683FB97CD9BE87C1673FE8
:10A8400080E8DABED86B673FC153DCBE9915673F1D
:10A8500079BEDDBECCBE663FA928DFBE7167663F0C
:10A860004F92E0BE880F663F6AFBE1BE10B7653FBE
:10A87000FA63E3BE0B5E653FFECBE4BE7904653F41
:10A880007533E6BE59AA643F5D9AE7BEAC4F643F9C
:10A89000B700E9BE73F4633F8166EABEAC98633FDC
:10A8A000BBCBEBBE5A3C633F6330EDBE7BDF623F08
:10A8B0007994EEBE1082623FFBF7EFBE1A24623F2E
:10A8C000EA5AF1BE98C5613F43BDF2BE8A66613F58
:10A8D000071FF4BEF206613F3580F5BECFA6603F8C
:10A8E000CBE0F6BE2146603FC840F8BEE9E45F3FDA
:10A8F0002DA0F9BE27835F3FF7FEFABEDB205F3F46
:10A90000275DFCBE05BE5E3FBBBAFDBEA65A5E3FDC
:10A91000B217FFBEBEF65D3F063A00BF4D925D3FE7
:10A92000E4E700BF532D5D3F739501BFD1C75C3F86
:10A93000B14202BFC7615C3F9FEF02BF34FB5B3F88
:10A940003D9C03BF1A945B3F894804BF792C5B3F51
:10A9500084F404BF50C45A3F2CA005BFA05B5A3FEB
:10A96000824B06BF6AF2593F86F606BFAD88593F53
:10A9700036A107BF6A1E593F924B08BFA1B3583F8B
:10A980009BF508BF5348583F4E9F09BF7FDC573F98
:10A99000AD480ABF2670573FB7F10ABF4803573F7B
:10A9A0006B9A0BBFE595563FC9420CBFFE27563F39
:10A9B000D0EA0CBF93B9553F81920DBFA44A553FD1
:10A9C000DA390EBF31DB543FDBE00EBF3B6B543F47
:10A9D00084870FBFC3FA533FD52D10BFC789533F9C
:10A9E000CDD310BF4918533F6B7911BF49A6523FD1
:10A9F000B01E12BFC633523F9AC312BFC2C0513FEE
:10AA00002A6813BF3D4D513F5F0C14BF37D9503FEB
:10AA100039B014BFAF64503FB75315BFA8EF4F3FD5
:10AA2000D9F615BF1F7A4F3F9F9916BF17044F3FA6
:10AA3000073C17BF908D4E3F12DE17BF89164E3F61
:10AA4000C07F18BF029F4D3F0F2119BFFD264D3F0C
:10AA500000C219BF79AE4C3F93621ABF78354C3FA4
:10AA6000C6021BBFF8BB4B3F99A21BBFFA414B3F2D
:10AA70000C421CBF7FC74A3F1FE11CBF874C4A3FA7
:10AA8000D17F1DBF12D1493F221E1EBF2155493F14
:10AA900012BC1EBFB3D8483F9F591FBFCA5B483F77
:10AAA000CBF61FBF65DE473F939320BF8560473FCE
:10AAB000F92F21BF2AE2463FFBCB21BF5463463F1B
:10AAC000996722BF03E4453FD30223BF3964453F62
:10AAD000A99D23BFF5E3443F1A3824BF3763443FA1
:10AAE00025D224BF00E2433FCB6B25BF5160433FDB
:10AAF0000A0526BF29DE423FE39D26BF895B423F10
:10AB0000563627BF70D8413F61CE27BFE154413F41
:10AB1000056628BFDAD0403F41FD28BF5C4C403F6E
:10AB2000159429BF67C73F3F802A2ABFFC413F3F9A
:10AB300082C02ABF1BBC3E3F1B562BBFC5353E3FC4
:10AB40004AEB2BBFF9AE3D3F0F802CBFB8273D3FEE
:10AB500069142DBF03A03C3F59A82DBFD9173C3F16
:10AB6000DE3B2EBF3B8F3B3FF7CE2EBF29063B3F40
:10AB7000A5612FBFA47C3A3FE6F32FBFACF2393F6B
:10AB8000BB8530BF4268393F221731BF65DD383F92
:10AB90001DA831BF1652383FAA3832BF55C6373FBD
:10ABA000C9C832BF233A373F7A5833BF7FAD363FEB
:10ABB000BCE733BF6C20363F8F7634BFE792353F1A
:10ABC000F30435BFF304353FE79235BF8F76343F4A
:10ABD0006C2036BFBCE7333F7FAD36BF7A58333F7A
:10ABE000233A37BFC9C8323F55C637BFAA38323FAC
:10ABF000165238BF1DA8313F65DD38BF2217313FDF
:10AC0000426839BFBB85303FACF239BFE6F32F3F16
:10AC1000A47C3ABFA5612F3F29063BBFF7CE2E3F4C
:10AC20003B8F3BBFDE3B2E3FD9173CBF59A82D3F82
:10AC300003A03CBF69142D3FB8273DBF0F802C3FB8
:10AC4000F9AE3DBF4AEB2B3FC5353EBF1B562B3FF0
:10AC50001BBC3EBF82C02A3FFC413FBF802A2A3F27
:10AC600067C73FBF1594293F5C4C40BF41FD283F5B
:10AC7000DAD040BF0566283FE15441BF61CE273F8F
:10AC800070D841BF5636273F895B42BFE39D263FC0
:10AC900029DE42BF0A05263F516043BFCB6B253FEB
:10ACA00000E243BF25D2243F376344BF1A38243F14
:10ACB000F5E344BFA99D233F396445BFD302233F39
:10ACC00003E445BF9967223F546346BFFBCB213F56
:10ACD0002AE246BFF92F213F856047BF9393203F6B
:10ACE00065DE47BFCBF61F3FCA5B48BF9F591F3F7A
:10ACF000B3D848BF12BC1E3F215549BF221E1E3F7C
:10AD000012D149BFD17F1D3F874C4ABF1FE11C3F75
:10AD10007FC74ABF0C421C3FFA414BBF99A21B3F61
:10AD2000F8BB4BBFC6021B3F78354CBF93621A3F3E
:10AD300079AE4CBF00C2193FFD264DBF0F21193F10
:10AD4000029F4DBFC07F183F89164EBF12DE173FCE
:10AD5000908D4EBF073C173F17044FBF9F99163F7A
:10AD60001F7A4FBFD9F6153FA8EF4FBFB753153F16
:10AD7000AF6450BF39B0143F37D950BF5F0C143F98
:10AD80003D4D51BF2A68133FC2C051BF9AC3123F05
:10AD9000C63352BFB01E123F49A652BF6B79113F56
:10ADA000491853BFCDD3103FC78953BFD52D103F8E
:10ADB000C3FA53BF84870F3F3B6B54BFDBE00E3FAA
:10ADC00031DB54BFDA390E3FA44A55BF81920D3FA3
:10ADD00093B955BFD0EA0C3FFE2756BFC9420C3F7E
:10ADE000E59556BF6B9A0B3F480357BFB7F10A3F33
:10ADF000267057BFAD480A3F7FDC57BF4E9F093FC3
:10AE0000534858BF9BF5083FA1B358BF924B083F2A
:10AE10006A1E59BF36A1073FAD8859BF86F6063F67
:10AE20006AF259BF824B063FA05B5ABF2CA0053F78
:10AE300050C45ABF84F4043F792C5BBF8948043F57
:10AE40001A945BBF3D9C033F34FB5BBF9FEF023F07
:10AE5000C7615CBFB142023FD1C75CBF7395013F80
:10AE6000532D5DBFE4E7003F4D925DBF063A003FC2
:10AE7000BEF65DBFB217FF3EA65A5EBFBBBAFD3E2F
:10AE800005BE5EBF275DFC3EDB205FBFF7FEFA3EDE
:10AE900027835FBF2DA0F93EE9E45FBFC840F83EBD
:10AEA000214660BFCBE0F63ECFA660BF3580F53EC1
:10AEB000F20661BF071FF43E8A6661BF43BDF23EE2
:10AEC00098C561BFEA5AF13E1A2462BFFBF7EF3E14
:10AED000108262BF7994EE3E7BDF62BF6330ED3E4D
:10AEE0005A3C63BFBBCBEB3EAC9863BF8166EA3E86
:10AEF00073F463BFB700E93EAC4F64BF5D9AE73EB1
:10AF000059AA64BF7533E63E790465BFFECBE43EC3
:10AF10000B5E65BFFA63E33E10B765BF6AFBE13EB7
:10AF2000880F66BF4F92E03E716766BFA928DF3E7B
:10AF3000CCBE66BF79BEDD3E991567BFC153DC3E0E
:10AF4000D86B67BF80E8DA3E87C167BFB97CD93E5E
:10AF5000A81668BF6B10D83E396B68BF99A3D63E60
:10AF60003CBF68BF4136D53EAE1269BF67C8D33E0D
:10AF7000916569BF095AD23EE4B769BF2AEBD03E5A
:10AF8000A7096ABFCA7BCF3ED95A6ABFEA0BCE3E39
:10AF90007BAB6ABF8B9BCC3E8CFB6ABFAE2ACB3EA1
:10AFA0000C4B6BBF53B9C93EFB996BBF7C47C83E86
:10AFB00058E86BBF29D5C63E24366CBF5C62C53EDF
:10AFC0005E836CBF15EFC33E07D06CBF557BC23E9E
:10AFD0001D1C6DBF1E07C13EA1676DBF6F92BF3EB6
:10AFE00093B26DBF4A1DBE3EF2FC6DBFAFA7BC3E23
:10AFF000BE466EBFA031BB3EF88F6EBF1EBBB93ED2
:10B000009ED86EBF2A44B83EB0206FBFC3CCB63EB8
:10B0100030686FBFEC54B53E1BAF6FBFA5DCB33ECD
:10B0200073F56FBFEF63B23E373B70BFCBEAB03E04
:10B03000668070BF3A71AF3E02C570BF3CF7AD3E4F
:10B04000080971BFD47CAC3E7A4C71BF0102AB3EA3
:10B05000578F71BFC486A93E9FD171BF1F0BA83EF9
:10B06000521372BF128FA63E705472BF9F12A53E3C
:10B07000F89472BFC595A33EEBD472BF8718A23E69
:10B08000471473BFE59AA03E0E5373BFDF1C9F3E6B
:10B090003F9173BF789E9D3ED9CE73BFAF1F9C3E3C
:10B0A000DD0B74BF86A09A3E4B4874BFFE20993ECC
:10B0B000228474BF17A1973E62BF74BFD220963E10
:10B0C0000BFA74BF31A0943E1D3475BF351F933EFB
:10B0D000976D75BFDD9D913E7BA675BF2C1C903E84
:10B0E000C6DE75BF229A8E3E7A1676BFC0178D3E99
:10B0F000974D76BF07958B3E1B8476BFF8118A3E2D
:10B1000007BA76BF938E883E5BEF76BFDA0A873E3A
:10B11000172477BFCE86853E3A5877BF7002843EAB
:10B12000C58B77BFC07D823EB7BE77BFC0F8803E7B
:10B1300010F177BFE1E67E3ED12278BFA4DB7B3EF3
:10B14000F85378BFCCCF783E868478BF5AC3753E1B
:10B150007BB478BF51B6723ED6E378BFB2A86F3EDB
:10B16000981279BF7F9A6C3EC04079BFBA8B693E16
:10B170004E6E79BF667C663E439B79BF836C633EAF
:10B180009DC779BF135C603E5EF379BF1A4B5D3E8D
:10B19000841E7ABF97395A3E10497ABF8F27573E8F
:10B1A00002737ABF0115543E599C7ABFF101513E9A
:10B1B00016C57ABF60EE4D3E37ED7ABF4FDA4A3E94
:10B1C000BE147BBFC2C5473EAB3B7BBFB9B0443E5C
:10B1D000FC617BBF379B413EB2877BBF3E853E3ED5
:10B1E000CDAC7BBFCF6E3B3E4DD17BBFEC57383EE5
:10B1F00031F57BBF9840353E7A187CBFD428323E6B
:10B20000283B7CBFA2102F3E3A5D7CBF04F82B3E4A
:10B21000B07E7CBFFCDE283E8A9F7CBF8CC5253E6D
:10B22000C9BF7CBFB6AB223E6CDF7CBF7B911F3EAB
:10B2300073FE7CBFDE761C3EDD1C7DBFE05B193EED
:10B24000AC3A7DBF8340163EDE577DBFCA24133E15
:10B2500074747DBFB708103E6E907DBF4AEC0C3E03
:10B26000CCAB7DBF86CF093E8CC67DBF6EB2063E9D
:10B27000B1E07DBF0295033E38FA7DBF4577003EC1
:10B2800024137EBF73B2FA3D722B7EBFC075F43DAE
:10B2900023437EBF7638EE3D385A7EBF9AFAE73DAB
:10B2A000B0707EBF2EBCE13D8B867EBF377DDB3D1F
:10B2B000C99B7EBFB93DD53D69B07EBFB7FDCE3DD0
:10B2C0006DC47EBF36BDC83DD4D77EBF397CC23D7C
:10B2D0009DEA7EBFC33ABC3DC9FC7EBFDAF8B53DEE
:10B2E000580E7FBF80B6AF3D491F7FBFBA73A93DDF
:10B2F0009D2F7FBF8C30A33D543F7FBFF9EC9C3D19
:10B300006D4E7FBF05A9963DE95C7FBFB464903D5B
:10B31000C76A7FBF0A208A3D08787FBF0ADB833D6A
:10B32000AB847FBF742B7B3DB1907FBF38A06E3D57
:10B33000189C7FBF6814623DE3A67FBF0E88553D11
:10B340000FB17FBF2FFB483D9EBA7FBFD56D3C3DFF
:10B350008FC37FBF07E02F3DE2CB7FBFCC51233DA2
:10B3600098D37FBF2CC3163DAFDA7FBF2F340A3D81
:10B3700029E17FBFB949FB3C05E77FBF7B2AE23C5F
:10B3800043EC7FBFB00AC93CE3F07FBF69EAAF3C42
:10B39000E6F47FBFB6C9963C4AF87FBF4B517B3C71
:10B3A00011FB7FBF900E493C39FD7FBF59CB163C46
:10B3B000C4FE7FBF890FC93BB1FF7FBFC70F493BA9
:10B3C000000080BF00000000B1FF7FBFC70F49BB76
:10B3D000C4FE7FBF890FC9BB39FD7FBF59CB16BCE7
:10B3E00011FB7FBF900E49BC4AF87FBF4B517BBC1D
:10B3F000E6F47FBFB6C996BCE3F07FBF69EAAFBC95
:10B4000043EC7FBFB00AC9BC05E77FBF7B2AE2BC23
:10B4100029E17FBFB949FBBCAFDA7FBF2F340ABD3A
:10B4200098D37FBF2CC316BDE2CB7FBFCC5123BDC9
:10B430008FC37FBF07E02FBD9EBA7FBFD56D3CBDD8
:10B440000FB17FBF2FFB48BDE3A67FBF0E8855BD60
:10B45000189C7FBF681462BDB1907FBF38A06EBDDD
:10B46000AB847FBF742B7BBD08787FBF0ADB83BDB5
:10B47000C76A7FBF0A208ABDE95C7FBFB46490BD04
:10B480006D4E7FBF05A996BD543F7FBFF9EC9CBDB3
:10B490009D2F7FBF8C30A3BD491F7FBFBA73A9BD4D
:10B4A000580E7FBF80B6AFBDC9FC7EBFDAF8B5BD10
:10B4B0009DEA7EBFC33ABCBDD4D77EBF397CC2BD36
:10B4C0006DC47EBF36BDC8BD69B07EBFB7FDCEBD01
:10B4D000C99B7EBFB93DD5BD8B867EBF377DDBBDA9
:10B4E000B0707EBF2EBCE1BD385A7EBF9AFAE7BD70
:10B4F00023437EBF7638EEBD722B7EBFC075F4BD90
:10B5000024137EBF73B2FABD38FA7DBF457700BE03
:10B51000B1E07DBF029503BE8CC67DBF6EB206BE94
:10B52000CCAB7DBF86CF09BE6E907DBF4AEC0CBE12
:10B5300074747DBFB70810BEDE577DBFCA2413BE2A
:10B54000AC3A7DBF834016BEDD1C7DBFE05B19BEFB
:10B5500073FE7CBFDE761CBE6CDF7CBF7B911FBEA2
:10B56000C9BF7CBFB6AB22BE8A9F7CBF8CC525BE3F
:10B57000B07E7CBFFCDE28BE3A5D7CBF04F82BBEEB
:10B58000283B7CBFA2102FBE7A187CBFD42832BEC5
:10B5900031F57BBF984035BE4DD17BBFEC5738BEEF
:10B5A000CDAC7BBFCF6E3BBEB2877BBF3E853EBE80
:10B5B000FC617BBF379B41BEAB3B7BBFB9B044BE98
:10B5C000BE147BBFC2C547BE37ED7ABF4FDA4ABE55
:10B5D00016C57ABF60EE4DBE599C7ABFF10151BECF
:10B5E00002737ABF011554BE10497ABF8F2757BE28
:10B5F000841E7ABF97395ABE5EF379BF1A4B5DBE7F
:10B600009DC779BF135C60BE439B79BF836C63BEEB
:10B610004E6E79BF667C66BEC04079BFBA8B69BE8C
:10B62000981279BF7F9A6CBED6E378BFB2A86FBE7E
:10B630007BB478BF51B672BE868478BF5AC375BEDC
:10B64000F85378BFCCCF78BED12278BFA4DB7BBEC5
:10B6500010F177BFE1E67EBEB7BE77BFC0F880BE0F
:10B66000C58B77BFC07D82BE3A5877BF700284BE5B
:10B67000172477BFCE8685BE5BEF76BFDA0A87BE1A
:10B6800007BA76BF938E88BE1B8476BFF8118ABE38
:10B69000974D76BF07958BBE7A1676BFC0178DBEC5
:10B6A000C6DE75BF229A8EBE7BA675BF2C1C90BECF
:10B6B000976D75BFDD9D91BE1D3475BF351F93BE5F
:10B6C0000BFA74BF31A094BE62BF74BFD22096BE85
:10B6D000228474BF17A197BE4B4874BFFE2099BE49
:10B6E000DD0B74BF86A09ABED9CE73BFAF1F9CBEC0
:10B6F0003F9173BF789E9DBE0E5373BFDF1C9FBEEC
:10B70000471473BFE59AA0BEEBD472BF8718A2BEE0
:10B71000F89472BFC595A3BE705472BF9F12A5BEA8
:10B72000521372BF128FA6BE9FD171BF1F0BA8BE4E
:10B73000578F71BFC486A9BE7A4C71BF0102ABBEE0
:10B74000080971BFD47CACBE02C570BF3CF7ADBE6A
:10B75000668070BF3A71AFBE373B70BFCBEAB0BEF8
:10B7600073F56FBFEF63B2BE1BAF6FBFA5DCB3BE97
:10B7700030686FBFEC54B5BEB0206FBFC3CCB6BE4F
:10B780009ED86EBF2A44B8BEF88F6EBF1EBBB9BE2E
:10B79000BE466EBFA031BBBEF2FC6DBFAFA7BCBE44
:10B7A00093B26DBF4A1DBEBEA1676DBF6F92BFBE93
:10B7B0001D1C6DBF1E07C1BE07D06CBF557BC2BE2E
:10B7C0005E836CBF15EFC3BE24366CBF5C62C5BE22
:10B7D00058E86BBF29D5C6BEFB996BBF7C47C8BE76
:10B7E0000C4B6BBF53B9C9BE8CFB6ABFAE2ACBBE34
:10B7F0007BAB6ABF8B9BCCBED95A6ABFEA0BCEBE6D
:10B80000A7096ABFCA7BCFBEE4B769BF2AEBD0BE27
:10B81000916569BF095AD2BEAE1269BF67C8D3BE6F
:10B820003CBF68BF4136D5BE396B68BF99A3D6BE51
:10B83000A81668BF6B10D8BE87C167BFB97CD9BED8
:10B84000D86B67BF80E8DABE991567BFC153DCBE0D
:10B85000CCBE66BF79BEDDBE716766BFA928DFBEFC
:10B86000880F66BF4F92E0BE10B765BF6AFBE1BEAE
:10B870000B5E65BFFA63E3BE790465BFFECBE4BE31
:10B8800059AA64BF7533E6BEAC4F64BF5D9AE7BE8C
:10B8900073F463BFB700E9BEAC9863BF8166EABECC
:10B8A0005A3C63BFBBCBEBBE7BDF62BF6330EDBEF8
:10B8B000108262BF7994EEBE1A2462BFFBF7EFBE1E
:10B8C00098C561BFEA5AF1BE8A6661BF43BDF2BE48
:10B8D000F20661BF071FF4BECFA660BF3580F5BE7C
:10B8E000214660BFCBE0F6BEE9E45FBFC840F8BECA
:10B8F00027835FBF2DA0F9BEDB205FBFF7FEFABE36
:10B9000005BE5EBF275DFCBEA65A5EBFBBBAFDBECC
:10B91000BEF65DBFB217FFBE4D925DBF063A00BFD7
:10B92000532D5DBFE4E700BFD1C75CBF739501BF76
:10B93000C7615CBFB14202BF34FB5BBF9FEF02BF78
:10B940001A945BBF3D9C03BF792C5BBF894804BF41
:10B9500050C45ABF84F404BFA05B5ABF2CA005BFDB
:10B960006AF259BF824B06BFAD8859BF86F606BF43
:10B970006A1E59BF36A107BFA1B358BF924B08BF7B
:10B98000534858BF9BF508BF7FDC57BF4E9F09BF88
:10B99000267057BFAD480ABF480357BFB7F10ABF6B
:10B9A000E59556BF6B9A0BBFFE2756BFC9420CBF29
:10B9B00093B955BFD0EA0CBFA44A55BF81920DBFC1
:10B9C00031DB54BFDA390EBF3B6B54BFDBE00EBF37
:10B9D000C3FA53BF84870FBFC78953BFD52D10BF8C
:10B9E000491853BFCDD310BF49A652BF6B7911BFC1
:10B9F000C63352BFB01E12BFC2C051BF9AC312BFDE
:10BA00003D4D51BF2A6813BF37D950BF5F0C14BFDB
:10BA1000AF6450BF39B014BFA8EF4FBFB75315BFC5
:10BA20001F7A4FBFD9F615BF17044FBF9F9916BF96
:10BA3000908D4EBF073C17BF89164EBF12DE17BF51
:10BA4000029F4DBFC07F18BFFD264DBF0F2119BFFC
:10BA500079AE4CBF00C219BF78354CBF93621ABF94
:10BA6000F8BB4BBFC6021BBFFA414BBF99A21BBF1D
:10BA70007FC74ABF0C421CBF874C4ABF1FE11CBF97
:10BA800012D149BFD17F1DBF215549BF221E1EBF04
:10BA9000B3D848BF12BC1EBFCA5B48BF9F591FBF67
:10BAA00065DE47BFCBF61FBF856047BF939320BFBE
:10BAB0002AE246BFF92F21BF546346BFFBCB21BF0B
:10BAC00003E445BF996722BF396445BFD30223BF52
:10BAD000F5E344BFA99D23BF376344BF1A3824BF91
:10BAE00000E243BF25D224BF516043BFCB6B25BFCB
:10BAF00029DE42BF0A0526BF895B42BFE39D26BF00
:10BB000070D841BF563627BFE15441BF61CE27BF31
:10BB1000DAD040BF056628BF5C4C40BF41FD28BF5E
:10BB200067C73FBF159429BFFC413FBF802A2ABF8A
:10BB30001BBC3EBF82C02ABFC5353EBF1B562BBFB4
:10BB4000F9AE3DBF4AEB2BBFB8273DBF0F802CBFDE
:10BB500003A03CBF69142DBFD9173CBF59A82DBF06
:10BB60003B8F3BBFDE3B2EBF29063BBFF7CE2EBF30
:10BB7000A47C3ABFA5612FBFACF239BFE6F32FBF5B
:10BB8000426839BFBB8530BF65DD38BF221731BF82
:10BB9000165238BF1DA831BF55C637BFAA3832BFAD
:10BBA000233A37BFC9C832BF7FAD36BF7A5833BFDB
:10BBB0006C2036BFBCE733BFE79235BF8F7634BF0A
:10BBC000F30435BFF30435BF8F7634BFE79235BF3A
:10BBD000BCE733BF6C2036BF7A5833BF7FAD36BF6A
:10BBE000C9C832BF233A37BFAA3832BF55C637BF9C
:10BBF0001DA831BF165238BF221731BF65DD38BFCF
:10BC0000BB8530BF426839BFE6F32FBFACF239BF06
:10BC1000A5612FBFA47C3ABFF7CE2EBF29063BBF3C
:10BC2000DE3B2EBF3B8F3BBF59A82DBFD9173CBF72
:10BC300069142DBF03A03CBF0F802CBFB8273DBFA8
:10BC40004AEB2BBFF9AE3DBF1B562BBFC5353EBFE0
:10BC500082C02ABF1BBC3EBF802A2ABFFC413FBF17
:10BC6000159429BF67C73FBF41FD28BF5C4C40BF4B
:10BC7000056628BFDAD040BF61CE27BFE15441BF7F
:10BC8000563627BF70D841BFE39D26BF895B42BFB0
:10BC90000A0526BF29DE42BFCB6B25BF516043BFDB
:10BCA00025D224BF00E243BF1A3824BF376344BF04
:10BCB000A99D23BFF5E344BFD30223BF396445BF29
:10BCC000996722BF03E445BFFBCB21BF546346BF46
:10BCD000F92F21BF2AE246BF939320BF856047BF5B
:10BCE000CBF61FBF65DE47BF9F591FBFCA5B48BF6A
:10BCF00012BC1EBFB3D848BF221E1EBF215549BF6C
:10BD0000D17F1DBF12D149BF1FE11CBF874C4ABF65
:10BD10000C421CBF7FC74ABF99A21BBFFA414BBF51
:10BD2000C6021BBFF8BB4BBF93621ABF78354CBF2E
:10BD300000C219BF79AE4CBF0F2119BFFD264DBF00
:10BD4000C07F18BF029F4DBF12DE17BF89164EBFBE
:10BD5000073C17BF908D4EBF9F9916BF17044FBF6A
:10BD6000D9F615BF1F7A4FBFB75315BFA8EF4FBF06
:10BD700039B014BFAF6450BF5F0C14BF37D950BF88
:10BD80002A6813BF3D4D51BF9AC312BFC2C051BFF5
:10BD9000B01E12BFC63352BF6B7911BF49A652BF46
:10BDA000CDD310BF491853BFD52D10BFC78953BF7E
:10BDB00084870FBFC3FA53BFDBE00EBF3B6B54BF9A
:10BDC000DA390EBF31DB54BF81920DBFA44A55BF93
:10BDD000D0EA0CBF93B955BFC9420CBFFE2756BF6E
:10BDE0006B9A0BBFE59556BFB7F10ABF480357BF23
:10BDF000AD480ABF267057BF4E9F09BF7FDC57BFB3
:10BE00009BF508BF534858BF924B08BFA1B358BF1A
:10BE100036A107BF6A1E59BF86F606BFAD8859BF57
:10BE2000824B06BF6AF259BF2CA005BFA05B5ABF68
:10BE300084F404BF50C45ABF894804BF792C5BBF47
:10BE40003D9C03BF1A945BBF9FEF02BF34FB5BBFF7
:10BE5000B14202BFC7615CBF739501BFD1C75CBF70
:10BE6000E4E700BF532D5DBF063A00BF4D925DBFB2
:10BE7000B217FFBEBEF65DBFBBBAFDBEA65A5EBF1F
:10BE8000275DFCBE05BE5EBFF7FEFABEDB205FBFCE
:10BE90002DA0F9BE27835FBFC840F8BEE9E45FBFAD
:10BEA000CBE0F6BE214660BF3580F5BECFA660BFB1
:10BEB000071FF4BEF20661BF43BDF2BE8A6661BFD2
:10BEC000EA5AF1BE98C561BFFBF7EFBE1A2462BF04
:10BED0007994EEBE108262BF6330EDBE7BDF62BF3D
:10BEE000BBCBEBBE5A3C63BF8166EABEAC9863BF76
:10BEF000B700E9BE73F463BF5D9AE7BEAC4F64BFA1
:10BF00007533E6BE59AA64BFFECBE4BE790465BFB3
:10BF1000FA63E3BE0B5E65BF6AFBE1BE10B765BFA7
:10BF20004F92E0BE880F66BFA928DFBE716766BF6B
:10BF300079BEDDBECCBE66BFC153DCBE991567BFFE
:10BF400080E8DABED86B67BFB97CD9BE87C167BF4E
:10BF50006B10D8BEA81668BF99A3D6BE396B68BF50
:10BF60004136D5BE3CBF68BF67C8D3BEAE1269BFFD
:10BF7000095AD2BE916569BF2AEBD0BEE4B769BF4A
:10BF8000CA7BCFBEA7096ABFEA0BCEBED95A6ABF29
:10BF90008B9BCCBE7BAB6ABFAE2ACBBE8CFB6ABF91
:10BFA00053B9C9BE0C4B6BBF7C47C8BEFB996BBF76
:10BFB00029D5C6BE58E86BBF5C62C5BE24366CBFCF
:10BFC00015EFC3BE5E836CBF557BC2BE07D06CBF8E
:10BFD0001E07C1BE1D1C6DBF6F92BFBEA1676DBFA6
:10BFE0004A1DBEBE93B26DBFAFA7BCBEF2FC6DBF13
:10BFF000A031BBBEBE466EBF1EBBB9BEF88F6EBFC2
:10C000002A44B8BE9ED86EBFC3CCB6BEB0206FBFA8
:10C01000EC54B5BE30686FBFA5DCB3BE1BAF6FBFBD
:10C02000EF63B2BE73F56FBFCBEAB0BE373B70BFF4
:10C030003A71AFBE668070BF3CF7ADBE02C570BF3F
:10C04000D47CACBE080971BF0102ABBE7A4C71BF93
:10C05000C486A9BE578F71BF1F0BA8BE9FD171BFE9
:10C06000128FA6BE521372BF9F12A5BE705472BF2C
:10C07000C595A3BEF89472BF8718A2BEEBD472BF59
:10C08000E59AA0BE471473BFDF1C9FBE0E5373BF5B
:10C09000789E9DBE3F9173BFAF1F9CBED9CE73BF2C
:10C0A00086A09ABEDD0B74BFFE2099BE4B4874BFBC
:10C0B00017A197BE228474BFD22096BE62BF74BF00
:10C0C00031A094BE0BFA74BF351F93BE1D3475BFEB
:10C0D000DD9D91BE976D75BF2C1C90BE7BA675BF74
:10C0E000229A8EBEC6DE75BFC0178DBE7A1676BF89
:10C0F00007958BBE974D76BFF8118ABE1B8476BF1D
:10C10000938E88BE07BA76BFDA0A87BE5BEF76BF2A
:10C11000CE8685BE172477BF700284BE3A5877BF9B
:10C12000C07D82BEC58B77BFC0F880BEB7BE77BF6B
:10C13000E1E67EBE10F177BFA4DB7BBED12278BFE3
:10C14000CCCF78BEF85378BF5AC375BE868478BF0B
:10C1500051B672BE7BB478BFB2A86FBED6E378BFCB
:10C160007F9A6CBE981279BFBA8B69BEC04079BF06
:10C17000667C66BE4E6E79BF836C63BE439B79BF9F
:10C18000135C60BE9DC779BF1A4B5DBE5EF379BF7D
:10C1900097395ABE841E7ABF8F2757BE10497ABF7F
:10C1A000011554BE02737ABFF10151BE599C7ABF8A
:10C1B00060EE4DBE16C57ABF4FDA4ABE37ED7ABF84
:10C1C000C2C547BEBE147BBFB9B044BEAB3B7BBF4C
:10C1D000379B41BEFC617BBF3E853EBEB2877BBFC5
:10C1E000CF6E3BBECDAC7BBFEC5738BE4DD17BBFD5
:10C1F000984035BE31F57BBFD42832BE7A187CBF5B
:10C20000A2102FBE283B7CBF04F82BBE3A5D7CBF3A
:10C21000FCDE28BEB07E7CBF8CC525BE8A9F7CBF5D
:10C22000B6AB22BEC9BF7CBF7B911FBE6CDF7CBF9B
:10C23000DE761CBE73FE7CBFE05B19BEDD1C7DBFDD
:10C24000834016BEAC3A7DBFCA2413BEDE577DBF05
:10C25000B70810BE74747DBF4AEC0CBE6E907DBFF3
:10C2600086CF09BECCAB7DBF6EB206BE8CC67DBF8D
:10C27000029503BEB1E07DBF457700BE38FA7DBFB1
:10C2800073B2FABD24137EBFC075F4BD722B7EBF9E
:10C290007638EEBD23437EBF9AFAE7BD385A7EBF9B
:10C2A0002EBCE1BDB0707EBF377DDBBD8B867EBF0F
:10C2B000B93DD5BDC99B7EBFB7FDCEBD69B07EBFC0
:10C2C00036BDC8BD6DC47EBF397CC2BDD4D77EBF6C
:10C2D000C33ABCBD9DEA7EBFDAF8B5BDC9FC7EBFDE
:10C2E00080B6AFBD580E7FBFBA73A9BD491F7FBFCF
:10C2F0008C30A3BD9D2F7FBFF9EC9CBD543F7FBF09
:10C3000005A996BD6D4E7FBFB46490BDE95C7FBF4B
:10C310000A208ABDC76A7FBF0ADB83BD08787FBF5A
:10C32000742B7BBDAB847FBF38A06EBDB1907FBF47
:10C33000681462BD189C7FBF0E8855BDE3A67FBF01
:10C340002FFB48BD0FB17FBFD56D3CBD9EBA7FBFEF
:10C3500007E02FBD8FC37FBFCC5123BDE2CB7FBF92
:10C360002CC316BD98D37FBF2F340ABDAFDA7FBF71
:10C37000B949FBBC29E17FBF7B2AE2BC05E77FBF4F
:10C38000B00AC9BC43EC7FBF69EAAFBCE3F07FBF32
:10C39000B6C996BCE6F47FBF4B517BBC4AF87FBF61
:10C3A000900E49BC11FB7FBF59CB16BC39FD7FBF36
:10C3B000890FC9BBC4FE7FBFC70F49BBB1FF7FBF99
:10C3C00000000080000080BFC70F493BB1FF7FBF66
:10C3D000890FC93BC4FE7FBF59CB163C39FD7FBFD7
:10C3E000900E493C11FB7FBF4B517B3C4AF87FBF0D
:10C3F000B6C9963CE6F47FBF69EAAF3CE3F07FBF85
:10C40000B00AC93C43EC7FBF7B2AE23C05E77FBF13
:10C41000B949FB3C29E17FBF2F340A3DAFDA7FBF2A
:10C420002CC3163D98D37FBFCC51233DE2CB7FBFB9
:10C4300007E02F3D8FC37FBFD56D3C3D9EBA7FBFC8
:10C440002FFB483D0FB17FBF0E88553DE3A67FBF50
:10C450006814623D189C7FBF38A06E3DB1907FBFCD
:10C46000742B7B3DAB847FBF0ADB833D08787FBFA5
:10C470000A208A3DC76A7FBFB464903DE95C7FBFF4
:10C4800005A9963D6D4E7FBFF9EC9C3D543F7FBFA3
:10C490008C30A33D9D2F7FBFBA73A93D491F7FBF3D
:10C4A00080B6AF3D580E7FBFDAF8B53DC9FC7EBF00
:10C4B000C33ABC3D9DEA7EBF397CC23DD4D77EBF26
:10C4C00036BDC83D6DC47EBFB7FDCE3D69B07EBFF1
:10C4D000B93DD53DC99B7EBF377DDB3D8B867EBF99
:10C4E0002EBCE13DB0707EBF9AFAE73D385A7EBF60
:10C4F0007638EE3D23437EBFC075F43D722B7EBF80
:10C5000073B2FA3D24137EBF4577003E38FA7DBFF3
:10C510000295033EB1E07DBF6EB2063E8CC67DBF84
:10C5200086CF093ECCAB7DBF4AEC0C3E6E907DBF02
:10C53000B708103E74747DBFCA24133EDE577DBF1A
:10C540008340163EAC3A7DBFE05B193EDD1C7DBFEB
:10C55000DE761C3E73FE7CBF7B911F3E6CDF7CBF92
:10C56000B6AB223EC9BF7CBF8CC5253E8A9F7CBF2F
:10C57000FCDE283EB07E7CBF04F82B3E3A5D7CBFDB
:10C58000A2102F3E283B7CBFD428323E7A187CBFB5
:10C590009840353E31F57BBFEC57383E4DD17BBFDF
:10C5A000CF6E3B3ECDAC7BBF3E853E3EB2877BBF70
:10C5B000379B413EFC617BBFB9B0443EAB3B7BBF88
:10C5C000C2C5473EBE147BBF4FDA4A3E37ED7ABF45
:10C5D00060EE4D3E16C57ABFF101513E599C7ABFBF
:10C5E0000115543E02737ABF8F27573E10497ABF18
:10C5F00097395A3E841E7ABF1A4B5D3E5EF379BF6F
:10C60000135C603E9DC779BF836C633E439B79BFDB
:10C61000667C663E4E6E79BFBA8B693EC04079BF7C
:10C620007F9A6C3E981279BFB2A86F3ED6E378BF6E
:10C6300051B6723E7BB478BF5AC3753E868478BFCC
:10C64000CCCF783EF85378BFA4DB7B3ED12278BFB5
:10C65000E1E67E3E10F177BFC0F8803EB7BE77BFFF
:10C66000C07D823EC58B77BF7002843E3A5877BF4B
:10C67000CE86853E172477BFDA0A873E5BEF76BF0A
:10C68000938E883E07BA76BFF8118A3E1B8476BF28
:10C6900007958B3E974D76BFC0178D3E7A1676BFB5
:10C6A000229A8E3EC6DE75BF2C1C903E7BA675BFBF
:10C6B000DD9D913E976D75BF351F933E1D3475BF4F
:10C6C00031A0943E0BFA74BFD220963E62BF74BF75
:10C6D00017A1973E228474BFFE20993E4B4874BF39
:10C6E00086A09A3EDD0B74BFAF1F9C3ED9CE73BFB0
:10C6F000789E9D3E3F9173BFDF1C9F3E0E5373BFDC
:10C70000E59AA03E471473BF8718A23EEBD472BFD0
:10C71000C595A33EF89472BF9F12A53E705472BF98
:10C72000128FA63E521372BF1F0BA83E9FD171BF3E
:10C73000C486A93E578F71BF0102AB3E7A4C71BFD0
:10C74000D47CAC3E080971BF3CF7AD3E02C570BF5A
:10C750003A71AF3E668070BFCBEAB03E373B70BFE8
:10C76000EF63B23E73F56FBFA5DCB33E1BAF6FBF87
:10C77000EC54B53E30686FBFC3CCB63EB0206FBF3F
:10C780002A44B83E9ED86EBF1EBBB93EF88F6EBF1E
:10C79000A031BB3EBE466EBFAFA7BC3EF2FC6DBF34
:10C7A0004A1DBE3E93B26DBF6F92BF3EA1676DBF83
:10C7B0001E07C13E1D1C6DBF557BC23E07D06CBF1E
:10C7C00015EFC33E5E836CBF5C62C53E24366CBF12
:10C7D00029D5C63E58E86BBF7C47C83EFB996BBF66
:10C7E00053B9C93E0C4B6BBFAE2ACB3E8CFB6ABF24
:10C7F0008B9BCC3E7BAB6ABFEA0BCE3ED95A6ABF5D
:10C80000CA7BCF3EA7096ABF2AEBD03EE4B769BF17
:10C81000095AD23E916569BF67C8D33EAE1269BF5F
:10C820004136D53E3CBF68BF99A3D63E396B68BF41
:10C830006B10D83EA81668BFB97CD93E87C167BFC8
:10C8400080E8DA3ED86B67BFC153DC3E991567BFFD
:10C8500079BEDD3ECCBE66BFA928DF3E716766BFEC
:10C860004F92E03E880F66BF6AFBE13E10B765BF9E
:10C87000FA63E33E0B5E65BFFECBE43E790465BF21
:10C880007533E63E59AA64BF5D9AE73EAC4F64BF7C
:10C89000B700E93E73F463BF8166EA3EAC9863BFBC
:10C8A000BBCBEB3E5A3C63BF6330ED3E7BDF62BFE8
:10C8B0007994EE3E108262BFFBF7EF3E1A2462BF0E
:10C8C000EA5AF13E98C561BF43BDF23E8A6661BF38
:10C8D000071FF43EF20661BF3580F53ECFA660BF6C
:10C8E000CBE0F63E214660BFC840F83EE9E45FBFBA
:10C8F0002DA0F93E27835FBFF7FEFA3EDB205FBF26
:10C90000275DFC3E05BE5EBFBBBAFD3EA65A5EBFBC
:10C91000B217FF3EBEF65DBF063A003F4D925DBFC7
:10C92000E4E7003F532D5DBF7395013FD1C75CBF66
:10C93000B142023FC7615CBF9FEF023F34FB5BBF68
:10C940003D9C033F1A945BBF8948043F792C5BBF31
:10C9500084F4043F50C45ABF2CA0053FA05B5ABFCB
:10C96000824B063F6AF259BF86F6063FAD8859BF33
:10C9700036A1073F6A1E59BF924B083FA1B358BF6B
:10C980009BF5083F534858BF4E9F093F7FDC57BF78
:10C99000AD480A3F267057BFB7F10A3F480357BF5B
:10C9A0006B9A0B3FE59556BFC9420C3FFE2756BF19
:10C9B000D0EA0C3F93B955BF81920D3FA44A55BFB1
:10C9C000DA390E3F31DB54BFDBE00E3F3B6B54BF27
:10C9D00084870F3FC3FA53BFD52D103FC78953BF7C
:10C9E000CDD3103F491853BF6B79113F49A652BFB1
:10C9F000B01E123FC63352BF9AC3123FC2C051BFCE
:10CA00002A68133F3D4D51BF5F0C143F37D950BFCB
:10CA100039B0143FAF6450BFB753153FA8EF4FBFB5
:10CA2000D9F6153F1F7A4FBF9F99163F17044FBF86
:10CA3000073C173F908D4EBF12DE173F89164EBF41
:10CA4000C07F183F029F4DBF0F21193FFD264DBFEC
:10CA500000C2193F79AE4CBF93621A3F78354CBF84
:10CA6000C6021B3FF8BB4BBF99A21B3FFA414BBF0D
:10CA70000C421C3F7FC74ABF1FE11C3F874C4ABF87
:10CA8000D17F1D3F12D149BF221E1E3F215549BFF4
:10CA900012BC1E3FB3D848BF9F591F3FCA5B48BF57
:10CAA000CBF61F3F65DE47BF9393203F856047BFAE
:10CAB000F92F213F2AE246BFFBCB213F546346BFFB
:10CAC0009967223F03E445BFD302233F396445BF42
:10CAD000A99D233FF5E344BF1A38243F376344BF81
:10CAE00025D2243F00E243BFCB6B253F516043BFBB
:10CAF0000A05263F29DE42BFE39D263F895B42BFF0
:10CB00005636273F70D841BF61CE273FE15441BF21
:10CB10000566283FDAD040BF41FD283F5C4C40BF4E
:10CB20001594293F67C73FBF802A2A3FFC413FBF7A
:10CB300082C02A3F1BBC3EBF1B562B3FC5353EBFA4
:10CB40004AEB2B3FF9AE3DBF0F802C3FB8273DBFCE
:10CB500069142D3F03A03CBF59A82D3FD9173CBFF6
:10CB6000DE3B2E3F3B8F3BBFF7CE2E3F29063BBF20
:10CB7000A5612F3FA47C3ABFE6F32F3FACF239BF4B
:10CB8000BB85303F426839BF2217313F65DD38BF72
:10CB90001DA8313F165238BFAA38323F55C637BF9D
:10CBA000C9C8323F233A37BF7A58333F7FAD36BFCB
:10CBB000BCE7333F6C2036BF8F76343FE79235BFFA
:10CBC000F304353FF30435BFE792353F8F7634BF2A
:10CBD0006C20363FBCE733BF7FAD363F7A5833BF5A
:10CBE000233A373FC9C832BF55C6373FAA3832BF8C
:10CBF0001652383F1DA831BF65DD383F221731BFBF
:10CC00004268393FBB8530BFACF2393FE6F32FBFF6
:10CC1000A47C3A3FA5612FBF29063B3FF7CE2EBF2C
:10CC20003B8F3B3FDE3B2EBFD9173C3F59A82DBF62
:10CC300003A03C3F69142DBFB8273D3F0F802CBF98
:10CC4000F9AE3D3F4AEB2BBFC5353E3F1B562BBFD0
:10CC50001BBC3E3F82C02ABFFC413F3F802A2ABF07
:10CC600067C73F3F159429BF5C4C403F41FD28BF3B
:10CC7000DAD0403F056628BFE154413F61CE27BF6F
:10CC800070D8413F563627BF895B423FE39D26BFA0
:10CC900029DE423F0A0526BF5160433FCB6B25BFCB
:10CCA00000E2433F25D224BF3763443F1A3824BFF4
:10CCB000F5E3443FA99D23BF3964453FD30223BF19
:10CCC00003E4453F996722BF5463463FFBCB21BF36
:10CCD0002AE2463FF92F21BF8560473F939320BF4B
:10CCE00065DE473FCBF61FBFCA5B483F9F591FBF5A
:10CCF000B3D8483F12BC1EBF2155493F221E1EBF5C
:10CD000012D1493FD17F1DBF874C4A3F1FE11CBF55
:10CD10007FC74A3F0C421CBFFA414B3F99A21BBF41
:10CD2000F8BB4B3FC6021BBF78354C3F93621ABF1E
:10CD300079AE4C3F00C219BFFD264D3F0F2119BFF0
:10CD4000029F4D3FC07F18BF89164E3F12DE17BFAE
:10CD5000908D4E3F073C17BF17044F3F9F9916BF5A
:10CD60001F7A4F3FD9F615BFA8EF4F3FB75315BFF6
:10CD7000AF64503F39B014BF37D9503F5F0C14BF78
:10CD80003D4D513F2A6813BFC2C0513F9AC312BFE5
:10CD9000C633523FB01E12BF49A6523F6B7911BF36
:10CDA0004918533FCDD310BFC789533FD52D10BF6E
:10CDB000C3FA533F84870FBF3B6B543FDBE00EBF8A
:10CDC00031DB543FDA390EBFA44A553F81920DBF83
:10CDD00093B9553FD0EA0CBFFE27563FC9420CBF5E
:10CDE000E595563F6B9A0BBF4803573FB7F10ABF13
:10CDF0002670573FAD480ABF7FDC573F4E9F09BFA3
:10CE00005348583F9BF508BFA1B3583F924B08BF0A
:10CE10006A1E593F36A107BFAD88593F86F606BF47
:10CE20006AF2593F824B06BFA05B5A3F2CA005BF58
:10CE300050C45A3F84F404BF792C5B3F894804BF37
:10CE40001A945B3F3D9C03BF34FB5B3F9FEF02BFE7
:10CE5000C7615C3FB14202BFD1C75C3F739501BF60
:10CE6000532D5D3FE4E700BF4D925D3F063A00BFA2
:10CE7000BEF65D3FB217FFBEA65A5E3FBBBAFDBE0F
:10CE800005BE5E3F275DFCBEDB205F3FF7FEFABEBE
:10CE900027835F3F2DA0F9BEE9E45F3FC840F8BE9D
:10CEA0002146603FCBE0F6BECFA6603F3580F5BEA1
:10CEB000F206613F071FF4BE8A66613F43BDF2BEC2
:10CEC00098C5613FEA5AF1BE1A24623FFBF7EFBEF4
:10CED0001082623F7994EEBE7BDF623F6330EDBE2D
:10CEE0005A3C633FBBCBEBBEAC98633F8166EABE66
:10CEF00073F4633FB700E9BEAC4F643F5D9AE7BE91
:10CF000059AA643F7533E6BE7904653FFECBE4BEA3
:10CF10000B5E653FFA63E3BE10B7653F6AFBE1BE97
:10CF2000880F663F4F92E0BE7167663FA928DFBE5B
:10CF3000CCBE663F79BEDDBE9915673FC153DCBEEE
:10CF4000D86B673F80E8DABE87C1673FB97CD9BE3E
:10CF5000A816683F6B10D8BE396B683F99A3D6BE40
:10CF60003CBF683F4136D5BEAE12693F67C8D3BEED
:10CF70009165693F095AD2BEE4B7693F2AEBD0BE3A
:10CF8000A7096A3FCA7BCFBED95A6A3FEA0BCEBE19
:10CF90007BAB6A3F8B9BCCBE8CFB6A3FAE2ACBBE81
:10CFA0000C4B6B3F53B9C9BEFB996B3F7C47C8BE66
:10CFB00058E86B3F29D5C6BE24366C3F5C62C5BEBF
:10CFC0005E836C3F15EFC3BE07D06C3F557BC2BE7E
:10CFD0001D1C6D3F1E07C1BEA1676D3F6F92BFBE96
:10CFE00093B26D3F4A1DBEBEF2FC6D3FAFA7BCBE03
:10CFF000BE466E3FA031BBBEF88F6E3F1EBBB9BEB2
:10D000009ED86E3F2A44B8BEB0206F3FC3CCB6BE98
:10D0100030686F3FEC54B5BE1BAF6F3FA5DCB3BEAD
:10D0200073F56F3FEF63B2BE373B703FCBEAB0BEE4
:10D030006680703F3A71AFBE02C5703F3CF7ADBE2F
:10D040000809713FD47CACBE7A4C713F0102ABBE83
:10D05000578F713FC486A9BE9FD1713F1F0BA8BED9
:10D060005213723F128FA6BE7054723F9F12A5BE1C
:10D07000F894723FC595A3BEEBD4723F8718A2BE49
:10D080004714733FE59AA0BE0E53733FDF1C9FBE4B
:10D090003F91733F789E9DBED9CE733FAF1F9CBE1C
:10D0A000DD0B743F86A09ABE4B48743FFE2099BEAC
:10D0B0002284743F17A197BE62BF743FD22096BEF0
:10D0C0000BFA743F31A094BE1D34753F351F93BEDB
:10D0D000976D753FDD9D91BE7BA6753F2C1C90BE64
:10D0E000C6DE753F229A8EBE7A16763FC0178DBE79
:10D0F000974D763F07958BBE1B84763FF8118ABE0D
:10D1000007BA763F938E88BE5BEF763FDA0A87BE1A
:10D110001724773FCE8685BE3A58773F700284BE8B
:10D12000C58B773FC07D82BEB7BE773FC0F880BE5B
:10D1300010F1773FE1E67EBED122783FA4DB7BBED3
:10D14000F853783FCCCF78BE8684783F5AC375BEFB
:10D150007BB4783F51B672BED6E3783FB2A86FBEBB
:10D160009812793F7F9A6CBEC040793FBA8B69BEF6
:10D170004E6E793F667C66BE439B793F836C63BE8F
:10D180009DC7793F135C60BE5EF3793F1A4B5DBE6D
:10D19000841E7A3F97395ABE10497A3F8F2757BE6F
:10D1A00002737A3F011554BE599C7A3FF10151BE7A
:10D1B00016C57A3F60EE4DBE37ED7A3F4FDA4ABE74
:10D1C000BE147B3FC2C547BEAB3B7B3FB9B044BE3C
:10D1D000FC617B3F379B41BEB2877B3F3E853EBEB5
:10D1E000CDAC7B3FCF6E3BBE4DD17B3FEC5738BEC5
:10D1F00031F57B3F984035BE7A187C3FD42832BE4B
:10D20000283B7C3FA2102FBE3A5D7C3F04F82BBE2A
:10D21000B07E7C3FFCDE28BE8A9F7C3F8CC525BE4D
:10D22000C9BF7C3FB6AB22BE6CDF7C3F7B911FBE8B
:10D2300073FE7C3FDE761CBEDD1C7D3FE05B19BECD
:10D24000AC3A7D3F834016BEDE577D3FCA2413BEF5
:10D2500074747D3FB70810BE6E907D3F4AEC0CBEE3
:10D26000CCAB7D3F86CF09BE8CC67D3F6EB206BE7D
:10D27000B1E07D3F029503BE38FA7D3F457700BEA1
:10D2800024137E3F73B2FABD722B7E3FC075F4BD8E
:10D2900023437E3F7638EEBD385A7E3F9AFAE7BD8B
:10D2A000B0707E3F2EBCE1BD8B867E3F377DDBBDFF
:10D2B000C99B7E3FB93DD5BD69B07E3FB7FDCEBDB0
:10D2C0006DC47E3F36BDC8BDD4D77E3F397CC2BD5C
:10D2D0009DEA7E3FC33ABCBDC9FC7E3FDAF8B5BDCE
:10D2E000580E7F3F80B6AFBD491F7F3FBA73A9BDBF
:10D2F0009D2F7F3F8C30A3BD543F7F3FF9EC9CBDF9
:10D300006D4E7F3F05A996BDE95C7F3FB46490BD3B
:10D31000C76A7F3F0A208ABD08787F3F0ADB83BD4A
:10D32000AB847F3F742B7BBDB1907F3F38A06EBD37
:10D33000189C7F3F681462BDE3A67F3F0E8855BDF1
:10D340000FB17F3F2FFB48BD9EBA7F3FD56D3CBDDF
:10D350008FC37F3F07E02FBDE2CB7F3FCC5123BD82
:10D3600098D37F3F2CC316BDAFDA7F3F2F340ABD61
:10D3700029E17F3FB949FBBC05E77F3F7B2AE2BC3F
:10D3800043EC7F3FB00AC9BCE3F07F3F69EAAFBC22
:10D39000E6F47F3FB6C996BC4AF87F3F4B517BBC51
:10D3A00011FB7F3F900E49BC39FD7F3F59CB16BC26
:10D3B000C4FE7F3F890FC9BBB1FF7F3FC70F49BB89
:10D3C0000000803F00000000C4FE7F3F890FC93B82
:10D3D00011FB7F3F900E493CE6F47F3FB6C9963C77
:10D3E00043EC7F3FB00AC93C29E17F3FB949FB3C90
:10D3F00098D37F3F2CC3163D8FC37F3F07E02F3D5F
:10D400000FB17F3F2FFB483D189C7F3F6814623D62
:10D41000AB847F3F742B7B3DC76A7F3F0A208A3DE8
:10D420006D4E7F3F05A9963D9D2F7F3F8C30A33DDC
:10D43000580E7F3F80B6AF3D9DEA7E3FC33ABC3D6C
:10D440006DC47E3F36BDC83DC99B7E3FB93DD53DCD
:10D45000B0707E3F2EBCE13D23437E3F7638EE3DEB
:10D4600024137E3F73B2FA3DB1E07D3F0295033E47
:10D47000CCAB7D3F86CF093E74747D3FB708103E2C
:10D48000AC3A7D3F8340163E73FE7C3FDE761C3E09
:10D49000C9BF7C3FB6AB223EB07E7C3FFCDE283E5F
:10D4A000283B7C3FA2102F3E31F57B3F9840353E14
:10D4B000CDAC7B3FCF6E3B3EFC617B3F379B413E1B
:10D4C000BE147B3FC2C5473E16C57A3F60EE4D3E57
:10D4D00002737A3F0115543E841E7A3F97395A3EB3
:10D4E0009DC7793F135C603E4E6E793F667C663E19
:10D4F0009812793F7F9A6C3E7BB4783F51B6723E6A
:10D50000F853783FCCCF783E10F1773FE1E67E3E8E
:10D51000C58B773FC07D823E1724773FCE86853E00
:10D5200007BA763F938E883E974D763F07958B3EA0
:10D53000C6DE753F229A8E3E976D753FDD9D913E0A
:10D540000BFA743F31A0943E2284743F17A1973E9A
:10D55000DD0B743F86A09A3E3F91733F789E9D3EBF
:10D560004714733FE59AA03EF894723FC595A33ED9
:10D570005213723F128FA63E578F713FC486A93E49
:10D580000809713FD47CAC3E6680703F3A71AF3E73
:10D5900073F56F3FEF63B23E30686F3FEC54B53EBA
:10D5A0009ED86E3F2A44B83EBE466E3FA031BB3E79
:10D5B00093B26D3F4A1DBE3E1D1C6D3F1E07C13E0E
:10D5C0005E836C3F15EFC33E58E86B3F29D5C63EDE
:10D5D0000C4B6B3F53B9C93E7BAB6A3F8B9BCC3E38
:10D5E000A7096A3FCA7BCF3E9165693F095AD23E7F
:10D5F0003CBF683F4136D53EA816683F6B10D83E09
:10D60000D86B673F80E8DA3ECCBE663F79BEDD3E30
:10D61000880F663F4F92E03E0B5E653FFA63E33E44
:10D6200059AA643F7533E63E73F4633FB700E93EA1
:10D630005A3C633FBBCBEB3E1082623F7994EE3E97
:10D6400098C5613FEA5AF13EF206613F071FF43E7A
:10D650002146603FCBE0F63E27835F3F2DA0F93E99
:10D6600005BE5E3F275DFC3EBEF65D3FB217FF3E46
:10D67000532D5D3FE4E7003FC7615C3FB142023F8D
:10D680001A945B3F3D9C033F50C45A3F84F4043FCF
:10D690006AF2593F824B063F6A1E593F36A1073F47
:10D6A0005348583F9BF5083F2670573FAD480A3F07
:10D6B000E595563F6B9A0B3F93B9553FD0EA0C3F27
:10D6C00031DB543FDA390E3FC3FA533F84870F3FB3
:10D6D0004918533FCDD3103FC633523FB01E123FBF
:10D6E0003D4D513F2A68133FAF64503F39B0143F5E
:10D6F0001F7A4F3FD9F6153F908D4E3F073C173F9D
:10D70000029F4D3FC07F183F79AE4C3F00C2193F8A
:10D71000F8BB4B3FC6021B3F7FC74A3F0C421C3F32
:10D7200012D1493FD17F1D3FB3D8483F12BC1E3FA5
:10D7300065DE473FCBF61F3F2AE2463FF92F213FE8
:10D7400003E4453F9967223FF5E3443FA99D233F0A
:10D7500000E2433F25D2243F29DE423F0A05263F0F
:10D7600070D8413F5636273FDAD0403F0566283F04
:10D7700067C73F3F1594293F1BBC3E3F82C02A3FED
:10D78000F9AE3D3F4AEB2B3F03A03C3F69142D3FD0
:10D790003B8F3B3FDE3B2E3FA47C3A3FA5612F3FB2
:10D7A0004268393FBB85303F1652383F1DA8313F94
:10D7B000233A373FC9C8323F6C20363FBCE7333F7E
:10D7C000F304353FF304353FBCE7333F6C20363F6D
:10D7D000C9C8323F233A373F1DA8313F1652383F60
:10D7E000BB85303F4268393FA5612F3FA47C3A3F5B
:10D7F000DE3B2E3F3B8F3B3F69142D3F03A03C3F58
:10D800004AEB2B3FF9AE3D3F82C02A3F1BBC3E3F57
:10D810001594293F67C73F3F0566283FDAD0403F50
:10D820005636273F70D8413F0A05263F29DE423F42
:10D8300025D2243F00E2433FA99D233FF5E3443F27
:10D840009967223F03E4453FF92F213F2AE2463FF3
:10D85000CBF61F3F65DE473F12BC1E3FB3D8483FA3
:10D86000D17F1D3F12D1493F0C421C3F7FC74A3F29
:10D87000C6021B3FF8BB4B3F00C2193F79AE4C3F7D
:10D88000C07F183F029F4D3F073C173F908D4E3F92
:10D89000D9F6153F1F7A4F3F39B0143FAF64503F60
:10D8A0002A68133F3D4D513FB01E123FC633523FD1
:10D8B000CDD3103F4918533F84870F3FC3FA533FDE
:10D8C000DA390E3F31DB543FD0EA0C3F93B9553F74
:10D8D0006B9A0B3FE595563FAD480A3F2670573F80
:10D8E0009BF5083F5348583F36A1073F6A1E593FF2
:10D8F000824B063F6AF2593F84F4043F50C45A3FBA
:10D900003D9C033F1A945B3FB142023FC7615C3FBD
:10D91000E4E7003F532D5D3FB217FF3EBEF65D3F8B
:10D92000275DFC3E05BE5E3F2DA0F93E27835F3F8D
:10D93000CBE0F63E2146603F071FF43EF206613F12
:10D94000EA5AF13E98C5613F7994EE3E1082623FFB
:10D95000BBCBEB3E5A3C633FB700E93E73F4633FF9
:10D960007533E63E59AA643FFA63E33E0B5E653FBA
:10D970004F92E03E880F663F79BEDD3ECCBE663FEB
:10D9800080E8DA3ED86B673F6B10D83EA816683F38
:10D990004136D53E3CBF683F095AD23E9165693F4A
:10D9A000CA7BCF3EA7096A3F8B9BCC3E7BAB6A3FCD
:10D9B00053B9C93E0C4B6B3F29D5C63E58E86B3F67
:10D9C00015EFC33E5E836C3F1E07C13E1D1C6D3FBD
:10D9D0004A1DBE3E93B26D3FA031BB3EBE466E3F78
:10D9E0002A44B83E9ED86E3FEC54B53E30686F3F37
:10D9F000EF63B23E73F56F3F3A71AF3E6680703FA2
:10DA0000D47CAC3E0809713FC486A93E578F713F54
:10DA1000128FA63E5213723FC595A33EF894723FF3
:10DA2000E59AA03E4714733F789E9D3E3F91733F19
:10DA300086A09A3EDD0B743F17A1973E2284743F67
:10DA400031A0943E0BFA743FDD9D913E976D753F7A
:10DA5000229A8E3EC6DE753F07958B3E974D763FE8
:10DA6000938E883E07BA763FCE86853E1724773F51
:10DA7000C07D823EC58B773FE1E67E3E10F1773F69
:10DA8000CCCF783EF853783F51B6723E7BB4783FA6
:10DA90007F9A6C3E9812793F667C663E4E6E793F67
:10DAA000135C603E9DC7793F97395A3E841E7A3F8A
:10DAB0000115543E02737A3F60EE4D3E16C57A3F23
:10DAC000C2C5473EBE147B3F379B413EFC617B3F56
:10DAD000CF6E3B3ECDAC7B3F9840353E31F57B3F32
:10DAE000A2102F3E283B7C3FFCDE283EB07E7C3FD0
:10DAF000B6AB223EC9BF7C3FDE761C3E73FE7C3F48
:10DB00008340163EAC3A7D3FB708103E74747D3FAB
:10DB100086CF093ECCAB7D3F0295033EB1E07D3F11
:10DB200073B2FA3D24137E3F7638EE3D23437E3FA9
:10DB30002EBCE13DB0707E3FB93DD53DC99B7E3FD7
:10DB400036BDC83D6DC47E3FC33ABC3D9DEA7E3FB5
:10DB500080B6AF3D580E7F3F8C30A33D9D2F7F3F59
:10DB600005A9963D6D4E7F3F0A208A3DC76A7F3FDB
:10DB7000742B7B3DAB847F3F6814623D189C7F3FD4
:10DB80002FFB483D0FB17F3F07E02F3D8FC37F3F05
:10DB90002CC3163D98D37F3FB949FB3C29E17F3F19
:10DBA000B00AC93C43EC7F3FB6C9963CE6F47F3FE0
:10DBB000900E493C11FB7F3F890FC93BC4FE7F3F5C
:10DBC000000000000000803F890FC9BBC4FE7F3FFA
:10DBD000900E49BC11FB7F3FB6C996BCE6F47F3F6F
:10DBE000B00AC9BC43EC7F3FB949FBBC29E17F3F88
:10DBF0002CC316BD98D37F3F07E02FBD8FC37F3F57
:10DC00002FFB48BD0FB17F3F681462BD189C7F3F5A
:10DC1000742B7BBDAB847F3F0A208ABDC76A7F3FE0
:10DC200005A996BD6D4E7F3F8C30A3BD9D2F7F3FD4
:10DC300080B6AFBD580E7F3FC33ABCBD9DEA7E3F64
:10DC400036BDC8BD6DC47E3FB93DD5BDC99B7E3FC5
:10DC50002EBCE1BDB0707E3F7638EEBD23437E3FE3
:10DC600073B2FABD24137E3F029503BEB1E07D3F3F
:10DC700086CF09BECCAB7D3FB70810BE74747D3F24
:10DC8000834016BEAC3A7D3FDE761CBE73FE7C3F01
:10DC9000B6AB22BEC9BF7C3FFCDE28BEB07E7C3F57
:10DCA000A2102FBE283B7C3F984035BE31F57B3F0C
:10DCB000CF6E3BBECDAC7B3F379B41BEFC617B3F13
:10DCC000C2C547BEBE147B3F60EE4DBE16C57A3F4F
:10DCD000011554BE02737A3F97395ABE841E7A3FAB
:10DCE000135C60BE9DC7793F667C66BE4E6E793F11
:10DCF0007F9A6CBE9812793F51B672BE7BB4783F62
:10DD0000CCCF78BEF853783FE1E67EBE10F1773F86
:10DD1000C07D82BEC58B773FCE8685BE1724773FF8
:10DD2000938E88BE07BA763F07958BBE974D763F98
:10DD3000229A8EBEC6DE753FDD9D91BE976D753F02
:10DD400031A094BE0BFA743F17A197BE2284743F92
:10DD500086A09ABEDD0B743F789E9DBE3F91733FB7
:10DD6000E59AA0BE4714733FC595A3BEF894723FD1
:10DD7000128FA6BE5213723FC486A9BE578F713F41
:10DD8000D47CACBE0809713F3A71AFBE6680703F6B
:10DD9000EF63B2BE73F56F3FEC54B5BE30686F3FB2
:10DDA0002A44B8BE9ED86E3FA031BBBEBE466E3F71
:10DDB0004A1DBEBE93B26D3F1E07C1BE1D1C6D3F06
:10DDC00015EFC3BE5E836C3F29D5C6BE58E86B3FD6
:10DDD00053B9C9BE0C4B6B3F8B9BCCBE7BAB6A3F30
:10DDE000CA7BCFBEA7096A3F095AD2BE9165693F77
:10DDF0004136D5BE3CBF683F6B10D8BEA816683F01
:10DE000080E8DABED86B673F79BEDDBECCBE663F28
:10DE10004F92E0BE880F663FFA63E3BE0B5E653F3C
:10DE20007533E6BE59AA643FB700E9BE73F4633F99
:10DE3000BBCBEBBE5A3C633F7994EEBE1082623F8F
:10DE4000EA5AF1BE98C5613F071FF4BEF206613F72
:10DE5000CBE0F6BE2146603F2DA0F9BE27835F3F91
:10DE6000275DFCBE05BE5E3FB217FFBEBEF65D3F3E
:10DE7000E4E700BF532D5D3FB14202BFC7615C3F85
:10DE80003D9C03BF1A945B3F84F404BF50C45A3FC7
:10DE9000824B06BF6AF2593F36A107BF6A1E593F3F
:10DEA0009BF508BF5348583FAD480ABF2670573FFF
:10DEB0006B9A0BBFE595563FD0EA0CBF93B9553F1F
:10DEC000DA390EBF31DB543F84870FBFC3FA533FAB
:10DED000CDD310BF4918533FB01E12BFC633523FB7
:10DEE0002A6813BF3D4D513F39B014BFAF64503F56
:10DEF000D9F615BF1F7A4F3F073C17BF908D4E3F95
:10DF0000C07F18BF029F4D3F00C219BF79AE4C3F82
:10DF1000C6021BBFF8BB4B3F0C421CBF7FC74A3F2A
:10DF2000D17F1DBF12D1493F12BC1EBFB3D8483F9D
:10DF3000CBF61FBF65DE473FF92F21BF2AE2463FE0
:10DF4000996722BF03E4453FA99D23BFF5E3443F02
:10DF500025D224BF00E2433F0A0526BF29DE423F07
:10DF6000563627BF70D8413F056628BFDAD0403FFC
:10DF7000159429BF67C73F3F82C02ABF1BBC3E3FE5
:10DF80004AEB2BBFF9AE3D3F69142DBF03A03C3FC8
:10DF9000DE3B2EBF3B8F3B3FA5612FBFA47C3A3FAA
:10DFA000BB8530BF4268393F1DA831BF1652383F8C
:10DFB000C9C832BF233A373FBCE733BF6C20363F76
:10DFC000F30435BFF304353F6C2036BFBCE7333F65
:10DFD000233A37BFC9C8323F165238BF1DA8313F58
:10DFE000426839BFBB85303FA47C3ABFA5612F3F53
:10DFF0003B8F3BBFDE3B2E3F03A03CBF69142D3F50
:10E00000F9AE3DBF4AEB2B3F1BBC3EBF82C02A3F4F
:10E0100067C73FBF1594293FDAD040BF0566283F48
:10E0200070D841BF5636273F29DE42BF0A05263F3A
:10E0300000E243BF25D2243FF5E344BFA99D233F1F
:10E0400003E445BF9967223F2AE246BFF92F213FEB
:10E0500065DE47BFCBF61F3FB3D848BF12BC1E3F9B
:10E0600012D149BFD17F1D3F7FC74ABF0C421C3F21
:10E07000F8BB4BBFC6021B3F79AE4CBF00C2193F75
:10E08000029F4DBFC07F183F908D4EBF073C173F8A
:10E090001F7A4FBFD9F6153FAF6450BF39B0143F58
:10E0A0003D4D51BF2A68133FC63352BFB01E123FC9
:10E0B000491853BFCDD3103FC3FA53BF84870F3FD6
:10E0C00031DB54BFDA390E3F93B955BFD0EA0C3F6C
:10E0D000E59556BF6B9A0B3F267057BFAD480A3F78
:10E0E000534858BF9BF5083F6A1E59BF36A1073FEA
:10E0F0006AF259BF824B063F50C45ABF84F4043FB2
:10E100001A945BBF3D9C033FC7615CBFB142023FB5
:10E11000532D5DBFE4E7003FBEF65DBFB217FF3E83
:10E1200005BE5EBF275DFC3E27835FBF2DA0F93E85
:10E13000214660BFCBE0F63EF20661BF071FF43E0A
:10E1400098C561BFEA5AF13E108262BF7994EE3EF3
:10E150005A3C63BFBBCBEB3E73F463BFB700E93EF1
:10E1600059AA64BF7533E63E0B5E65BFFA63E33EB2
:10E17000880F66BF4F92E03ECCBE66BF79BEDD3EE3
:10E18000D86B67BF80E8DA3EA81668BF6B10D83E30
:10E190003CBF68BF4136D53E916569BF095AD23E42
:10E1A000A7096ABFCA7BCF3E7BAB6ABF8B9BCC3EC5
:10E1B0000C4B6BBF53B9C93E58E86BBF29D5C63E5F
:10E1C0005E836CBF15EFC33E1D1C6DBF1E07C13EB5
:10E1D00093B26DBF4A1DBE3EBE466EBFA031BB3E70
:10E1E0009ED86EBF2A44B83E30686FBFEC54B53E2F
:10E1F00073F56FBFEF63B23E668070BF3A71AF3E9A
:10E20000080971BFD47CAC3E578F71BFC486A93E4C
:10E21000521372BF128FA63EF89472BFC595A33EEB
:10E22000471473BFE59AA03E3F9173BF789E9D3E11
:10E23000DD0B74BF86A09A3E228474BF17A1973E5F
:10E240000BFA74BF31A0943E976D75BFDD9D913E72
:10E25000C6DE75BF229A8E3E974D76BF07958B3EE0
:10E2600007BA76BF938E883E172477BFCE86853E49
:10E27000C58B77BFC07D823E10F177BFE1E67E3E61
:10E28000F85378BFCCCF783E7BB478BF51B6723E9E
:10E29000981279BF7F9A6C3E4E6E79BF667C663E5F
:10E2A0009DC779BF135C603E841E7ABF97395A3E82
:10E2B00002737ABF0115543E16C57ABF60EE4D3E1B
:10E2C000BE147BBFC2C5473EFC617BBF379B413E4E
:10E2D000CDAC7BBFCF6E3B3E31F57BBF9840353E2A
:10E2E000283B7CBFA2102F3EB07E7CBFFCDE283EC8
:10E2F000C9BF7CBFB6AB223E73FE7CBFDE761C3E40
:10E30000AC3A7DBF8340163E74747DBFB708103EA3
:10E31000CCAB7DBF86CF093EB1E07DBF0295033E09
:10E3200024137EBF73B2FA3D23437EBF7638EE3DA1
:10E33000B0707EBF2EBCE13DC99B7EBFB93DD53DCF
:10E340006DC47EBF36BDC83D9DEA7EBFC33ABC3DAD
:10E35000580E7FBF80B6AF3D9D2F7FBF8C30A33D51
:10E360006D4E7FBF05A9963DC76A7FBF0A208A3DD3
:10E37000AB847FBF742B7B3D189C7FBF6814623DCC
:10E380000FB17FBF2FFB483D8FC37FBF07E02F3DFD
:10E3900098D37FBF2CC3163D29E17FBFB949FB3C11
:10E3A00043EC7FBFB00AC93CE6F47FBFB6C9963CD8
:10E3B00011FB7FBF900E493CC4FE7FBF890FC93B54
:10E3C000000080BF00000000C4FE7FBF890FC9BBF2
:10E3D00011FB7FBF900E49BCE6F47FBFB6C996BC67
:10E3E00043EC7FBFB00AC9BC29E17FBFB949FBBC80
:10E3F00098D37FBF2CC316BD8FC37FBF07E02FBD4F
:10E400000FB17FBF2FFB48BD189C7FBF681462BD52
:10E41000AB847FBF742B7BBDC76A7FBF0A208ABDD8
:10E420006D4E7FBF05A996BD9D2F7FBF8C30A3BDCC
:10E43000580E7FBF80B6AFBD9DEA7EBFC33ABCBD5C
:10E440006DC47EBF36BDC8BDC99B7EBFB93DD5BDBD
:10E45000B0707EBF2EBCE1BD23437EBF7638EEBDDB
:10E4600024137EBF73B2FABDB1E07DBF029503BE37
:10E47000CCAB7DBF86CF09BE74747DBFB70810BE1C
:10E48000AC3A7DBF834016BE73FE7CBFDE761CBEF9
:10E49000C9BF7CBFB6AB22BEB07E7CBFFCDE28BE4F
:10E4A000283B7CBFA2102FBE31F57BBF984035BE04
:10E4B000CDAC7BBFCF6E3BBEFC617BBF379B41BE0B
:10E4C000BE147BBFC2C547BE16C57ABF60EE4DBE47
:10E4D00002737ABF011554BE841E7ABF97395ABEA3
:10E4E0009DC779BF135C60BE4E6E79BF667C66BE09
:10E4F000981279BF7F9A6CBE7BB478BF51B672BE5A
:10E50000F85378BFCCCF78BE10F177BFE1E67EBE7E
:10E51000C58B77BFC07D82BE172477BFCE8685BEF0
:10E5200007BA76BF938E88BE974D76BF07958BBE90
:10E53000C6DE75BF229A8EBE976D75BFDD9D91BEFA
:10E540000BFA74BF31A094BE228474BF17A197BE8A
:10E55000DD0B74BF86A09ABE3F9173BF789E9DBEAF
:10E56000471473BFE59AA0BEF89472BFC595A3BEC9
:10E57000521372BF128FA6BE578F71BFC486A9BE39
:10E58000080971BFD47CACBE668070BF3A71AFBE63
:10E5900073F56FBFEF63B2BE30686FBFEC54B5BEAA
:10E5A0009ED86EBF2A44B8BEBE466EBFA031BBBE69
:10E5B00093B26DBF4A1DBEBE1D1C6DBF1E07C1BEFE
:10E5C0005E836CBF15EFC3BE58E86BBF29D5C6BECE
:10E5D0000C4B6BBF53B9C9BE7BAB6ABF8B9BCCBE28
:10E5E000A7096ABFCA7BCFBE916569BF095AD2BE6F
:10E5F0003CBF68BF4136D5BEA81668BF6B10D8BEF9
:10E60000D86B67BF80E8DABECCBE66BF79BEDDBE20
:10E61000880F66BF4F92E0BE0B5E65BFFA63E3BE34
:10E6200059AA64BF7533E6BE73F463BFB700E9BE91
:10E630005A3C63BFBBCBEBBE108262BF7994EEBE87
:10E6400098C561BFEA5AF1BEF20661BF071FF4BE6A
:10E65000214660BFCBE0F6BE27835FBF2DA0F9BE89
:10E6600005BE5EBF275DFCBEBEF65DBFB217FFBE36
:10E67000532D5DBFE4E700BFC7615CBFB14202BF7D
:10E680001A945BBF3D9C03BF50C45ABF84F404BFBF
:10E690006AF259BF824B06BF6A1E59BF36A107BF37
:10E6A000534858BF9BF508BF267057BFAD480ABFF7
:10E6B000E59556BF6B9A0BBF93B955BFD0EA0CBF17
:10E6C00031DB54BFDA390EBFC3FA53BF84870FBFA3
:10E6D000491853BFCDD310BFC63352BFB01E12BFAF
:10E6E0003D4D51BF2A6813BFAF6450BF39B014BF4E
:10E6F0001F7A4FBFD9F615BF908D4EBF073C17BF8D
:10E70000029F4DBFC07F18BF79AE4CBF00C219BF7A
:10E71000F8BB4BBFC6021BBF7FC74ABF0C421CBF22
:10E7200012D149BFD17F1DBFB3D848BF12BC1EBF95
:10E7300065DE47BFCBF61FBF2AE246BFF92F21BFD8
:10E7400003E445BF996722BFF5E344BFA99D23BFFA
:10E7500000E243BF25D224BF29DE42BF0A0526BFFF
:10E7600070D841BF563627BFDAD040BF056628BFF4
:10E7700067C73FBF159429BF1BBC3EBF82C02ABFDD
:10E78000F9AE3DBF4AEB2BBF03A03CBF69142DBFC0
:10E790003B8F3BBFDE3B2EBFA47C3ABFA5612FBFA2
:10E7A000426839BFBB8530BF165238BF1DA831BF84
:10E7B000233A37BFC9C832BF6C2036BFBCE733BF6E
:10E7C000F30435BFF30435BFBCE733BF6C2036BF5D
:10E7D000C9C832BF233A37BF1DA831BF165238BF50
:10E7E000BB8530BF426839BFA5612FBFA47C3ABF4B
:10E7F000DE3B2EBF3B8F3BBF69142DBF03A03CBF48
:10E800004AEB2BBFF9AE3DBF82C02ABF1BBC3EBF47
:10E81000159429BF67C73FBF056628BFDAD040BF40
:10E82000563627BF70D841BF0A0526BF29DE42BF32
:10E8300025D224BF00E243BFA99D23BFF5E344BF17
:10E84000996722BF03E445BFF92F21BF2AE246BFE3
:10E85000CBF61FBF65DE47BF12BC1EBFB3D848BF93
:10E86000D17F1DBF12D149BF0C421CBF7FC74ABF19
:10E87000C6021BBFF8BB4BBF00C219BF79AE4CBF6D
:10E88000C07F18BF029F4DBF073C17BF908D4EBF82
:10E89000D9F615BF1F7A4FBF39B014BFAF6450BF50
:10E8A0002A6813BF3D4D51BFB01E12BFC63352BFC1
:10E8B000CDD310BF491853BF84870FBFC3FA53BFCE
:10E8C000DA390EBF31DB54BFD0EA0CBF93B955BF64
:10E8D0006B9A0BBFE59556BFAD480ABF267057BF70
:10E8E0009BF508BF534858BF36A107BF6A1E59BFE2
:10E8F000824B06BF6AF259BF84F404BF50C45ABFAA
:10E900003D9C03BF1A945BBFB14202BFC7615CBFAD
:10E91000E4E700BF532D5DBFB217FFBEBEF65DBF7B
:10E92000275DFCBE05BE5EBF2DA0F9BE27835FBF7D
:10E93000CBE0F6BE214660BF071FF4BEF20661BF02
:10E94000EA5AF1BE98C561BF7994EEBE108262BFEB
:10E95000BBCBEBBE5A3C63BFB700E9BE73F463BFE9
:10E960007533E6BE59AA64BFFA63E3BE0B5E65BFAA
:10E970004F92E0BE880F66BF79BEDDBECCBE66BFDB
:10E9800080E8DABED86B67BF6B10D8BEA81668BF28
:10E990004136D5BE3CBF68BF095AD2BE916569BF3A
:10E9A000CA7BCFBEA7096ABF8B9BCCBE7BAB6ABFBD
:10E9B00053B9C9BE0C4B6BBF29D5C6BE58E86BBF57
:10E9C00015EFC3BE5E836CBF1E07C1BE1D1C6DBFAD
:10E9D0004A1DBEBE93B26DBFA031BBBEBE466EBF68
:10E9E0002A44B8BE9ED86EBFEC54B5BE30686FBF27
:10E9F000EF63B2BE73F56FBF3A71AFBE668070BF92
:10EA0000D47CACBE080971BFC486A9BE578F71BF44
:10EA1000128FA6BE521372BFC595A3BEF89472BFE3
:10EA2000E59AA0BE471473BF789E9DBE3F9173BF09
:10EA300086A09ABEDD0B74BF17A197BE228474BF57
:10EA400031A094BE0BFA74BFDD9D91BE976D75BF6A
:10EA5000229A8EBEC6DE75BF07958BBE974D76BFD8
:10EA6000938E88BE07BA76BFCE8685BE172477BF41
:10EA7000C07D82BEC58B77BFE1E67EBE10F177BF59
:10EA8000CCCF78BEF85378BF51B672BE7BB478BF96
:10EA90007F9A6CBE981279BF667C66BE4E6E79BF57
:10EAA000135C60BE9DC779BF97395ABE841E7ABF7A
:10EAB000011554BE02737ABF60EE4DBE16C57ABF13
:10EAC000C2C547BEBE147BBF379B41BEFC617BBF46
:10EAD000CF6E3BBECDAC7BBF984035BE31F57BBF22
:10EAE000A2102FBE283B7CBFFCDE28BEB07E7CBFC0
:10EAF000B6AB22BEC9BF7CBFDE761CBE73FE7CBF38
:10EB0000834016BEAC3A7DBFB70810BE74747DBF9B
:10EB100086CF09BECCAB7DBF029503BEB1E07DBF01
:10EB200073B2FABD24137EBF7638EEBD23437EBF99
:10EB30002EBCE1BDB0707EBFB93DD5BDC99B7EBFC7
:10EB400036BDC8BD6DC47EBFC33ABCBD9DEA7EBFA5
:10EB500080B6AFBD580E7FBF8C30A3BD9D2F7FBF49
:10EB600005A996BD6D4E7FBF0A208ABDC76A7FBFCB
:10EB7000742B7BBDAB847FBF681462BD189C7FBFC4
:10EB80002FFB48BD0FB17FBF07E02FBD8FC37FBFF5
:10EB90002CC316BD98D37FBFB949FBBC29E17FBF09
:10EBA000B00AC9BC43EC7FBFB6C996BCE6F47FBFD0
:10EBB000900E49BC11FB7FBF890FC9BBC4FE7FBF4C
:10EBC00000000080000080BF890FC93BC4FE7FBFEA
:10EBD000900E493C11FB7FBFB6C9963CE6F47FBF5F
:10EBE000B00AC93C43EC7FBFB949FB3C29E17FBF78
:10EBF0002CC3163D98D37FBF07E02F3D8FC37FBF47
:10EC00002FFB483D0FB17FBF6814623D189C7FBF4A
:10EC1000742B7B3DAB847FBF0A208A3DC76A7FBFD0
:10EC200005A9963D6D4E7FBF8C30A33D9D2F7FBFC4
:10EC300080B6AF3D580E7FBFC33ABC3D9DEA7EBF54
:10EC400036BDC83D6DC47EBFB93DD53DC99B7EBFB5
:10EC50002EBCE13DB0707EBF7638EE3D23437EBFD3
:10EC600073B2FA3D24137EBF0295033EB1E07DBF2F
:10EC700086CF093ECCAB7DBFB708103E74747DBF14
:10EC80008340163EAC3A7DBFDE761C3E73FE7CBFF1
:10EC9000B6AB223EC9BF7CBFFCDE283EB07E7CBF47
:10ECA000A2102F3E283B7CBF9840353E31F57BBFFC
:10ECB000CF6E3B3ECDAC7BBF379B413EFC617BBF03
:10ECC000C2C5473EBE147BBF60EE4D3E16C57ABF3F
:10ECD0000115543E02737ABF97395A3E841E7ABF9B
:10ECE000135C603E9DC779BF667C663E4E6E79BF01
:10ECF0007F9A6C3E981279BF51B6723E7BB478BF52
:10ED0000CCCF783EF85378BFE1E67E3E10F177BF76
:10ED1000C07D823EC58B77BFCE86853E172477BFE8
:10ED2000938E883E07BA76BF07958B3E974D76BF88
:10ED3000229A8E3EC6DE75BFDD9D913E976D75BFF2
:10ED400031A0943E0BFA74BF17A1973E228474BF82
:10ED500086A09A3EDD0B74BF789E9D3E3F9173BFA7
:10ED6000E59AA03E471473BFC595A33EF89472BFC1
:10ED7000128FA63E521372BFC486A93E578F71BF31
:10ED8000D47CAC3E080971BF3A71AF3E668070BF5B
:10ED9000EF63B23E73F56FBFEC54B53E30686FBFA2
:10EDA0002A44B83E9ED86EBFA031BB3EBE466EBF61
:10EDB0004A1DBE3E93B26DBF1E07C13E1D1C6DBFF6
:10EDC00015EFC33E5E836CBF29D5C63E58E86BBFC6
:10EDD00053B9C93E0C4B6BBF8B9BCC3E7BAB6ABF20
:10EDE000CA7BCF3EA7096ABF095AD23E916569BF67
:10EDF0004136D53E3CBF68BF6B10D83EA81668BFF1
:10EE000080E8DA3ED86B67BF79BEDD3ECCBE66BF18
:10EE10004F92E03E880F66BFFA63E33E0B5E65BF2C
:10EE20007533E63E59AA64BFB700E93E73F463BF89
:10EE3000BBCBEB3E5A3C63BF7994EE3E108262BF7F
:10EE4000EA5AF13E98C561BF071FF43EF20661BF62
:10EE5000CBE0F63E214660BF2DA0F93E27835FBF81
:10EE6000275DFC3E05BE5EBFB217FF3EBEF65DBF2E
:10EE7000E4E7003F532D5DBFB142023FC7615CBF75
:10EE80003D9C033F1A945BBF84F4043F50C45ABFB7
:10EE9000824B063F6AF259BF36A1073F6A1E59BF2F
:10EEA0009BF5083F534858BFAD480A3F267057BFEF
:10EEB0006B9A0B3FE59556BFD0EA0C3F93B955BF0F
:10EEC000DA390E3F31DB54BF84870F3FC3FA53BF9B
:10EED000CDD3103F491853BFB01E123FC63352BFA7
:10EEE0002A68133F3D4D51BF39B0143FAF6450BF46
:10EEF000D9F6153F1F7A4FBF073C173F908D4EBF85
:10EF0000C07F183F029F4DBF00C2193F79AE4CBF72
:10EF1000C6021B3FF8BB4BBF0C421C3F7FC74ABF1A
:10EF2000D17F1D3F12D149BF12BC1E3FB3D848BF8D
:10EF3000CBF61F3F65DE47BFF92F213F2AE246BFD0
:10EF40009967223F03E445BFA99D233FF5E344BFF2
:10EF500025D2243F00E243BF0A05263F29DE42BFF7
:10EF60005636273F70D841BF0566283FDAD040BFEC
:10EF70001594293F67C73FBF82C02A3F1BBC3EBFD5
:10EF80004AEB2B3FF9AE3DBF69142D3F03A03CBFB8
:10EF9000DE3B2E3F3B8F3BBFA5612F3FA47C3ABF9A
:10EFA000BB85303F426839BF1DA8313F165238BF7C
:10EFB000C9C8323F233A37BFBCE7333F6C2036BF66
:10EFC000F304353FF30435BF6C20363FBCE733BF55
:10EFD000233A373FC9C832BF1652383F1DA831BF48
:10EFE0004268393FBB8530BFA47C3A3FA5612FBF43
:10EFF0003B8F3B3FDE3B2EBF03A03C3F69142DBF40
:10F00000F9AE3D3F4AEB2BBF1BBC3E3F82C02ABF3F
:10F0100067C73F3F159429BFDAD0403F056628BF38
:10F0200070D8413F563627BF29DE423F0A0526BF2A
:10F0300000E2433F25D224BFF5E3443FA99D23BF0F
:10F0400003E4453F996722BF2AE2463FF92F21BFDB
:10F0500065DE473FCBF61FBFB3D8483F12BC1EBF8B
:10F0600012D1493FD17F1DBF7FC74A3F0C421CBF11
:10F07000F8BB4B3FC6021BBF79AE4C3F00C219BF65
:10F08000029F4D3FC07F18BF908D4E3F073C17BF7A
:10F090001F7A4F3FD9F615BFAF64503F39B014BF48
:10F0A0003D4D513F2A6813BFC633523FB01E12BFB9
:10F0B0004918533FCDD310BFC3FA533F84870FBFC6
:10F0C00031DB543FDA390EBF93B9553FD0EA0CBF5C
:10F0D000E595563F6B9A0BBF2670573FAD480ABF68
:10F0E0005348583F9BF508BF6A1E593F36A107BFDA
:10F0F0006AF2593F824B06BF50C45A3F84F404BFA2
:10F100001A945B3F3D9C03BFC7615C3FB14202BFA5
:10F11000532D5D3FE4E700BFBEF65D3FB217FFBE73
:10F1200005BE5E3F275DFCBE27835F3F2DA0F9BE75
:10F130002146603FCBE0F6BEF206613F071FF4BEFA
:10F1400098C5613FEA5AF1BE1082623F7994EEBEE3
:10F150005A3C633FBBCBEBBE73F4633FB700E9BEE1
:10F1600059AA643F7533E6BE0B5E653FFA63E3BEA2
:10F17000880F663F4F92E0BECCBE663F79BEDDBED3
:10F18000D86B673F80E8DABEA816683F6B10D8BE20
:10F190003CBF683F4136D5BE9165693F095AD2BE32
:10F1A000A7096A3FCA7BCFBE7BAB6A3F8B9BCCBEB5
:10F1B0000C4B6B3F53B9C9BE58E86B3F29D5C6BE4F
:10F1C0005E836C3F15EFC3BE1D1C6D3F1E07C1BEA5
:10F1D00093B26D3F4A1DBEBEBE466E3FA031BBBE60
:10F1E0009ED86E3F2A44B8BE30686F3FEC54B5BE1F
:10F1F00073F56F3FEF63B2BE6680703F3A71AFBE8A
:10F200000809713FD47CACBE578F713FC486A9BE3C
:10F210005213723F128FA6BEF894723FC595A3BEDB
:10F220004714733FE59AA0BE3F91733F789E9DBE01
:10F23000DD0B743F86A09ABE2284743F17A197BE4F
:10F240000BFA743F31A094BE976D753FDD9D91BE62
:10F25000C6DE753F229A8EBE974D763F07958BBED0
:10F2600007BA763F938E88BE1724773FCE8685BE39
:10F27000C58B773FC07D82BE10F1773FE1E67EBE51
:10F28000F853783FCCCF78BE7BB4783F51B672BE8E
:10F290009812793F7F9A6CBE4E6E793F667C66BE4F
:10F2A0009DC7793F135C60BE841E7A3F97395ABE72
:10F2B00002737A3F011554BE16C57A3F60EE4DBE0B
:10F2C000BE147B3FC2C547BEFC617B3F379B41BE3E
:10F2D000CDAC7B3FCF6E3BBE31F57B3F984035BE1A
:10F2E000283B7C3FA2102FBEB07E7C3FFCDE28BEB8
:10F2F000C9BF7C3FB6AB22BE73FE7C3FDE761CBE30
:10F30000AC3A7D3F834016BE74747D3FB70810BE93
:10F31000CCAB7D3F86CF09BEB1E07D3F029503BEF9
:10F3200024137E3F73B2FABD23437E3F7638EEBD91
:10F33000B0707E3F2EBCE1BDC99B7E3FB93DD5BDBF
:10F340006DC47E3F36BDC8BD9DEA7E3FC33ABCBD9D
:10F35000580E7F3F80B6AFBD9D2F7F3F8C30A3BD41
:10F360006D4E7F3F05A996BDC76A7F3F0A208ABDC3
:10F37000AB847F3F742B7BBD189C7F3F681462BDBC
:10F380000FB17F3F2FFB48BD8FC37F3F07E02FBDED
:10F3900098D37F3F2CC316BD29E17F3FB949FBBC01
:10F3A00043EC7F3FB00AC9BCE6F47F3FB6C996BCC8
:10F3B00011FB7F3F900E49BCC4FE7F3F890FC9BB44
:10F3C0000000803F0000000011FB7F3F900E493C91
:10F3D00043EC7F3FB00AC93C98D37F3F2CC3163D16
:10F3E0000FB17F3F2FFB483DAB847F3F742B7B3DAC
:10F3F0006D4E7F3F05A9963D580E7F3F80B6AF3DCD
:10F400006DC47E3F36BDC83DB0707E3F2EBCE13D31
:10F4100024137E3F73B2FA3DCCAB7D3F86CF093ECD
:10F42000AC3A7D3F8340163EC9BF7C3FB6AB223E1F
:10F43000283B7C3FA2102F3ECDAC7B3FCF6E3B3EA6
:10F44000BE147B3FC2C5473E02737A3F0115543E4E
:10F450009DC7793F135C603E9812793F7F9A6C3E5E
:10F46000F853783FCCCF783EC58B773FC07D823E46
:10F4700007BA763F938E883EC6DE753F229A8E3E4F
:10F480000BFA743F31A0943EDD0B743F86A09A3E88
:10F490004714733FE59AA03E5213723F128FA63E67
:10F4A0000809713FD47CAC3E73F56F3FEF63B23E09
:10F4B0009ED86E3F2A44B83E93B26D3F4A1DBE3E71
:10F4C0005E836C3F15EFC33E0C4B6B3F53B9C93E97
:10F4D000A7096A3FCA7BCF3E3CBF683F4136D53E55
:10F4E000D86B673F80E8DA3E880F663F4F92E03E78
:10F4F00059AA643F7533E63E5A3C633FBBCBEB3EB3
:10F5000098C5613FEA5AF13E2146603FCBE0F63EA6
:10F5100005BE5E3F275DFC3E532D5D3FE4E7003FA7
:10F520001A945B3F3D9C033F6AF2593F824B063F72
:10F530005348583F9BF5083FE595563F6B9A0B3F64
:10F5400031DB543FDA390E3F4918533FCDD3103FDA
:10F550003D4D513F2A68133F1F7A4F3FD9F6153F63
:10F56000029F4D3FC07F183FF8BB4B3FC6021B3F79
:10F5700012D1493FD17F1D3F65DE473FCBF61F3F8C
:10F5800003E4453F9967223F00E2433F25D2243FF1
:10F5900070D8413F5636273F67C73F3F1594293FF4
:10F5A000F9AE3D3F4AEB2B3F3B8F3B3FDE3B2E3FCF
:10F5B0004268393FBB85303F233A373FC9C8323FA5
:10F5C000F304353FF304353FC9C8323F233A373F90
:10F5D000BB85303F4268393FDE3B2E3F3B8F3B3F90
:10F5E0004AEB2B3FF9AE3D3F1594293F67C73F3F9C
:10F5F0005636273F70D8413F25D2243F00E2433F93
:10F600009967223F03E4453FCBF61F3F65DE473F46
:10F61000D17F1D3F12D1493FC6021B3FF8BB4B3F74
:10F62000C07F183F029F4D3FD9F6153F1F7A4F3FCD
:10F630002A68133F3D4D513FCDD3103F4918533FEA
:10F64000DA390E3F31DB543F6B9A0B3FE595563F5D
:10F650009BF5083F5348583F824B063F6AF2593F9B
:10F660003D9C033F1A945B3FE4E7003F532D5D3F11
:10F67000275DFC3E05BE5E3FCBE0F63E2146603F87
:10F68000EA5AF13E98C5613FBBCBEB3E5A3C633F23
:10F690007533E63E59AA643F4F92E03E880F663FBD
:10F6A00080E8DA3ED86B673F4136D53E3CBF683FC5
:10F6B000CA7BCF3EA7096A3F53B9C93E0C4B6B3F8B
:10F6C00015EFC33E5E836C3F4A1DBE3E93B26D3F55
:10F6D0002A44B83E9ED86E3FEF63B23E73F56F3F4B
:10F6E000D47CAC3E0809713F128FA63E5213723F84
:10F6F000E59AA03E4714733F86A09A3EDD0B743F07
:10F7000031A0943E0BFA743F229A8E3EC6DE753FBE
:10F71000938E883E07BA763FC07D823EC58B773F89
:10F72000CCCF783EF853783F7F9A6C3E9812793F61
:10F73000135C603E9DC7793F0115543E02737A3FCA
:10F74000C2C5473EBE147B3FCF6E3B3ECDAC7B3F38
:10F75000A2102F3E283B7C3FB6AB223EC9BF7C3F68
:10F760008340163EAC3A7D3F86CF093ECCAB7D3F11
:10F7700073B2FA3D24137E3F2EBCE13DB0707E3F54
:10F7800036BDC83D6DC47E3F80B6AF3D580E7F3F4D
:10F7900005A9963D6D4E7F3F742B7B3DAB847F3F2B
:10F7A0002FFB483D0FB17F3F2CC3163D98D37F3FC1
:10F7B000B00AC93C43EC7F3F900E493C11FB7F3FB0
:10F7C000000000000000803F900E49BC11FB7F3F0D
:10F7D000B00AC9BC43EC7F3F2CC316BD98D37F3F12
:10F7E0002FFB48BD0FB17F3F742B7BBDAB847F3FA8
:10F7F00005A996BD6D4E7F3F80B6AFBD580E7F3FC9
:10F8000036BDC8BD6DC47E3F2EBCE1BDB0707E3F2D
:10F8100073B2FABD24137E3F86CF09BECCAB7D3FC9
:10F82000834016BEAC3A7D3FB6AB22BEC9BF7C3F1B
:10F83000A2102FBE283B7C3FCF6E3BBECDAC7B3FA2
:10F84000C2C547BEBE147B3F011554BE02737A3F4A
:10F85000135C60BE9DC7793F7F9A6CBE9812793F5A
:10F86000CCCF78BEF853783FC07D82BEC58B773F42
:10F87000938E88BE07BA763F229A8EBEC6DE753F4B
:10F8800031A094BE0BFA743F86A09ABEDD0B743F84
:10F89000E59AA0BE4714733F128FA6BE5213723F63
:10F8A000D47CACBE0809713FEF63B2BE73F56F3F05
:10F8B0002A44B8BE9ED86E3F4A1DBEBE93B26D3F6D
:10F8C00015EFC3BE5E836C3F53B9C9BE0C4B6B3F93
:10F8D000CA7BCFBEA7096A3F4136D5BE3CBF683F51
:10F8E00080E8DABED86B673F4F92E0BE880F663F74
:10F8F0007533E6BE59AA643FBBCBEBBE5A3C633FAF
:10F90000EA5AF1BE98C5613FCBE0F6BE2146603FA2
:10F91000275DFCBE05BE5E3FE4E700BF532D5D3FA3
:10F920003D9C03BF1A945B3F824B06BF6AF2593F6E
:10F930009BF508BF5348583F6B9A0BBFE595563F60
:10F94000DA390EBF31DB543FCDD310BF4918533FD6
:10F950002A6813BF3D4D513FD9F615BF1F7A4F3F5F
:10F96000C07F18BF029F4D3FC6021BBFF8BB4B3F75
:10F97000D17F1DBF12D1493FCBF61FBF65DE473F88
:10F98000996722BF03E4453F25D224BF00E2433FED
:10F99000563627BF70D8413F159429BF67C73F3FF0
:10F9A0004AEB2BBFF9AE3D3FDE3B2EBF3B8F3B3FCB
:10F9B000BB8530BF4268393FC9C832BF233A373FA1
:10F9C000F30435BFF304353F233A37BFC9C8323F8C
:10F9D000426839BFBB85303F3B8F3BBFDE3B2E3F8C
:10F9E000F9AE3DBF4AEB2B3F67C73FBF1594293F98
:10F9F00070D841BF5636273F00E243BF25D2243F8F
:10FA000003E445BF9967223F65DE47BFCBF61F3F42
:10FA100012D149BFD17F1D3FF8BB4BBFC6021B3F70
:10FA2000029F4DBFC07F183F1F7A4FBFD9F6153FC9
:10FA30003D4D51BF2A68133F491853BFCDD3103FE6
:10FA400031DB54BFDA390E3FE59556BF6B9A0B3F59
:10FA5000534858BF9BF5083F6AF259BF824B063F97
:10FA60001A945BBF3D9C033F532D5DBFE4E7003F0D
:10FA700005BE5EBF275DFC3E214660BFCBE0F63E83
:10FA800098C561BFEA5AF13E5A3C63BFBBCBEB3E1F
:10FA900059AA64BF7533E63E880F66BF4F92E03EB9
:10FAA000D86B67BF80E8DA3E3CBF68BF4136D53EC1
:10FAB000A7096ABFCA7BCF3E0C4B6BBF53B9C93E87
:10FAC0005E836CBF15EFC33E93B26DBF4A1DBE3E51
:10FAD0009ED86EBF2A44B83E73F56FBFEF63B23E47
:10FAE000080971BFD47CAC3E521372BF128FA63E80
:10FAF000471473BFE59AA03EDD0B74BF86A09A3E03
:10FB00000BFA74BF31A0943EC6DE75BF229A8E3EBA
:10FB100007BA76BF938E883EC58B77BFC07D823E85
:10FB2000F85378BFCCCF783E981279BF7F9A6C3E5D
:10FB30009DC779BF135C603E02737ABF0115543EC6
:10FB4000BE147BBFC2C5473ECDAC7BBFCF6E3B3E34
:10FB5000283B7CBFA2102F3EC9BF7CBFB6AB223E64
:10FB6000AC3A7DBF8340163ECCAB7DBF86CF093E0D
:10FB700024137EBF73B2FA3DB0707EBF2EBCE13D50
:10FB80006DC47EBF36BDC83D580E7FBF80B6AF3D49
:10FB90006D4E7FBF05A9963DAB847FBF742B7B3D27
:10FBA0000FB17FBF2FFB483D98D37FBF2CC3163DBD
:10FBB00043EC7FBFB00AC93C11FB7FBF900E493CAC
:10FBC000000080BF0000000011FB7FBF900E49BC09
:10FBD00043EC7FBFB00AC9BC98D37FBF2CC316BD0E
:10FBE0000FB17FBF2FFB48BDAB847FBF742B7BBDA4
:10FBF0006D4E7FBF05A996BD580E7FBF80B6AFBDC5
:10FC00006DC47EBF36BDC8BDB0707EBF2EBCE1BD29
:10FC100024137EBF73B2FABDCCAB7DBF86CF09BEC5
:10FC2000AC3A7DBF834016BEC9BF7CBFB6AB22BE17
:10FC3000283B7CBFA2102FBECDAC7BBFCF6E3BBE9E
:10FC4000BE147BBFC2C547BE02737ABF011554BE46
:10FC50009DC779BF135C60BE981279BF7F9A6CBE56
:10FC6000F85378BFCCCF78BEC58B77BFC07D82BE3E
:10FC700007BA76BF938E88BEC6DE75BF229A8EBE47
:10FC80000BFA74BF31A094BEDD0B74BF86A09ABE80
:10FC9000471473BFE59AA0BE521372BF128FA6BE5F
:10FCA000080971BFD47CACBE73F56FBFEF63B2BE01
:10FCB0009ED86EBF2A44B8BE93B26DBF4A1DBEBE69
:10FCC0005E836CBF15EFC3BE0C4B6BBF53B9C9BE8F
:10FCD000A7096ABFCA7BCFBE3CBF68BF4136D5BE4D
:10FCE000D86B67BF80E8DABE880F66BF4F92E0BE70
:10FCF00059AA64BF7533E6BE5A3C63BFBBCBEBBEAB
:10FD000098C561BFEA5AF1BE214660BFCBE0F6BE9E
:10FD100005BE5EBF275DFCBE532D5DBFE4E700BF9F
:10FD20001A945BBF3D9C03BF6AF259BF824B06BF6A
:10FD3000534858BF9BF508BFE59556BF6B9A0BBF5C
:10FD400031DB54BFDA390EBF491853BFCDD310BFD2
:10FD50003D4D51BF2A6813BF1F7A4FBFD9F615BF5B
:10FD6000029F4DBFC07F18BFF8BB4BBFC6021BBF71
:10FD700012D149BFD17F1DBF65DE47BFCBF61FBF84
:10FD800003E445BF996722BF00E243BF25D224BFE9
:10FD900070D841BF563627BF67C73FBF159429BFEC
:10FDA000F9AE3DBF4AEB2BBF3B8F3BBFDE3B2EBFC7
:10FDB000426839BFBB8530BF233A37BFC9C832BF9D
:10FDC000F30435BFF30435BFC9C832BF233A37BF88
:10FDD000BB8530BF426839BFDE3B2EBF3B8F3BBF88
:10FDE0004AEB2BBFF9AE3DBF159429BF67C73FBF94
:10FDF000563627BF70D841BF25D224BF00E243BF8B
:10FE0000996722BF03E445BFCBF61FBF65DE47BF3E
:10FE1000D17F1DBF12D149BFC6021BBFF8BB4BBF6C
:10FE2000C07F18BF029F4DBFD9F615BF1F7A4FBFC5
:10FE30002A6813BF3D4D51BFCDD310BF491853BFE2
:10FE4000DA390EBF31DB54BF6B9A0BBFE59556BF55
:10FE50009BF508BF534858BF824B06BF6AF259BF93
:10FE60003D9C03BF1A945BBFE4E700BF532D5DBF09
:10FE7000275DFCBE05BE5EBFCBE0F6BE214660BF7F
:10FE8000EA5AF1BE98C561BFBBCBEBBE5A3C63BF1B
:10FE90007533E6BE59AA64BF4F92E0BE880F66BFB5
:10FEA00080E8DABED86B67BF4136D5BE3CBF68BFBD
:10FEB000CA7BCFBEA7096ABF53B9C9BE0C4B6BBF83
:10FEC00015EFC3BE5E836CBF4A1DBEBE93B26DBF4D
:10FED0002A44B8BE9ED86EBFEF63B2BE73F56FBF43
:10FEE000D47CACBE080971BF128FA6BE521372BF7C
:10FEF000E59AA0BE471473BF86A09ABEDD0B74BFFF
:10FF000031A094BE0BFA74BF229A8EBEC6DE75BFB6
:10FF1000938E88BE07BA76BFC07D82BEC58B77BF81
:10FF2000CCCF78BEF85378BF7F9A6CBE981279BF59
:10FF3000135C60BE9DC779BF011554BE02737ABFC2
:10FF4000C2C547BEBE147BBFCF6E3BBECDAC7BBF30
:10FF5000A2102FBE283B7CBFB6AB22BEC9BF7CBF60
:10FF6000834016BEAC3A7DBF86CF09BECCAB7DBF09
:10FF700073B2FABD24137EBF2EBCE1BDB0707EBF4C
:10FF800036BDC8BD6DC47EBF80B6AFBD580E7FBF45
:10FF900005A996BD6D4E7FBF742B7BBDAB847FBF23
:10FFA0002FFB48BD0FB17FBF2CC316BD98D37FBFB9
:10FFB000B00AC9BC43EC7FBF900E49BC11FB7FBFA8
:10FFC00000000080000080BF900E493C11FB7FBF05
:10FFD000B00AC93C43EC7FBF2CC3163D98D37FBF0A
:10FFE0002FFB483D0FB17FBF742B7B3DAB847FBFA0
:10FFF00005A9963D6D4E7FBF80B6AF3D580E7FBFC1
:0200000260009C
:1000000036BDC83D6DC47EBF2EBCE13DB0707EBF25
:1000100073B2FA3D24137EBF86CF093ECCAB7DBFC1
:100020008340163EAC3A7DBFB6AB223EC9BF7CBF13
:10003000A2102F3E283B7CBFCF6E3B3ECDAC7BBF9A
:10004000C2C5473EBE147BBF0115543E02737ABF42
:10005000135C603E9DC779BF7F9A6C3E981279BF52
:10006000CCCF783EF85378BFC07D823EC58B77BF3A
:10007000938E883E07BA76BF229A8E3EC6DE75BF43
:1000800031A0943E0BFA74BF86A09A3EDD0B74BF7C
:10009000E59AA03E471473BF128FA63E521372BF5B
:1000A000D47CAC3E080971BFEF63B23E73F56FBFFD
:1000B0002A44B83E9ED86EBF4A1DBE3E93B26DBF65
:1000C00015EFC33E5E836CBF53B9C93E0C4B6BBF8B
:1000D000CA7BCF3EA7096ABF4136D53E3CBF68BF49
:1000E00080E8DA3ED86B67BF4F92E03E880F66BF6C
:1000F0007533E63E59AA64BFBBCBEB3E5A3C63BFA7
:10010000EA5AF13E98C561BFCBE0F63E214660BF9A
:10011000275DFC3E05BE5EBFE4E7003F532D5DBF9B
:100120003D9C033F1A945BBF824B063F6AF259BF66
:100130009BF5083F534858BF6B9A0B3FE59556BF58
:10014000DA390E3F31DB54BFCDD3103F491853BFCE
:100150002A68133F3D4D51BFD9F6153F1F7A4FBF57
:10016000C07F183F029F4DBFC6021B3FF8BB4BBF6D
:10017000D17F1D3F12D149BFCBF61F3F65DE47BF80
:100180009967223F03E445BF25D2243F00E243BFE5
:100190005636273F70D841BF1594293F67C73FBFE8
:1001A0004AEB2B3FF9AE3DBFDE3B2E3F3B8F3BBFC3
:1001B000BB85303F426839BFC9C8323F233A37BF99
:1001C000F304353FF30435BF233A373FC9C832BF84
:1001D0004268393FBB8530BF3B8F3B3FDE3B2EBF84
:1001E000F9AE3D3F4AEB2BBF67C73F3F159429BF90
:1001F00070D8413F563627BF00E2433F25D224BF87
:1002000003E4453F996722BF65DE473FCBF61FBF3A
:1002100012D1493FD17F1DBFF8BB4B3FC6021BBF68
:10022000029F4D3FC07F18BF1F7A4F3FD9F615BFC1
:100230003D4D513F2A6813BF4918533FCDD310BFDE
:1002400031DB543FDA390EBFE595563F6B9A0BBF51
:100250005348583F9BF508BF6AF2593F824B06BF8F
:100260001A945B3F3D9C03BF532D5D3FE4E700BF05
:1002700005BE5E3F275DFCBE2146603FCBE0F6BE7B
:1002800098C5613FEA5AF1BE5A3C633FBBCBEBBE17
:1002900059AA643F7533E6BE880F663F4F92E0BEB1
:1002A000D86B673F80E8DABE3CBF683F4136D5BEB9
:1002B000A7096A3FCA7BCFBE0C4B6B3F53B9C9BE7F
:1002C0005E836C3F15EFC3BE93B26D3F4A1DBEBE49
:1002D0009ED86E3F2A44B8BE73F56F3FEF63B2BE3F
:1002E0000809713FD47CACBE5213723F128FA6BE78
:1002F0004714733FE59AA0BEDD0B743F86A09ABEFB
:100300000BFA743F31A094BEC6DE753F229A8EBEB2
:1003100007BA763F938E88BEC58B773FC07D82BE7D
:10032000F853783FCCCF78BE9812793F7F9A6CBE55
:100330009DC7793F135C60BE02737A3F011554BEBE
:10034000BE147B3FC2C547BECDAC7B3FCF6E3BBE2C
:10035000283B7C3FA2102FBEC9BF7C3FB6AB22BE5C
:10036000AC3A7D3F834016BECCAB7D3F86CF09BE05
:1003700024137E3F73B2FABDB0707E3F2EBCE1BD48
:100380006DC47E3F36BDC8BD580E7F3F80B6AFBD41
:100390006D4E7F3F05A996BDAB847F3F742B7BBD1F
:1003A0000FB17F3F2FFB48BD98D37F3F2CC316BDB5
:1003B00043EC7F3FB00AC9BC11FB7F3F900E49BCA4
:1003C0000000803F0000000043EC7F3FB00AC93CC2
:1003D0000FB17F3F2FFB483D6D4E7F3F05A9963DF6
:1003E0006DC47E3F36BDC83D24137E3F73B2FA3DD7
:1003F000AC3A7D3F8340163E283B7C3FA2102F3E07
:10040000BE147B3FC2C5473E9DC7793F135C603E2B
:10041000F853783FCCCF783E07BA763F938E883E2C
:100420000BFA743F31A0943E4714733FE59AA03E07
:100430000809713FD47CAC3E9ED86E3F2A44B83E3A
:100440005E836C3F15EFC33EA7096A3FCA7BCF3E70
:10045000D86B673F80E8DA3E59AA643F7533E63EC1
:1004600098C5613FEA5AF13E05BE5E3F275DFC3EFE
:100470001A945B3F3D9C033F5348583F9BF5083F10
:1004800031DB543FDA390E3F3D4D513F2A68133F6F
:10049000029F4D3FC07F183F12D1493FD17F1D3F82
:1004A00003E4453F9967223F70D8413F5636273FC6
:1004B000F9AE3D3F4AEB2B3F4268393FBB85303FA9
:1004C000F304353FF304353FBB85303F4268393F85
:1004D0004AEB2B3FF9AE3D3F5636273F70D8413FA0
:1004E0009967223F03E4453FD17F1D3F12D1493F29
:1004F000C07F183F029F4D3F2A68133F3D4D513F3B
:10050000DA390E3F31DB543F9BF5083F5348583FE3
:100510003D9C033F1A945B3F275DFC3E05BE5E3F5A
:10052000EA5AF13E98C5613F7533E63E59AA643FE9
:1005300080E8DA3ED86B673FCA7BCF3EA7096A3FA7
:1005400015EFC33E5E836C3F2A44B83E9ED86E3F93
:10055000D47CAC3E0809713FE59AA03E4714733F36
:1005600031A0943E0BFA743F938E883E07BA763FD3
:10057000CCCF783EF853783F135C603E9DC7793FFF
:10058000C2C5473EBE147B3FA2102F3E283B7C3F96
:100590008340163EAC3A7D3F73B2FA3D24137E3F52
:1005A00036BDC83D6DC47E3F05A9963D6D4E7F3F6B
:1005B0002FFB483D0FB17F3FB00AC93C43EC7F3F62
:1005C000000000000000803FB00AC9BC43EC7F3F40
:1005D0002FFB48BD0FB17F3F05A996BD6D4E7F3FF4
:1005E00036BDC8BD6DC47E3F73B2FABD24137E3FD5
:1005F000834016BEAC3A7D3FA2102FBE283B7C3F05
:10060000C2C547BEBE147B3F135C60BE9DC7793F29
:10061000CCCF78BEF853783F938E88BE07BA763F2A
:1006200031A094BE0BFA743FE59AA0BE4714733F05
:10063000D47CACBE0809713F2A44B8BE9ED86E3F38
:1006400015EFC3BE5E836C3FCA7BCFBEA7096A3F6E
:1006500080E8DABED86B673F7533E6BE59AA643FBF
:10066000EA5AF1BE98C5613F275DFCBE05BE5E3FFC
:100670003D9C03BF1A945B3F9BF508BF5348583F0E
:10068000DA390EBF31DB543F2A6813BF3D4D513F6D
:10069000C07F18BF029F4D3FD17F1DBF12D1493F80
:1006A000996722BF03E4453F563627BF70D8413FC4
:1006B0004AEB2BBFF9AE3D3FBB8530BF4268393FA7
:1006C000F30435BFF304353F426839BFBB85303F83
:1006D000F9AE3DBF4AEB2B3F70D841BF5636273F9E
:1006E00003E445BF9967223F12D149BFD17F1D3F27
:1006F000029F4DBFC07F183F3D4D51BF2A68133F39
:1007000031DB54BFDA390E3F534858BF9BF5083FE1
:100710001A945BBF3D9C033F05BE5EBF275DFC3E58
:1007200098C561BFEA5AF13E59AA64BF7533E63EE7
:10073000D86B67BF80E8DA3EA7096ABFCA7BCF3EA5
:100740005E836CBF15EFC33E9ED86EBF2A44B83E91
:10075000080971BFD47CAC3E471473BFE59AA03E34
:100760000BFA74BF31A0943E07BA76BF938E883ED1
:10077000F85378BFCCCF783E9DC779BF135C603EFD
:10078000BE147BBFC2C5473E283B7CBFA2102F3E94
:10079000AC3A7DBF8340163E24137EBF73B2FA3D50
:1007A0006DC47EBF36BDC83D6D4E7FBF05A9963D69
:1007B0000FB17FBF2FFB483D43EC7FBFB00AC93C60
:1007C000000080BF0000000043EC7FBFB00AC9BC3E
:1007D0000FB17FBF2FFB48BD6D4E7FBF05A996BDF2
:1007E0006DC47EBF36BDC8BD24137EBF73B2FABDD3
:1007F000AC3A7DBF834016BE283B7CBFA2102FBE03
:10080000BE147BBFC2C547BE9DC779BF135C60BE27
:10081000F85378BFCCCF78BE07BA76BF938E88BE28
:100820000BFA74BF31A094BE471473BFE59AA0BE03
:10083000080971BFD47CACBE9ED86EBF2A44B8BE36
:100840005E836CBF15EFC3BEA7096ABFCA7BCFBE6C
:10085000D86B67BF80E8DABE59AA64BF7533E6BEBD
:1008600098C561BFEA5AF1BE05BE5EBF275DFCBEFA
:100870001A945BBF3D9C03BF534858BF9BF508BF0C
:1008800031DB54BFDA390EBF3D4D51BF2A6813BF6B
:10089000029F4DBFC07F18BF12D149BFD17F1DBF7E
:1008A00003E445BF996722BF70D841BF563627BFC2
:1008B000F9AE3DBF4AEB2BBF426839BFBB8530BFA5
:1008C000F30435BFF30435BFBB8530BF426839BF81
:1008D0004AEB2BBFF9AE3DBF563627BF70D841BF9C
:1008E000996722BF03E445BFD17F1DBF12D149BF25
:1008F000C07F18BF029F4DBF2A6813BF3D4D51BF37
:10090000DA390EBF31DB54BF9BF508BF534858BFDF
:100910003D9C03BF1A945BBF275DFCBE05BE5EBF56
:10092000EA5AF1BE98C561BF7533E6BE59AA64BFE5
:1009300080E8DABED86B67BFCA7BCFBEA7096ABFA3
:1009400015EFC3BE5E836CBF2A44B8BE9ED86EBF8F
:10095000D47CACBE080971BFE59AA0BE471473BF32
:1009600031A094BE0BFA74BF938E88BE07BA76BFCF
:10097000CCCF78BEF85378BF135C60BE9DC779BFFB
:10098000C2C547BEBE147BBFA2102FBE283B7CBF92
:10099000834016BEAC3A7DBF73B2FABD24137EBF4E
:1009A00036BDC8BD6DC47EBF05A996BD6D4E7FBF67
:1009B0002FFB48BD0FB17FBFB00AC9BC43EC7FBF5E
:1009C00000000080000080BFB00AC93C43EC7FBF3C
:1009D0002FFB483D0FB17FBF05A9963D6D4E7FBFF0
:1009E00036BDC83D6DC47EBF73B2FA3D24137EBFD1
:1009F0008340163EAC3A7DBFA2102F3E283B7CBF01
:100A0000C2C5473EBE147BBF135C603E9DC779BF25
:100A1000CCCF783EF85378BF938E883E07BA76BF26
:100A200031A0943E0BFA74BFE59AA03E471473BF01
:100A3000D47CAC3E080971BF2A44B83E9ED86EBF34
:100A400015EFC33E5E836CBFCA7BCF3EA7096ABF6A
:100A500080E8DA3ED86B67BF7533E63E59AA64BFBB
:100A6000EA5AF13E98C561BF275DFC3E05BE5EBFF8
:100A70003D9C033F1A945BBF9BF5083F534858BF0A
:100A8000DA390E3F31DB54BF2A68133F3D4D51BF69
:100A9000C07F183F029F4DBFD17F1D3F12D149BF7C
:100AA0009967223F03E445BF5636273F70D841BFC0
:100AB0004AEB2B3FF9AE3DBFBB85303F426839BFA3
:100AC000F304353FF30435BF4268393FBB8530BF7F
:100AD000F9AE3D3F4AEB2BBF70D8413F563627BF9A
:100AE00003E4453F996722BF12D1493FD17F1DBF23
:100AF000029F4D3FC07F18BF3D4D513F2A6813BF35
:100B000031DB543FDA390EBF5348583F9BF508BFDD
:100B10001A945B3F3D9C03BF05BE5E3F275DFCBE54
:100B200098C5613FEA5AF1BE59AA643F7533E6BEE3
:100B3000D86B673F80E8DABEA7096A3FCA7BCFBEA1
:100B40005E836C3F15EFC3BE9ED86E3F2A44B8BE8D
:100B50000809713FD47CACBE4714733FE59AA0BE30
:100B60000BFA743F31A094BE07BA763F938E88BECD
:100B7000F853783FCCCF78BE9DC7793F135C60BEF9
:100B8000BE147B3FC2C547BE283B7C3FA2102FBE90
:100B9000AC3A7D3F834016BE24137E3F73B2FABD4C
:100BA0006DC47E3F36BDC8BD6D4E7F3F05A996BD65
:100BB0000FB17F3F2FFB48BD43EC7F3FB00AC9BC5C
:100BC0000000803F000000000FB17F3F2FFB483D39
:100BD0006DC47E3F36BDC83DAC3A7D3F8340163E76
:100BE000BE147B3FC2C5473EF853783FCCCF783E1A
:100BF0000BFA743F31A0943E0809713FD47CAC3E9F
:100C00005E836C3F15EFC33ED86B673F80E8DA3EEA
:100C100098C5613FEA5AF13E1A945B3F3D9C033F01
:100C200031DB543FDA390E3F029F4D3FC07F183F02
:100C300003E4453F9967223FF9AE3D3F4AEB2B3F26
:100C4000F304353FF304353F4AEB2B3FF9AE3D3F0C
:100C50009967223F03E4453FC07F183F029F4D3F05
:100C6000DA390E3F31DB543F3D9C033F1A945B3F22
:100C7000EA5AF13E98C5613F80E8DA3ED86B673F9B
:100C800015EFC33E5E836C3FD47CAC3E0809713FD8
:100C900031A0943E0BFA743FCCCF783EF853783FA6
:100CA000C2C5473EBE147B3F8340163EAC3A7D3FF3
:100CB00036BDC83D6DC47E3F2FFB483D0FB17F3F21
:100CC000000000000000803F2FFB48BD0FB17F3FB8
:100CD00036BDC8BD6DC47E3F834016BEAC3A7D3F75
:100CE000C2C547BEBE147B3FCCCF78BEF853783F19
:100CF00031A094BE0BFA743FD47CACBE0809713F9E
:100D000015EFC3BE5E836C3F80E8DABED86B673FE9
:100D1000EA5AF1BE98C5613F3D9C03BF1A945B3F00
:100D2000DA390EBF31DB543FC07F18BF029F4D3F01
:100D3000996722BF03E4453F4AEB2BBFF9AE3D3F25
:100D4000F30435BFF304353FF9AE3DBF4AEB2B3F0B
:100D500003E445BF9967223F029F4DBFC07F183F04
:100D600031DB54BFDA390E3F1A945BBF3D9C033F21
:100D700098C561BFEA5AF13ED86B67BF80E8DA3E9A
:100D80005E836CBF15EFC33E080971BFD47CAC3ED7
:100D90000BFA74BF31A0943EF85378BFCCCF783EA5
:100DA000BE147BBFC2C5473EAC3A7DBF8340163EF2
:100DB0006DC47EBF36BDC83D0FB17FBF2FFB483D20
:100DC000000080BF000000000FB17FBF2FFB48BDB7
:100DD0006DC47EBF36BDC8BDAC3A7DBF834016BE74
:100DE000BE147BBFC2C547BEF85378BFCCCF78BE18
:100DF0000BFA74BF31A094BE080971BFD47CACBE9D
:100E00005E836CBF15EFC3BED86B67BF80E8DABEE8
:100E100098C561BFEA5AF1BE1A945BBF3D9C03BFFF
:100E200031DB54BFDA390EBF029F4DBFC07F18BF00
:100E300003E445BF996722BFF9AE3DBF4AEB2BBF24
:100E4000F30435BFF30435BF4AEB2BBFF9AE3DBF0A
:100E5000996722BF03E445BFC07F18BF029F4DBF03
:100E6000DA390EBF31DB54BF3D9C03BF1A945BBF20
:100E7000EA5AF1BE98C561BF80E8DABED86B67BF99
:100E800015EFC3BE5E836CBFD47CACBE080971BFD6
:100E900031A094BE0BFA74BFCCCF78BEF85378BFA4
:100EA000C2C547BEBE147BBF834016BEAC3A7DBFF1
:100EB00036BDC8BD6DC47EBF2FFB48BD0FB17FBF1F
:100EC00000000080000080BF2FFB483D0FB17FBFB6
:100ED00036BDC83D6DC47EBF8340163EAC3A7DBF73
:100EE000C2C5473EBE147BBFCCCF783EF85378BF17
:100EF00031A0943E0BFA74BFD47CAC3E080971BF9C
:100F000015EFC33E5E836CBF80E8DA3ED86B67BFE7
:100F1000EA5AF13E98C561BF3D9C033F1A945BBFFE
:100F2000DA390E3F31DB54BFC07F183F029F4DBFFF
:100F30009967223F03E445BF4AEB2B3FF9AE3DBF23
:100F4000F304353FF30435BFF9AE3D3F4AEB2BBF09
:100F500003E4453F996722BF029F4D3FC07F18BF02
:100F600031DB543FDA390EBF1A945B3F3D9C03BF1F
:100F700098C5613FEA5AF1BED86B673F80E8DABE98
:100F80005E836C3F15EFC3BE0809713FD47CACBED5
:100F90000BFA743F31A094BEF853783FCCCF78BEA3
:100FA000BE147B3FC2C547BEAC3A7D3F834016BEF0
:100FB0006DC47E3F36BDC8BD0FB17F3F2FFB48BD1E
:100FC0000000803F000000006DC47E3F36BDC83D7C
:100FD000BE147B3FC2C5473E0BFA743F31A0943E1E
:100FE0005E836C3F15EFC33E98C5613FEA5AF13E00
:100FF00031DB543FDA390E3F03E4453F9967223F26
:10100000F304353FF304353F9967223F03E4453F3E
:10101000DA390E3F31DB543FEA5AF13E98C5613F61
:1010200015EFC33E5E836C3F31A0943E0BFA743FD4
:10103000C2C5473EBE147B3F36BDC83D6DC47E3F32
:10104000000000000000803F36BDC8BD6DC47E3F7B
:10105000C2C547BEBE147B3F31A094BE0BFA743F9D
:1010600015EFC3BE5E836C3FEA5AF1BE98C5613F7F
:10107000DA390EBF31DB543F996722BF03E4453FA5
:10108000F30435BFF304353F03E445BF9967223FBE
:1010900031DB54BFDA390E3F98C561BFEA5AF13EE1
:1010A0005E836CBF15EFC33E0BFA74BF31A0943E54
:1010B000BE147BBFC2C5473E6DC47EBF36BDC83DB2
:1010C000000080BF000000006DC47EBF36BDC8BDFB
:1010D000BE147BBFC2C547BE0BFA74BF31A094BE1D
:1010E0005E836CBF15EFC3BE98C561BFEA5AF1BEFF
:1010F00031DB54BFDA390EBF03E445BF996722BF25
:10110000F30435BFF30435BF996722BF03E445BF3D
:10111000DA390EBF31DB54BFEA5AF1BE98C561BF60
:1011200015EFC3BE5E836CBF31A094BE0BFA74BFD3
:10113000C2C547BEBE147BBF36BDC8BD6DC47EBF31
:1011400000000080000080BF36BDC83D6DC47EBF7A
:10115000C2C5473EBE147BBF31A0943E0BFA74BF9C
:1011600015EFC33E5E836CBFEA5AF13E98C561BF7E
:10117000DA390E3F31DB54BF9967223F03E445BFA4
:10118000F304353FF30435BF03E4453F996722BFBD
:1011900031DB543FDA390EBF98C5613FEA5AF1BEE0
:1011A0005E836C3F15EFC3BE0BFA743F31A094BE53
:1011B000BE147B3FC2C547BE6DC47E3F36BDC8BDB1
:1011C0000000803F00000000BE147B3FC2C5473EC8
:1011D0005E836C3F15EFC33E31DB543FDA390E3F7F
:1011E000F304353FF304353FDA390E3F31DB543F2A
:1011F00015EFC33E5E836C3FC2C5473EBE147B3FC6
:10120000000000000000803FC2C547BEBE147B3F07
:1012100015EFC3BE5E836C3FDA390EBF31DB543F3E
:10122000F30435BFF304353F31DB54BFDA390E3FE9
:101230005E836CBF15EFC33EBE147BBFC2C5473E85
:10124000000080BF00000000BE147BBFC2C547BEC7
:101250005E836CBF15EFC3BE31DB54BFDA390EBFFE
:10126000F30435BFF30435BFDA390EBF31DB54BFA9
:1012700015EFC3BE5E836CBFC2C547BEBE147BBF45
:1012800000000080000080BFC2C5473EBE147BBF87
:1012900015EFC33E5E836CBFDA390E3F31DB54BFBE
:1012A000F304353FF30435BF31DB543FDA390EBF69
:1012B0005E836C3F15EFC3BEBE147B3FC2C547BE05
:1012C0000000803F000000005E836C3F15EFC33ECE
:1012D000F304353FF304353F15EFC33E5E836C3FA7
:1012E000000000000000803F15EFC3BE5E836C3F2E
:1012F000F30435BFF304353F5E836CBF15EFC33E87
:10130000000080BF000000005E836CBF15EFC3BE0D
:10131000F30435BFF30435BF15EFC3BE5E836CBF66
:1013200000000080000080BF15EFC33E5E836CBFED
:10133000F304353FF30435BF5E836C3F15EFC3BE46
:1013400000080000C0930500685E0500E00E000084
:1013500000040000C0D30500287C05000807000039
:1013600000020000C0F30500388A0500C00100003B
:1013700000010000C0030600B88D0500B8010000A0
:1013800080000000C00B060028910500D00000007E
:1013900040000000C00F0600C892050038000000A1
:1013A00020000000C0110600389305003000000046
:1013B00010000000C0120600989305001400000001
:1013C00008000000030000004B3C0600593C0600EA
:1013D0006D3C06007C3C0600883C060028CB0400DF
:1013E00030CB040080CB040088CB0400D0CB0400B9
:1013F000D8CB04009D3C0600000100000000000066
:1014000000000000000000000000000000000000DC
:101410000000004095596959555554551555555674
:10142000040515411054554045515544404550441C
:10143000505555450040004040044496655556556A
:1014400045404554514115405591555555554051CC
:10145000050100005445545445550504001004107E
:10146000140440000000014055551541540400008B
:101470004400010000000040410000445044455039
:10148000540055555455655100400040010000017D
:101490000005010011545151545555050015415096
:1014A00000000440100104050000000000000000DE
:1014B000DCCFD1350000000000C0153F0000803FA8
:1014C0000000C03F000FC93F000F494000CB9640CD
:1014D000000FC9400053FB4000CB164100ED2F41E7
:1014E000000F49410031624100537B41003A8A417B
:1014F00000CB9641005CA34100EDAF41007EBC41B2
:10150000000FC94100A0D5410031E24100C2EE41C7
:101510000053FB4100F20342003A0A4200831042AA
:1015200000CB164200141D42005C234200A5294254
:1015300000ED2F4200363642007E3C4200C7424258
:10154000000F4942A2000000F900000083000000E3
:101550006E0000004E000000440000001500000076
:1015600029000000FC0000002700000057000000D8
:10157000D1000000F500000034000000DD00000094
:10158000C0000000DB0000006200000095000000C9
:10159000990000003C0000004300000090000000A3
:1015A00041000000FE000000510000006300000048
:1015B000AB000000DE000000BB000000C500000022
:1015C00061000000B7000000240000006E00000071
:1015D0003A000000420000004D000000D200000070
:1015E000E000000006000000490000002E0000009E
:1015F000EA00000009000000D10000009200000095
:101600001C000000FE0000001D000000EB000000B8
:101610001C000000B100000029000000A70000002D
:101620003E000000E80000008200000035000000DD
:10163000F50000002E000000BB0000004400000088
:1016400084000000E90000009C0000007000000021
:1016500026000000B40000005F0000007E000000D3
:10166000410000003900000091000000D600000099
:101670003900000083000000530000003900000022
:10168000F40000009C000000840000005F000000E7
:101690008B000000BD000000F900000028000000E1
:1016A0003B0000001F000000F80000009700000051
:1016B000FF000000DE0000000500000098000000B0
:1016C0000F000000EF0000002F00000011000000DC
:1016D0008B0000005A0000000A0000006D000000AE
:1016E0001F0000006D000000360000007E000000BA
:1016F000CF00000027000000CB0000000900000020
:10170000B70000004F000000460000003F0000004E
:10171000660000009E0000005F000000EA0000007C
:101720002D0000007500000027000000BA00000036
:10173000C7000000EB000000E5000000F100000021
:101740007B0000003D0000000700000039000000A1
:10175000F70000008A000000520000009200000024
:10176000EA0000006B000000FB0000005F000000CA
:10177000B10000001F0000008D0000005D000000AF
:1017800008000000560000000300000030000000C8
:1017900046000000FC0000007B0000006B00000021
:1017A000AB000000F0000000CF000000BC00000013
:1017B000200000009A000000F40000003600000045
:1017C0001D000000A9000000E300000091000000DF
:1017D000610000005E000000E60000001B00000049
:1017E000080000006500000099000000850000006E
:1017F0005F00000014000000A0000000680000006E
:10180000400000008D000000FF000000D800000034
:10181000800000004D000000730000002700000061
:101820003100000006000000060000001500000066
:1018300056000000CA00000073000000A80000006D
:10184000C900000060000000E20000007B00000012
:10185000C00000008C0000006B0000000000C93FC9
:101860000000F0390000DA370000A2330000842EB7
:101870000000502B0000C2270000D0220000C41F2F
:101880000000C61B00004417040000000700000011
:101890000900000006000C00000090010000020298
:1018A00009040000042A0000042A000003280000A4
:1018B000012A0000012A000003280000002A00007D
:1018C000002A000003280000001800000028000083
:1018D00002290000052A0000052A00000328000054
:1018E0000118000000280000032800000229000061
:1018F00003280000002861647620726573746172A9
:10190000743A202564006E7266785F736161646367
:101910005F696E69743A2030782530385800636802
:10192000616E6E656C5F636F6E6669673A203078D2
:101930002530385800616476616E6365645F6D6F51
:1019400064655F7365743A203078253038580043F9
:101950006F6E6E656374696F6E206661696C656435
:101960002028257529005245430053414144432016
:1019700073746F7070656420286F76657272756E0F
:10198000733D25752C2072696E675F64726F70738A
:101990003D257529004D4643435F53544152543A07
:1019A00025643A25640A0066696E69736865640A8D
:1019B00000417564696F2073747265616D20646F96
:1019C0006E6520287365713D257529004469736330
:1019D0006F6E6E6563746564202825642900436F0B
:1019E0006E6E6563746564004D54553D25642C200E
:1019F0004E5553206368756E6B3D25642C207061D5
:101A0000796C6F61643D2564004D545520657863A1
:101A100068616E6765206661696C6564202825646D
:101A2000292C2064656661756C743D2564006473BF
:101A3000705F6D6663635F696E6974206661696C6F
:101A4000656400534141444320696E6974206661B6
:101A5000696C65643A2025640062745F656E61623A
:101A60006C653A2025640062745F6E75735F636213
:101A70005F72656769737465723A202564006274E9
:101A80005F6C655F6164765F73746172743A202580
:101A90006400626C655F74780041636F75737445B0
:101AA0004545636172652076362E33207265616428
:101AB0007920E280942077616974696E6720666F8F
:101AC0007220424C4520636F6E6E656374696F6E61
:101AD0000052454320E28094207374617274696EF1
:101AE000672025642073204020256420487A202B1D
:101AF000204D4643430053544152543A25750A0041
:101B000053414144432073747265616D696E67206F
:101B100073746172746564204020256420487A00E3
:101B20004552523A534141444300534141444320BA
:101B300074696D656F75742061742068616C6620CE
:101B40002575004552523A54494D454F5554004170
:101B50007564696F20424C452054582064696420A4
:101B60006E6F742066696E6973682077697468693E
:101B70006E203130207300417564696F2073747278
:101B800065616D20636F6D706C65746520E2809493
:101B9000207374617274696E67204D46434300641C
:101BA00073705F6D6663635F66696E6973682066F4
:101BB00061696C65643A202564004552523A445389
:101BC00050004D4643435F454E440A004D46434353
:101BD0002073747265616D20636F6D706C657465E0
:101BE0003A202564206672616D657320C3972025B5
:101BF0006420636F65666673005265636F72646923
:101C00006E67202B204D46434320636F6D706C65DB
:101C100074652E0041636F75737445454563617249
:101C2000650061726D5F726666745F666173745F92
:101C3000696E69745F663332206661696C65642021
:101C4000287374617475733D256429004453502BC7
:101C50004D46434320696E6974204F4B3A206270B1
:101C600040386B487A20E2869220C3B73420E2865F
:101C70009220326B487A20E28692204D46434328D8
:101C800025642C25642C256429006473705F6D66BF
:101C900063635F66696E6973683A2063616C6C6246
:101CA00061636B206973204E554C4C0042616E6439
:101CB000706173732B646563696D61746520646F13
:101CC0006E653A2025642073616D706C65732061C8
:101CD000742032206B487A004D4643433A207261AB
:101CE0006E206F7574206F662073616D706C657304
:101CF000206174206672616D6520256420287374EC
:101D00006172743D25642C206465635F6964783D6D
:101D1000256429004D46434320646F6E653A2025B3
:101D200064206672616D657320C39720256420630B
:101D30006F656666696369656E7473006473705F6E
:101D40006D666363006865617020636F72727570A1
:101D500074696F6E20286E6F7420696E20757365CC
:101D60003F29206174202570006865617020636FD1
:101D70007272757074696F6E20286275666665721E
:101D8000206F766572666C6F773F2920617420251D
:101D900070006865617020636F7272757074696F2E
:101DA0006E2028646F75626C6520667265653F29D8
:101DB000206174202570006F735F68656170002872
:101DC000756E7369676E6564292063686172202A85
:101DD000207573656420666F7220252570206172FE
:101DE00067756D656E742E20497427732072656364
:101DF0006F6D6D656E64656420746F2063617374CC
:101E000020697420746F20766F6964202A206265CF
:101E10006361757365206974206D617920636175F4
:101E20007365206D69736265686176696F72206998
:101E30006E206365727461696E20636F6E66696798
:101E400075726174696F6E732E20537472696E6758
:101E50003A2225732220617267756D656E743A258A
:101E6000640063627072696E74665F7061636B6157
:101E70006765007379735F6765746F7074006C6F6A
:101E80006767696E67006C6F67006C6F675F6D678F
:101E90006D74004D65737361676520282225732278
:101EA000292064726F707065642062656361757368
:101EB0006520697420657863656564732073697A49
:101EC00065206C696D69746174696F6E2028257571
:101ED00029004D6573736167652064726F7070656A
:101EE0006420626563617573652069742065786339
:101EF000656564732073697A65206C696D697461C6
:101F000074696F6E2028257529000D0A001B5B304F
:101F10006D00257320005B2530386C755D20005BFB
:101F2000253032753A253032753A253032752E25F6
:101F30003033752C253033755D20003C25733E20F1
:101F40000025732F0025733A2000253032782000B9
:101F5000202020007C002563001B5B313B33316D6A
:101F6000001B5B313B33336D006572720077726E1C
:101F700000696E6600646267006C6F675F62616330
:101F80006B656E645F75617274006C6F675F75611D
:101F90007274006364635F61636D5F3000636463E8
:101FA0005F61636D5F73657269616C0072302F6190
:101FB000313A2020307825303878202072312F6156
:101FC000323A2020307825303878202072322F6144
:101FD000333A20203078253038780072332F61343E
:101FE0003A2020307825303878207231322F6970CD
:101FF0003A2020307825303878207231342F6C72B6
:102000003A20203078253038780020787073723A82
:10201000202030782530387800735B2532645D3AB3
:1020200020203078253038782020735B2532645D9D
:102030003A20203078253038782020735B253264B0
:102040005D3A20203078253038782020735B2532A7
:10205000645D3A20203078253038780066707363EC
:10206000723A2020307825303878004661756C74DB
:10207000696E6720696E737472756374696F6E2020
:102080006164647265737320287231352F7063291F
:102090003A2030782530387800556E68616E646C6F
:1020A0006564204952516E3A202564002A2A2A2A62
:1020B0002A205553414745204641554C54202A2A51
:1020C0002A2A2A0020204469766973696F6E20628B
:1020D00079207A65726F002020556E616C69676E99
:1020E0006564206D656D6F727920616363657373DC
:1020F0000020204E6F20636F70726F636573736F83
:102100007220696E737472756374696F6E730020E8
:1021100020496C6C6567616C206C6F6164206F6630
:10212000204558435F52455455524E20696E746F96
:10213000205043002020496C6C6567616C207573EA
:1021400065206F662074686520455053520020203A
:10215000417474656D707420746F20657865637563
:10216000746520756E646566696E656420696E735A
:102170007472756374696F6E002A2A2A2A2A2042B3
:102180005553204641554C54202A2A2A2A2A0020F9
:1021900020537461636B696E67206572726F7200A1
:1021A0002020556E737461636B696E67206572726F
:1021B0006F720020205072656369736520646174DA
:1021C0006120627573206572726F72002020424632
:1021D000415220416464726573733A2030782578E7
:1021E000002020496D7072656369736520646174B5
:1021F0006120627573206572726F72002020496ED3
:10220000737472756374696F6E2062757320657282
:10221000726F72002020466C6F6174696E672D705A
:102220006F696E74206C617A7920737461746520B3
:10223000707265736572766174696F6E2065727213
:102240006F72002A2A2A2A2A204D505520464155CD
:102250004C54202A2A2A2A2A002020537461636BB6
:10226000696E67206572726F722028636F6E746585
:1022700078742061726561206D6967687420626599
:10228000206E6F742076616C69642900202044619F
:102290007461204163636573732056696F6C617468
:1022A000696F6E0020204D4D46415220416464729A
:1022B0006573733A2030782578002020496E737456
:1022C00072756374696F6E20416363657373205622
:1022D000696F6C6174696F6E0052657365727665C3
:1022E0006420457863657074696F6E2028005370B0
:1022F0007572696F757320696E746572727570742A
:1023000020284952512000535053454C20696E20DB
:10231000746872656164206D6F646520646F6573B5
:10232000206E6F7420696E64696361746520505318
:1023300050002A2A2A2A2A20484152442046415540
:102340004C54202A2A2A2A2A00202042757320660B
:1023500061756C74206F6E20766563746F72207483
:1023600061626C652072656164002020446562755D
:1023700067206576656E740020204661756C742058
:10238000657363616C6174696F6E20287365652085
:1023900062656C6F772900415243485F4558434559
:1023A0005054207769746820726561736F6E2025C0
:1023B000780A002A2A2A2A2A204465627567206D35
:1023C0006F6E69746F7220657863657074696F6E83
:1023D000202A2A2A2A2A002A2A2A2A2A2025732061
:1023E000256429202A2A2A2A2A006D707500466150
:1023F000696C656420746F20616C6C6F63617465D7
:10240000206E6577204D505520726567696F6E208C
:1024100025750A00506172746974696F6E202575A4
:102420003A20636F686572656E63652063686563F3
:102430006B206661696C65642E00464C4153485FB1
:1024400030005352414D5F30006E65745F627566B7
:10245000006E65745F6275665F73696D706C6500B0
:10246000736F63007573626400626F6172645F63AF
:1024700064635F61636D5F75617274007075626C37
:1024800069630072616E646F6D007075626C696380
:102490002D69640072616E646F6D2D696400253072
:1024A00032583A253032583A253032583A253032AF
:1024B000583A253032583A25303258202825732989
:1024C0000062745F6275660062745F6461746100CB
:1024D0004461746120627566666572206F7665720C
:1024E000666C6F7720286C696E6B2074797065203C
:1024F0003078253032782900556E61626C65207421
:102500006F206C6F6F6B20757020636F6E6E20771D
:102510006974682068616E646C6520257500486187
:10252000726477617265206572726F722C206861C7
:1025300072647761726520636F64653A2025640078
:10254000436F756C64206E6F74207375626D69746F
:102550002072785F776F726B3A20256400556E6148
:10256000626C6520746F206C6F6F6B757020636F89
:102570006E6E20666F722068616E646C65202575D2
:10258000006D61785F74785F6F6374657473206544
:10259000786365656473207468652076616C69642E
:1025A0002072616E6765202575006D61785F7278B5
:1025B0005F6F637465747320657863656564732009
:1025C0007468652076616C69642072616E6765204D
:1025D0002575006D61785F74785F74696D6520653D
:1025E000786365656473207468652076616C6964DE
:1025F0002072616E6765202575006D61785F727865
:102600005F74696D652065786365656473207468BF
:10261000652076616C69642072616E67652025753E
:1026200000556E61626C6520746F20616C6C6F6325
:102630006174652062756666657200556E68616ECC
:10264000646C6564206576656E7420307825303260
:1026500078206C656E2025753A20257300657674A8
:10266000206E756D5F68616E646C657320283D2512
:10267000752920746F6F206C617267652028257A38
:1026800075203E20257529004E6F20636F6E6E65A4
:102690006374696F6E20666F722068616E646C652A
:1026A000202575007061636B65747320636F756EB0
:1026B00074206D69736D6174636800546F6F20736B
:1026C0006D616C6C202825752062797465732920F2
:1026D0006576656E742030782530327800496E76E4
:1026E000616C696420484349206576656E74207387
:1026F000697A65202825752900496E76616C6964C0
:10270000204C45206D657461206576656E7420737C
:10271000697A65202825752900574553545F544F21
:10272000504449522F7A65706879722F73756273BD
:1027300079732F626C7565746F6F74682F686F732F
:10274000742F6863695F636F72652E6300657674CA
:102750005F666C6167732026202831554C203C3C15
:10276000202830292900415353455254494F4E20C7
:102770004641494C205B25735D20402025733A2556
:10278000640A00496E76616C696420627566207423
:1027900079706520257500496E76616C6964204802
:1027A00043492041434C207061636B657420736919
:1027B0007A6520282575290041434C2064617461A5
:1027C000206C656E677468206D69736D61746368F1
:1027D0002028257520213D2025752900556E616230
:1027E0006C6520746F2066696E6420636F6E6E2066
:1027F000666F722068616E646C6520257500627476
:102800005F6863695F6576745F6765745F666C6156
:102810006773286864722D3E657674292026202807
:1028200031554C203C3C202831292900556E6B6ED7
:102830006F776E206275662074797065202575004B
:10284000556E68616E646C65642076656E646F7247
:102850002D7370656369666963206576656E7420A3
:10286000307825303278206C656E2025753A202529
:1028700073004E6F20636F6D6D616E642073656EC3
:102880007420666F7220636D6420636F6D706C6579
:10289000746520307825303478004F70436F64655C
:1028A0002030782530347820636F6D706C657465E6
:1028B0006420696E7374656164206F66206578704A
:1028C00065637465642030782530347800696E74EF
:1028D000657276616C2065786365656473207468E1
:1028E000652076616C69642072616E67652025756C
:1028F000207573006C6174656E637920657863651B
:10290000656473207468652076616C696420726107
:102910006E67652030782530347800737570765F87
:1029200074696D656F75742065786365656473207F
:102930007468652076616C69642072616E676520D9
:10294000307825303478004E6F2070656E64696E83
:1029500067207065726970686572616C20636F6E64
:102960006E656374696F6E00556E6578706563742B
:102970006564207374617475732030782530327803
:1029800020257300756E6B6E6F776E005B305D0097
:10299000484349207472616E73706F72743A2025D7
:1029A0007300436F6E74726F6C6C6572004964657E
:1029B0006E7469747925733A202573004964656ED5
:1029C000746974795B25645D3A2025730048434936
:1029D0003A2076657273696F6E20257320283078EF
:1029E0002530327829207265766973696F6E2030E0
:1029F00078253034782C206D616E7566616374754E
:102A000072657220307825303478004C4D503A2071
:102A100076657273696F6E202573202830782530B3
:102A200032782920737562766572203078253034CB
:102A30007800556E61626C6520746F2073656E64FA
:102A400020746F2064726976657220286572722026
:102A500025642900657272203D3D20300009436FD6
:102A60006E74726F6C6C657220756E726573706FC8
:102A70006E736976652C20636F6D6D616E64206F77
:102A800070636F6465203078253034782074696D08
:102A9000656F75742077697468206572722025648B
:102AA0000A006F70636F64652030782530347820B9
:102AB00073746174757320307825303278202573F3
:102AC000004E6F2070656E64696E6720636F6E6E76
:102AD00020666F722070656572202573004E6F6EE0
:102AE0002D4C452063617061626C6520636F6E746C
:102AF000726F6C6C657220646574656374656421C3
:102B0000004E756D206F6620436F6E74726F6C6C33
:102B1000657227732041434C207061636B65747349
:102B200020213D2041434C2062745F636F6E6E5FD5
:102B3000747820636F6E746578747320282575200F
:102B4000213D202575290041434C2042522F454408
:102B5000522062756666657273206E6F7420696EAE
:102B6000697469616C697A65640056656E646F7238
:102B70002048434920657874656E73696F6E7320D1
:102B80006E6F7420617661696C61626C6500485794
:102B900020506C6174666F726D3A20257320283066
:102BA0007825303478290048572056617269616E63
:102BB000743A20257320283078253034782900464F
:102BC00069726D776172653A202573202830782507
:102BD000303278292056657273696F6E2025752E04
:102BE0002575204275696C64202575004661696C05
:102BF000656420746F207265616420737570706FF6
:102C0000727465642076656E646F7220636F6D6D9B
:102C1000616E6473004661696C656420746F207234
:102C200065616420737570706F7274656420766579
:102C30006E646F72206665617475726573004843D7
:102C40004920647269766572206973206E6F742002
:102C500072656164790042542052582057510048EF
:102C6000434920647269766572206F70656E2066D4
:102C700061696C6564202825642900556E6578704B
:102C8000656374656420484F53545F4E554D5F43F0
:102C90004F4D504C455445445F5041434B45545370
:102CA0002C2073746174757320307825303278204D
:102CB000257300556E636C65617265642070656E86
:102CC00064696E672073656E745F636D6400312E96
:102CD000306200312E3100312E3200322E3000327F
:102CE0002E3100332E3000342E3000342E3100349B
:102CF0002E3200352E3000352E3100352E32003583
:102D00002E3300352E3400362E3000362E3100366C
:102D10002E32005374616E6461726420426C75657A
:102D2000746F6F746820636F6E74726F6C6C657211
:102D30000056656E646F72207370656369666963BF
:102D400020636F6E74726F6C6C6572004669726D91
:102D500077617265206C6F616465720052657363A0
:102D6000756520696D61676500726573657276656A
:102D700064006E5246353178006E52463532780026
:102D80006E5246353378006E524635344878006EC0
:102D9000524635344C7800496E74656C20436F722E
:102DA000706F726174696F6E004E6F726469632038
:102DB00053656D69636F6E647563746F72004E580E
:102DC000502053656D69636F6E647563746F7273C1
:102DD0000045737072657373696620537973746507
:102DE0006D730062745F6863695F636F726500573B
:102DF0004553545F544F504449522F7A6570687957
:102E0000722F7375627379732F626C7565746F6F4F
:102E100074682F686F73742F6863695F636F6D6D7B
:102E20006F6E2E6300636D6420646973616C6C6FF8
:102E3000776564004F6E6C792072616E646F6D20EF
:102E4000737461746963206964656E746974792050
:102E50006164647265737320737570706F727465EA
:102E60006400496E76616C696420696E70757420C7
:102E7000706172616D6574657273004661696C653D
:102E80006420746F2072656164207075626C696380
:102E900020616464726573730052656164205374C9
:102EA0006174696320416464726573736573206340
:102EB0006F6D6D616E64206E6F7420617661696CF8
:102EC00061626C65004661696C656420746F207294
:102ED0006561642073746174696320616464726500
:102EE00073736573004E6F2073746174696320613E
:102EF00064647265737365732073746F72656420A4
:102F0000696E20636F6E74726F6C6C6572004361E2
:102F10006E27742073657420626F7468204944457D
:102F20004E544954592026204E52504100556E614E
:102F3000626C6520746F20736574206964656E74BB
:102F4000697479206164647265737300556E61629F
:102F50006C6520746F207365742072616E646F6D90
:102F600020616464726573730062745F6964005405
:102F70006F6F206269672061647665727469736936
:102F80006E672064617461004661696C65642074D9
:102F90006F207374617274206164766572746973F2
:102FA0006572004661696C656420746F2073746F8C
:102FB00070206164766572746973696E673A202562
:102FC000640062745F616476004661696C656420C8
:102FD000726561642072656D6F74652066656174E9
:102FE000757265732028256429005048592030786F
:102FF00025303278206E6F7420737570706F727424
:10300000656400556E6578706563746564206669F3
:10301000727374204C32434150206672616D6500BA
:10302000556E6578706563746564204C3243415019
:1030300020636F6E74696E756174696F6E004E6F98
:103040007420656E6F7567682062756666657220AC
:10305000737061636520666F72204C32434150206B
:103060006461746100556E65787065637465642091
:1030700041434C20666C61677320283078253032DC
:1030800078290041434C206C656E206D69736D6139
:1030900074636820282575203E2025752900287531
:1030A0006E6B6E6F776E29006E6F207472616E7337
:1030B0006974696F6E20257300496E76616C69646E
:1030C0002028257529206F6C642073746174650055
:1030D000636F6E6E202570206661696C6564207474
:1030E0006F2065737461626C6973682E205246208C
:1030F0006E6F6973653F006E6F2076616C69642046
:103100002825752920737461746520776173207395
:10311000657400696E636F6D70617469626C6520BF
:1031200068616E646C652025750054696D656F7506
:1031300074206469736361726465642E204E6F202D
:10314000626C6F636B696E6720696E207379737749
:10315000712E00466174616C206572726F72202856
:103160002564292E20446973636F6E6E65637469EC
:103170006E6720257000466F756E642076616C69FD
:103180006420636F6E6E656374696F6E20282570AE
:1031900029207769746820616464726573732025DF
:1031A0007320696E20257320737461746520005349
:1031B000656E64204C4520706172616D207570648D
:1031C000617465206661696C65642028657272208F
:1031D0002564290053656E64206175746F204C4529
:1031E00020706172616D2075706461746520666124
:1031F000696C656420286572722025642900646901
:1032000073636F6E6E656374656400646973636F86
:103210006E6E6563742D636F6D706C65746500739D
:1032200063616E2D6265666F72652D696E69746982
:103230006174696E6700696E6974696174696E674B
:103240002D66696C7465722D6C69737400616476A7
:103250002D636F6E6E65637461626C650061647688
:103260002D6469722D636F6E6E65637461626C6547
:1032700000646973636F6E6E656374696E67006284
:10328000745F636F6E6E00556E61626C6520746F63
:1032900020616C6C6F63617465206275666665722F
:1032A00020666F72206F7020307825303278004EA3
:1032B0006F20617661696C61626C65204C324341BC
:1032C0005020636F6E7465787420666F7220636F30
:1032D0006E6E20257000457870656374696E672096
:1032E00031207265662C20676F7420256400616C44
:1032F00072656164792068617665207669657720FA
:103300006F6E202570004C32434150206C656E6713
:103310007468206D69736D61746368202825752059
:10332000213D2025752900496E76616C696420690C
:1033300064656E742076616C756520696E204C3210
:103340004341502050445500496E76616C696420B9
:103350004C4520636F6E6E20706172616D207273D8
:10336000702073697A652028257520213D20257AF3
:1033700075290052656A656374696E6720756E6BA6
:103380006E6F776E204C324341502050445520637D
:103390006F64652030782530327800546F6F207369
:1033A0006D616C6C204C32434150207369676E61D3
:1033B0006C696E672050445500546F6F20736D61C7
:1033C0006C6C204C32434150205044552072656350
:1033D00065697665640049676E6F72696E6720641F
:1033E00061746120666F7220756E6B6E6F776E20F0
:1033F0006368616E6E656C204944203078253034F6
:103400007800636F6E6669670062745F6C32636137
:103410007000415454206368616E6E656C206E6F5D
:103420007420636F6E6E6563746564004572726FBD
:1034300072207369676E696E6720646174610052FF
:10344000616E206F7574206F662054582062756617
:1034500066657273206F7220636F6E746578747323
:103460002E004661696C656420746F207375626D0F
:103470006974206174745F74785F64657374726FCB
:10348000795F776F726B3A20256400556E61626CCC
:103490006520746F206372656174652065727220A7
:1034A0007273702050445500415454204D5455209F
:1034B00065786365656465642C206D617820257589
:1034C0002C2077616E74656420257A7500556E61D5
:1034D000626C6520746F2063726561746520636F30
:1034E0006E6669726D2050445500556E61626C6560
:1034F00020746F2063726561746520727370205050
:10350000445500546F6F20736D616C6C20415454AE
:103510002050445520726563656976656400556E78
:1035200068616E646C65642041545420636F646507
:103530002030782530327800496E76616C696420DD
:103540006C656E20257520666F7220636F64652040
:1035500030782530327800556E61626C6520746F6A
:103560002063726561746520555549443A2073693A
:103570007A6520257500556E61626C6520746F2038
:1035800063726561746520555549443A2073697AC0
:1035900065202564004E6F20617661696C61626C04
:1035A000652041545420636F6E7465787420666F93
:1035B0007220636F6E6E202570004E6F2061766101
:1035C000696C61626C6520415454206368616E6E61
:1035D000656C20666F7220636F6E6E202570004EE2
:1035E0006F7420636F6E6E656374656400556E6101
:1035F000626C6520746F2066696E642041545420AB
:103600006368616E6E656C00476F7420657272202E
:1036100025642C206E6F742063616C6C696E67206A
:10362000415454206362004661696C656420746F84
:103630002072652D7375626D69742025733A20259B
:1036400064004E6F20415454206368616E6E656C57
:1036500020666F72204D545520257A75004E6F20DC
:1036600070656E64696E672041545420726571758F
:1036700065737400446973636F6E6E656374696E1D
:1036800067206661696C6564202865727220256414
:1036900029004154542054696D656F757420666F1C
:1036A00072206465766963652025732E20446973F2
:1036B000636F6E6E656374696E672E2E2E00627482
:1036C0005F61747400756E61626C6520746F207345
:1036D0006176652053433A206E6F20636667206CE5
:1036E000656674004E6F20737061636520746F208F
:1036F00073746F72652043434320636667005265AD
:103700006164206D6574686F64206E6F74207365EA
:1037100074004661696C656420746F207265616431
:103720002061747472696275746520257020286543
:10373000727220257A642900496E76616C69642072
:1037400072656164206C656E6774683A20257A64DE
:1037500000434343202570206E6F74207772697494
:1037600061626C6500534320726573746F726520EB
:10377000696E6469636174696F6E206661696C6506
:10378000640042616420706565723A20415454209F
:10379000726561642D62792D75756964207273702C
:1037A0003A20696E76616C6964204154545220500D
:1037B0004455206C656E20257500496E76616C69F4
:1037C000642068616E646C650042616420706565A8
:1037D000723A2041545420726561642D62792D75CE
:1037E000756964207273703A2048616E646C65205C
:1037F000307825303478206973206F75747369646C
:1038000065207265717565737465642072616E6799
:1038100065203078253034782D3078253034782E76
:103820002041626F7274696E6720726561642E0058
:103830004661696C656420746F20756E7375627380
:1038400063726962652028657272202564290049C7
:103850006E76616C69642064617461206C656E20B1
:103860002575203E2025750062745F6761747400C1
:103870004E6F20617661696C61626C6520534D50BA
:1038800020636F6E7465787420666F7220636F6E4C
:103890006E2025700062745F736D700072657375C1
:1038A0006D650053707572696F757320257320659F
:1038B00076656E740065702030782530327820612E
:1038C0006C726561647920656E61626C6564004547
:1038D0006E64706F696E742030782530327820768F
:1038E000616C69646174696F6E206661696C65649E
:1038F0000065702030782530327820616C72656107
:1039000064792064697361626C656400657020305D
:103910007825303278206973206E6F742068616C6E
:103920007465647C64697361626C65640046616996
:103930006C656420746F20616C6C6F6361746520CA
:103940006E65745F62756620257A642C2065702030
:10395000307825303278007564630073687574645C
:103960006F776E00496E697469616C697A6564008D
:10397000556E6B6E6F776E20706F7765722065760F
:10398000656E7420256400507265696E69740075F7
:1039900064635F6E726678004661696C656420746A
:1039A0006F20726567697374657220656E64706FED
:1039B000696E740053555350454E442073746174BE
:1039C0006520646574656374656400524553554DA4
:1039D000494E472066726F6D2073757370656E6413
:1039E0000052656D6F74652077616B657570206935
:1039F0006E69746961746564006570203078253083
:103A0000327820717565756520697320656D7074F5
:103A10007900657020307825303278206F6B2C204B
:103A2000717565756520697320656D7074790046E0
:103A300061696C656420746F2064697361626C6590
:103A400020636F6E74726F6C20656E64706F696E48
:103A500074004661696C656420746F2073746F70C4
:103A6000204846584F2025640052657365740062F3
:103A7000756666657220746F6F20736D616C6C3A49
:103A800020723A2025752C206C3A2025750046615D
:103A9000696C656420746F20656E61626C6520637B
:103AA0006F6E74726F6C20656E64706F696E7400F7
:103AB0004661696C656420746F2073746172742050
:103AC0004846584F20256400757362644034303096
:103AD0003237303030007564635F6E7266006E722C
:103AE000665F757362645F636F6D6D6F6E00636CAC
:103AF0006F636B4034303030303030300068666394
:103B00006C6B006C66636C6B00636C6F636B5F6304
:103B10006F6E74726F6C0072616E646F6D403430E2
:103B2000303064303030006770696F40353030308D
:103B300030333030006770696F40353030303030AE
:103B40003030004750494F20706F72743A2025730F
:103B5000206E6F74207265616479006C736D3664D9
:103B6000733374722D632D656E006D736D32363153
:103B70006433353236686963706D2D632D656E0070
:103B8000726567756C61746F725F666978656400F1
:103B90004661696C656420746F20616C6C6F636151
:103BA000746520505049204368616E6E656C0075E5
:103BB00061727440343030303230303000756172B0
:103BC000745F6E7266785F75617274650048616CCF
:103BD00074696E672073797374656D00556E6B6ED2
:103BE0006F776E206572726F72003E3E3E205A45BE
:103BF0005048595220464154414C204552524F5250
:103C00002025643A202573206F6E204350552025CF
:103C100064004661756C7420647572696E67206912
:103C20006E746572727570742068616E646C696E12
:103C3000670A0043757272656E74207468726561FC
:103C4000643A2025702028257329004350552065AB
:103C50007863657074696F6E00556E68616E646C30
:103C6000656420696E746572727570740053746156
:103C7000636B206F766572666C6F77004B65726E52
:103C8000656C206F6F7073004B65726E656C207091
:103C9000616E6963006D61696E006F7300737973A3
:103CA000776F726B71002A2A2A20426F6F74696ED7
:103CB00067205A6570687972204F53206275696C6D
:103CC000642076342E342E302D313333362D673741
:103CD0003963653830653733633330202A2A2A0A3E
:103CE000006E616E00286E756C6C29000000020188
:103CF000020000010000206D657373616765732029
:103D000064726F70706564202D2D2D0D0A1B5B3061
:103D10006D001B5B313B33316D2D2D2D2000465343
:103D200020436F6E66696775726174696F6E0043D8
:103D300044432041434D2073657269616C20626188
:103D4000636B656E64005A65706879722050726F9B
:103D50006A6563740030313233343536373839416F
:103D600042434445460000FFFFFFFFFFFF00000005
:103D700000000000FFFFFFFFFFFF00000000000049
:103D800030313233343536373839616263646566D1
:103D9000000000000000001000800000805F9B34E5
:103DA000FB0104000200000002000000000000000F
:103DB00005000000000000000000000000000000FE
:103DC000050102046174745F74785F6465737472D2
:103DD0006F795F776F726B5F68616E646C6572009C
:103DE000029ECADC240EE5A9E093F3A3B5020040CD
:103DF0006E029ECADC240EE5A9E093F3A3B502008F
:103E0000406E029ECADC240EE5A9E093F3A3B5033D
:103E100000406E029ECADC240EE5A9E093F3A3B530
:103E20000300406E029ECADC240EE5A9E093F3A3D2
:103E3000B50100406E0001020304050607002030B2
:103E400030303030303030303030303030000109F8
:0C3E50000000000D010203040506070835
:103E5C0000000000E5CF020000000000000100009F
:103E6C000000000000000000000000000000000046
:103E7C000000000000000000000000000000000036
:103E8C002CCC040000C2010000000800000000005F
:103E9C000000000000000000000000000000000016
:103EAC000000000000000000000000000000000006
:103EBC0000000000DC03002000000000BC03002018
:103ECC0000000000000000000000000000000000E6
:103EDC0000000000000000000000000000000000D6
:103EEC0000000000000000000000000000000000C6
:103EFC0000000000000000000000000000000000B6
:103F0C00000000000000000000000000BC000020C9
:103F1C00BC000020000000000100000000000000B8
:103F2C000000000000000000000000000000000085
:103F3C000000000000000000000000000000000075
:103F4C000000000000000000000000000000000065
:103F5C000000000000000000000000000000000055
:103F6C000000000000000000000000000000000045
:103F7C000000000000000000000000000000000035
:103F8C000000000000000000000000000000000025
:103F9C000000000000000000000000000000000015
:103FAC000000000000000000000000000000000005
:103FBC0000000000000000000000000000000000F5
:103FCC0000000000000000000000000000000000E5
:103FDC0000000000000000000000000000000000D5
:103FEC000000000000000000FDE9020000000000DD
:103FFC0000000000000000000000000000000000B5
:10400C0000000000000000000000000000000000A4
:10401C000000000000000000000000000000000094
:10402C000000000000000000000000000000000084
:10403C000000000000000000000000000000000074
:10404C000000000000000000000000000000000064
:10405C000000000000000000000000000000000054
:10406C0000000000000000000000000080CC0400F4
:10407C001F00000000000000FFFFFFFFFF1F0000FB
:10408C0033050000000000008990020000000000D1
:10409C0000000000B59302006C2802200000000014
:1040AC000000000000000000000000000000000004
:1040BC000000000000400000156B0400A973040010
:1040CC00D4D404000000000000000000940700207D
:1040DC008C02002000000000000000000000000026
:1040EC000000000000040100000000001E3D06005E
:1040FC002203000000000000000000000003030089
:10410C0000000000000000000003000000000000A0
:10411C000000000000020100000000002F3D06001E
:10412C002E03000000000000000000000001010050
:10413C0000000000463D06001E03000000000000C9
:10414C00000000000000000000000000A0180600A5
:10415C0004030000A618060000000200B2180600B6
:10416C0000000200BE180600000002000000000063
:10417C008177040000000000000000000060004097
:10418C000000000000000000000000000000000023
:10419C000000000000000000000000000000000013
:1041AC000000000000000000000000000000000003
:1041BC0000000000000000000000000000000000F3
:1041CC0000000000000000000000000000000000E3
:1041DC0000000000000000000000000000000000D3
:1041EC0000000000000000000000000000000000C3
:1041FC0000000000000000000000000000000000B3
:10420C000000000000000000000000006C680220AC
:10421C000000000000000000000000000000000092
:10422C000000000000000000000400006C6C022084
:10423C000000000000000000000000000000000072
:10424C00000000000000000000040000931F0600A6
:10425C00000000003C040020000000002CCC0400F6
:10426C00AF070020B7070020C0070020C5070020BB
:10427C00CA070020CE070020D3070020DA07002051
:10428C00E3070020EA070020F107002000000000EF
:10429C00DD860400D9D0020039D102005589040012
:1042AC007D8704008388040000000000338C040028
:1042BC006B8804000588040000000000DF86040001
:1042CC000000000059EC020000000000000000009B
:1042DC0000000000ADD9020000000000000000004A
:1042EC0000000000B5FC020000000000000000000F
:1042FC000000000085F70200000000000000000034
:10430C006C700220000000026C700220390C03005B
:10431C00511E03000000000000000000000000001F
:10432C00C90E0300C79B0400919C0400190C0300E8
:10433C000000000000000000551B030000000000FE
:10434C0000000000D618060000002000000000004D
:10435C00000000000000000000000000B7A10400F5
:10436C0000000000F13D060000000C000000000001
:10437C00000000000000000065A504000000000023
:10438C0000000000133E06000000100000000000BA
:10439C00B895002000000000355703000000000015
:1043AC00C095002000000000A14B0300000000009D
:1043BC00C895002000000000D1C5030000000000DB
:1043CC00D095002000000000C5480300000000004C
:1043DC0050A50020000000001DCF030000000000CD
:1043EC0058A5002000000000D1C50300000000000B
:1043FC0060A5002000000000B16C0300000000006C
:10440C00D4A5002000000000DD73030000000000B4
:10441C00DCA5002000000000D1C503000000000056
:10442C00E4A50020000000008975030000000000D6
:10443C00ECA5002000000000B97D03000000000086
:10444C0074B1002000000000C4B100200000000086
:10445C0064B200200000000014B300200000000033
:10446C0031D903000000000024B30020000000003C
:10447C00F5C203000000000044B30020000000005F
:10448C00D1C503000000000054B70020000000005C
:10449C00393C0300000000004CB700200000000075
:1044AC00393C03000000000044B70020000000006D
:1044BC0065380300000000003CB70020000000003D
:1044CC00393C03000000000034B70020000000005D
:1044DC0065380300000000002CB70020000000002D
:1044EC00393C030000000000000000000000000048
:1044FC0000000000000000000000000000000000B0
:10450C00000000000000000000000000000000009F
:10451C00000000000000000000000000000000008F
:10452C00000000000000000000000000000000007F
:10453C00000000000000000000000000000000006F
:10454C00000000000000000000000000000000005F
:10455C00000000000000000000000000000000004F
:10456C0000000000000000001807002018070020C1
:10457C0000000000000000000E0000000000000021
:10458C00000000000000000000000000000000001F
:10459C000000000000000000580700200000000090
:1045AC0000000000000000000000000000000000FF
:1045BC00AE60012020000000000000000090D0033D
:1045CC00FF00000090020000780700207807002010
:1045DC00F4009ECADC240EE5A9E093F3A3B5010018
:1045EC00406E060109020000000100807D120100EE
:1045FC0002EF020140E32F04000404000000000855
:10460C000B0002020200000904000001020200007B
:10461C0005240010010524010001042402020524D4
:10462C000600010705810310000A09040100020AB3
:10463C00000000070582024000000705010240004F
:03464C000000006B
:10464F00000000000000000000000000000000005B
:05465F00000000000056
:104664000000000000000000000000000000000046
:104674000000000000000000000000000000000036
:104684000000000000000000000000000000000026
:0846940000000000000000001E
:04469C00000000001A
:1046A0004408002044080020301D022000000000C3
:1046B000010000002C000000000000006008002045
:1046C0006008002000B1012000000000010000008F
:1046D000A0000000000000007C0800207C080020F2
:1046E0005C1D0220000000000A0000001000000015
:1046F00000000000980800209808002064D20120E3
:104700000000000008000000100000000000000091
:1047100000000000A0B101204C20000000000000BB
:1047200000000000000000002C2202200004000015
:08473000000000000000000081
:10473800DC080020DC0800200C0000000A00000053
:10474800ECD1012064D20120ECD10120ECD1012070
:08475800000000000000000059
:10476000040900200409002000000000FFFFFFFFF3
:1047700014090020140900200100000001000000BD
:10478000240900202409002000000000FFFFFFFF93
:10479000340900203409002000000000010000005E
:1047A000440900204409002000000000FFFFFFFF33
:1047B00054090020540900200000000001000000FE
:0C47C000640900206409002000000000D3
:1047CC00000000000000000078090020780900209B
:0847DC00800900208009002083
:1047E4000000000000000000900900209009002053
:1047F4000A000A0010000000000000003CD704007A
:10480400C80502200000000000000000B4090020D8
:10481400B40900200A000A0010000000B50B0300D0
:1048240068D80400A01B0220000000000000000063
:10483400D8090020D809002003000300000000006C
:1048440000000000F4D5040020EF01200000000067
:1048540000000000FC090020FC0900200100010008
:104864001000000039F7020028D7040044F10120A9
:104874000000000000000000200A0020200A0020A0
:10488400020002000000000000000000F0D6040056
:1048940014F101200000000000000000440A002080
:1048A400440A00200D000D00040000008DD3020016
:1048B400E0D5040028ED0120000000000000000005
:1048C400680A0020680A00200200020004000000B8
:1048D400000000007CD80400F42102200000000045
:1048E400000000008C0A00208C0A00200100010056
:1048F400000000000000000008D604006CF0012055
:104904000000000000000000B00A0020B00A0020EF
:10491400100010000A00000003A6040094DD040047
:044924002C2602201B
:08492800D4CF040030940020FC
:104930009D1F0600000000000000000000000000B5
:1049400000000000000000009CCC040000000000FB
:104950000000000000000000000000000000000057
:104960000000000000000000000000000000000047
:104970000000000000000000000000000000000037
:104980000000000000000000000000000000000027
:104990000000000000000000000000000000000017
:0C49A0009D070020000000000000000047
:1049AC0000000000FC0300200000000000000000DC
:0849BC000000000000000000F3
:0449C40015E015E005
:040000032000B965BB
:00000001FF
