/*
 * heart_model.h
 * Auto-generated from trial_126_int8.tflite (16768 bytes)
 * DO NOT EDIT BY HAND.
 */

#ifndef G_HEART_MODEL_DATA_H
#define G_HEART_MODEL_DATA_H

#ifdef __cplusplus
extern "C" {
#endif

/* 8-byte alignment is required by TFLite Micro for the flatbuffer. */
#if defined(__GNUC__) || defined(__clang__)
const unsigned char g_heart_model_data[] __attribute__((aligned(8))) = {
#else
alignas(8) const unsigned char g_heart_model_data[] = {
#endif
  0x20, 0x00, 0x00, 0x00, 0x54, 0x46, 0x4c, 0x33, 0x00, 0x00, 0x00, 0x00,
  0x14, 0x00, 0x20, 0x00, 0x1c, 0x00, 0x18, 0x00, 0x14, 0x00, 0x10, 0x00,
  0x0c, 0x00, 0x00, 0x00, 0x08, 0x00, 0x04, 0x00, 0x14, 0x00, 0x00, 0x00,
  0x1c, 0x00, 0x00, 0x00, 0x94, 0x00, 0x00, 0x00, 0xec, 0x00, 0x00, 0x00,
  0xf0, 0x26, 0x00, 0x00, 0x00, 0x27, 0x00, 0x00, 0xe8, 0x40, 0x00, 0x00,
  0x03, 0x00, 0x00, 0x00, 0x01, 0x00, 0x00, 0x00, 0x10, 0x00, 0x00, 0x00,
  0x00, 0x00, 0x0a, 0x00, 0x10, 0x00, 0x0c, 0x00, 0x08, 0x00, 0x04, 0x00,
  0x0a, 0x00, 0x00, 0x00, 0x0c, 0x00, 0x00, 0x00, 0x1c, 0x00, 0x00, 0x00,
  0x3c, 0x00, 0x00, 0x00, 0x0f, 0x00, 0x00, 0x00, 0x73, 0x65, 0x72, 0x76,
  0x69, 0x6e, 0x67, 0x5f, 0x64, 0x65, 0x66, 0x61, 0x75, 0x6c, 0x74, 0x00,
  0x01, 0x00, 0x00, 0x00, 0x04, 0x00, 0x00, 0x00, 0x94, 0xff, 0xff, 0xff,
  0x1c, 0x00, 0x00, 0x00, 0x04, 0x00, 0x00, 0x00, 0x0a, 0x00, 0x00, 0x00,
  0x62, 0x70, 0x6d, 0x5f, 0x6f, 0x75, 0x74, 0x70, 0x75, 0x74, 0x00, 0x00,
  0x01, 0x00, 0x00, 0x00, 0x04, 0x00, 0x00, 0x00, 0xa6, 0xd9, 0xff, 0xff,
  0x04, 0x00, 0x00, 0x00, 0x0a, 0x00, 0x00, 0x00, 0x6d, 0x66, 0x63, 0x63,
  0x5f, 0x69, 0x6e, 0x70, 0x75, 0x74, 0x00, 0x00, 0x02, 0x00, 0x00, 0x00,
  0x34, 0x00, 0x00, 0x00, 0x04, 0x00, 0x00, 0x00, 0xdc, 0xff, 0xff, 0xff,
  0x1f, 0x00, 0x00, 0x00, 0x04, 0x00, 0x00, 0x00, 0x13, 0x00, 0x00, 0x00,
  0x43, 0x4f, 0x4e, 0x56, 0x45, 0x52, 0x53, 0x49, 0x4f, 0x4e, 0x5f, 0x4d,
  0x45, 0x54, 0x41, 0x44, 0x41, 0x54, 0x41, 0x00, 0x08, 0x00, 0x0c, 0x00,
  0x08, 0x00, 0x04, 0x00, 0x08, 0x00, 0x00, 0x00, 0x1e, 0x00, 0x00, 0x00,
  0x04, 0x00, 0x00, 0x00, 0x13, 0x00, 0x00, 0x00, 0x6d, 0x69, 0x6e, 0x5f,
  0x72, 0x75, 0x6e, 0x74, 0x69, 0x6d, 0x65, 0x5f, 0x76, 0x65, 0x72, 0x73,
  0x69, 0x6f, 0x6e, 0x00, 0x20, 0x00, 0x00, 0x00, 0x00, 0x26, 0x00, 0x00,
  0xf8, 0x25, 0x00, 0x00, 0xe0, 0x25, 0x00, 0x00, 0xc4, 0x25, 0x00, 0x00,
  0xa4, 0x25, 0x00, 0x00, 0x54, 0x25, 0x00, 0x00, 0x44, 0x21, 0x00, 0x00,
  0x34, 0x20, 0x00, 0x00, 0x24, 0x1a, 0x00, 0x00, 0xb4, 0x19, 0x00, 0x00,
  0x24, 0x0c, 0x00, 0x00, 0xd4, 0x0b, 0x00, 0x00, 0xc4, 0x0a, 0x00, 0x00,
  0x74, 0x0a, 0x00, 0x00, 0x64, 0x09, 0x00, 0x00, 0x14, 0x09, 0x00, 0x00,
  0x04, 0x04, 0x00, 0x00, 0xb4, 0x03, 0x00, 0x00, 0xe4, 0x00, 0x00, 0x00,
  0xdc, 0x00, 0x00, 0x00, 0xd4, 0x00, 0x00, 0x00, 0xcc, 0x00, 0x00, 0x00,
  0xc4, 0x00, 0x00, 0x00, 0xbc, 0x00, 0x00, 0x00, 0xb4, 0x00, 0x00, 0x00,
  0xac, 0x00, 0x00, 0x00, 0xa4, 0x00, 0x00, 0x00, 0x9c, 0x00, 0x00, 0x00,
  0x94, 0x00, 0x00, 0x00, 0x8c, 0x00, 0x00, 0x00, 0x6c, 0x00, 0x00, 0x00,
  0x04, 0x00, 0x00, 0x00, 0x9e, 0xda, 0xff, 0xff, 0x04, 0x00, 0x00, 0x00,
  0x58, 0x00, 0x00, 0x00, 0x0c, 0x00, 0x00, 0x00, 0x08, 0x00, 0x0e, 0x00,
  0x08, 0x00, 0x04, 0x00, 0x08, 0x00, 0x00, 0x00, 0x10, 0x00, 0x00, 0x00,
  0x28, 0x00, 0x00, 0x00, 0x00, 0x00, 0x06, 0x00, 0x08, 0x00, 0x04, 0x00,
  0x06, 0x00, 0x00, 0x00, 0x04, 0x00, 0x00, 0x00, 0x01, 0x00, 0x00, 0x00,
  0xeb, 0x03, 0x00, 0x00, 0x00, 0x00, 0x0a, 0x00, 0x10, 0x00, 0x0c, 0x00,
  0x08, 0x00, 0x04, 0x00, 0x0a, 0x00, 0x00, 0x00, 0x02, 0x00, 0x00, 0x00,
  0x02, 0x00, 0x00, 0x00, 0x04, 0x00, 0x00, 0x00, 0x06, 0x00, 0x00, 0x00,
  0x32, 0x2e, 0x31, 0x33, 0x2e, 0x31, 0x00, 0x00, 0x02, 0xdb, 0xff, 0xff,
  0x04, 0x00, 0x00, 0x00, 0x10, 0x00, 0x00, 0x00, 0x31, 0x2e, 0x31, 0x34,
  0x2e, 0x30, 0x00, 0x00, 0x00, 0x00, 0x00, 0x00, 0x00, 0x00, 0x00, 0x00,
  0xe4, 0xc1, 0xff, 0xff, 0xe8, 0xc1, 0xff, 0xff, 0xec, 0xc1, 0xff, 0xff,
  0xf0, 0xc1, 0xff, 0xff, 0xf4, 0xc1, 0xff, 0xff, 0xf8, 0xc1, 0xff, 0xff,
  0xfc, 0xc1, 0xff, 0xff, 0x00, 0xc2, 0xff, 0xff, 0x04, 0xc2, 0xff, 0xff,
  0x08, 0xc2, 0xff, 0xff, 0x0c, 0xc2, 0xff, 0xff, 0x4a, 0xdb, 0xff, 0xff,
  0x04, 0x00, 0x00, 0x00, 0xc0, 0x02, 0x00, 0x00, 0xb0, 0xfc, 0x11, 0xd1,
  0xab, 0xf8, 0xf8, 0xf9, 0x85, 0xdf, 0xe9, 0xe4, 0xdb, 0xe6, 0xf7, 0xe3,
  0xf4, 0x06, 0xde, 0x05, 0x24, 0x23, 0xe5, 0xed, 0x7f, 0x09, 0x2a, 0xeb,
  0x61, 0x0a, 0x1d, 0xf6, 0x49, 0x0d, 0x19, 0x22, 0x2c, 0xe0, 0x23, 0x14,
  0x07, 0xec, 0x0f, 0x40, 0x5c, 0xf3, 0x5e, 0xf4, 0x60, 0xc4, 0x79, 0xe7,
  0x3f, 0xbc, 0x65, 0xfe, 0x42, 0xb1, 0x67, 0xe7, 0x4e, 0xd3, 0x56, 0x0f,
  0xe8, 0xa5, 0x5a, 0xb7, 0xf1, 0xc7, 0x50, 0xe2, 0xa6, 0xba, 0x44, 0xe6,
  0xd2, 0xc7, 0x3d, 0xc8, 0xd2, 0xb7, 0x5e, 0xd0, 0x81, 0xd3, 0xf1, 0xf7,
  0xf3, 0xd2, 0xc0, 0x2f, 0x15, 0xf4, 0xea, 0x01, 0x29, 0xd1, 0xc1, 0x4c,
  0xb4, 0xd1, 0x00, 0x1a, 0xcb, 0xe8, 0xf2, 0xd3, 0xe2, 0xdc, 0x46, 0xd2,
  0xe9, 0xf1, 0x1e, 0x3f, 0xf8, 0xfa, 0xf5, 0x81, 0xfe, 0xeb, 0x53, 0x49,
  0x13, 0xe7, 0xf5, 0x22, 0xf2, 0x0a, 0x2d, 0xf5, 0xdc, 0x07, 0xea, 0xf6,
  0xee, 0x05, 0x00, 0x02, 0xe6, 0xfa, 0x0a, 0xf2, 0xbd, 0xef, 0x14, 0xd9,
  0xc0, 0xfb, 0x07, 0xfd, 0xb0, 0xf1, 0xfc, 0x1d, 0xed, 0x0c, 0xef, 0xfa,
  0x1c, 0x06, 0x08, 0x0d, 0x28, 0x02, 0x14, 0xec, 0x64, 0x06, 0x19, 0xce,
  0x7f, 0xe8, 0x50, 0xda, 0x3c, 0x10, 0x1b, 0x02, 0x7f, 0x10, 0x29, 0x01,
  0x72, 0x00, 0x2c, 0x1b, 0x7d, 0xfd, 0x28, 0x08, 0x66, 0xe3, 0x31, 0x24,
  0x70, 0xad, 0x2f, 0x36, 0x4d, 0xf1, 0x0d, 0x3f, 0x2b, 0xe6, 0x09, 0x40,
  0x1e, 0x09, 0x18, 0x3c, 0x00, 0xf8, 0x36, 0x1e, 0xd9, 0x13, 0xdc, 0x32,
  0xa8, 0x0b, 0x15, 0x1e, 0x81, 0x4a, 0x09, 0x1f, 0xa4, 0x2c, 0xfe, 0x1c,
  0xa6, 0x4d, 0xe1, 0x16, 0xa7, 0x44, 0xf2, 0x16, 0xe1, 0xee, 0x2d, 0xf8,
  0xe8, 0x05, 0x0e, 0xfd, 0xdc, 0x17, 0x12, 0x07, 0x1c, 0xd5, 0x29, 0xf8,
  0x25, 0x03, 0x1d, 0x22, 0x24, 0x10, 0x06, 0x1f, 0xee, 0xfa, 0x4c, 0xf2,
  0xe9, 0x5b, 0xcd, 0x0b, 0xcd, 0x2b, 0x46, 0x63, 0x03, 0x7f, 0x93, 0x43,
  0xec, 0x22, 0x59, 0x36, 0xdc, 0x64, 0xd4, 0x3e, 0x32, 0x6e, 0x24, 0x4c,
  0x13, 0x79, 0xaf, 0x03, 0xe5, 0x23, 0x32, 0x23, 0x2b, 0x32, 0xfb, 0x03,
  0x02, 0x1b, 0x29, 0x16, 0x00, 0x1b, 0xcf, 0xeb, 0x4a, 0x07, 0xf7, 0x87,
  0xab, 0xa6, 0x12, 0x42, 0x23, 0x15, 0xd6, 0xc6, 0x07, 0xd9, 0xc6, 0x4c,
  0x11, 0x10, 0xeb, 0xf0, 0xa9, 0x81, 0x2e, 0x3e, 0x03, 0x35, 0xe0, 0xd9,
  0xdb, 0xa7, 0x43, 0xdd, 0xe4, 0xf6, 0xf7, 0xee, 0xb7, 0xd7, 0xb8, 0x62,
  0xd3, 0xf7, 0xc4, 0x0b, 0xe0, 0xf5, 0xfd, 0xfe, 0xb0, 0xd2, 0x25, 0x23,
  0xe6, 0xe8, 0x12, 0xef, 0xb4, 0xfd, 0xee, 0x14, 0xe9, 0xfb, 0xd6, 0x00,
  0xe5, 0xf2, 0xe9, 0xf0, 0x53, 0x0a, 0xfd, 0xdd, 0x4a, 0x10, 0xe3, 0xda,
  0x4e, 0xe8, 0x07, 0xec, 0x7f, 0x14, 0x00, 0x00, 0xae, 0xc5, 0xf9, 0x08,
  0xc3, 0xec, 0xea, 0xdd, 0x2b, 0xe5, 0x20, 0xbb, 0xf0, 0x00, 0x08, 0xcf,
  0x2c, 0x0b, 0xfa, 0xac, 0x06, 0xbf, 0xe9, 0xda, 0xd4, 0xf6, 0xd5, 0xcd,
  0x8e, 0x9c, 0xd7, 0xf6, 0x81, 0xec, 0xad, 0xa7, 0x9a, 0xe7, 0xf4, 0x2d,
  0xbe, 0xd5, 0xe6, 0x81, 0x9b, 0xed, 0xe1, 0xfd, 0xf1, 0xe8, 0xe0, 0xf4,
  0xa9, 0x14, 0xdc, 0xe7, 0xbf, 0x33, 0xb3, 0xe9, 0x81, 0x1d, 0xa0, 0xe7,
  0xb4, 0x60, 0x9d, 0xdc, 0xc6, 0x17, 0xe8, 0xd5, 0xbb, 0x04, 0xfc, 0xd9,
  0xe6, 0xd7, 0x04, 0x01, 0xd7, 0x00, 0xd9, 0x2b, 0xe3, 0x0c, 0xcc, 0xcf,
  0x3c, 0xb3, 0xe4, 0x35, 0x3c, 0xd7, 0xbc, 0x32, 0xed, 0x81, 0xde, 0x1d,
  0x14, 0x99, 0xcf, 0xe5, 0x41, 0xf8, 0xbe, 0xe5, 0xdf, 0xb3, 0xfa, 0x2c,
  0xec, 0xcd, 0xe6, 0xf1, 0xfb, 0xf4, 0xe9, 0xdd, 0x95, 0xcd, 0xe3, 0x07,
  0x90, 0xf4, 0xda, 0x0f, 0xbd, 0xf1, 0xd8, 0xdb, 0x04, 0x34, 0x0c, 0xaf,
  0xfc, 0x5f, 0xe5, 0x81, 0x02, 0x6c, 0x03, 0x85, 0x19, 0x31, 0x19, 0xb0,
  0x4a, 0xef, 0x60, 0x83, 0x75, 0xc1, 0x1b, 0x0a, 0x5d, 0xbd, 0x52, 0xc8,
  0x46, 0x95, 0x0b, 0x0f, 0x55, 0xc8, 0x1a, 0xe0, 0x72, 0xec, 0xee, 0xfb,
  0x35, 0x16, 0xd9, 0xe2, 0xe9, 0xd8, 0x6c, 0xbf, 0xf0, 0x0d, 0x59, 0xb5,
  0xeb, 0x0e, 0x7f, 0xdf, 0xf3, 0x1f, 0x0e, 0xc9, 0xf2, 0x2b, 0x49, 0xf8,
  0x0f, 0x27, 0x5a, 0x23, 0xf5, 0x46, 0x27, 0xc3, 0x02, 0x52, 0x25, 0x0b,
  0x0e, 0x57, 0x29, 0xd0, 0xfb, 0x43, 0x00, 0xf0, 0x1f, 0x4c, 0x2f, 0xf4,
  0xe2, 0xeb, 0x09, 0xd9, 0x08, 0xd9, 0xf8, 0x53, 0x0c, 0xcd, 0x15, 0x12,
  0x13, 0xee, 0xd2, 0x17, 0x24, 0xc0, 0x09, 0x7f, 0x0f, 0xd9, 0x4a, 0xf5,
  0xd5, 0xff, 0xfc, 0xba, 0xef, 0xf2, 0x3b, 0xf9, 0x32, 0xed, 0x20, 0xcc,
  0x0f, 0x1d, 0xe6, 0xcd, 0x4e, 0xe4, 0x2c, 0x04, 0xaf, 0xfe, 0xd9, 0xdd,
  0xe8, 0x16, 0xd1, 0xde, 0x43, 0x16, 0x18, 0xe0, 0x7f, 0x1d, 0x28, 0xc6,
  0x78, 0x24, 0x26, 0xde, 0x3c, 0x00, 0x3a, 0xf1, 0x35, 0x04, 0x19, 0x19,
  0x2b, 0xf6, 0x2f, 0x38, 0xec, 0xe3, 0x0d, 0x23, 0xc4, 0xe4, 0x02, 0x36,
  0xd2, 0xec, 0xfb, 0x24, 0x16, 0xde, 0xff, 0xff, 0x04, 0x00, 0x00, 0x00,
  0x40, 0x00, 0x00, 0x00, 0x0e, 0x00, 0x00, 0x00, 0x9c, 0xfe, 0xff, 0xff,
  0x37, 0x00, 0x00, 0x00, 0xea, 0x01, 0x00, 0x00, 0xce, 0x02, 0x00, 0x00,
  0xd4, 0xfe, 0xff, 0xff, 0xc8, 0x00, 0x00, 0x00, 0xc6, 0x00, 0x00, 0x00,
  0x97, 0x02, 0x00, 0x00, 0x3f, 0x09, 0x00, 0x00, 0x91, 0x02, 0x00, 0x00,
  0x5a, 0x08, 0x00, 0x00, 0x9d, 0xfd, 0xff, 0xff, 0x59, 0xfa, 0xff, 0xff,
  0x40, 0x01, 0x00, 0x00, 0x88, 0xff, 0xff, 0xff, 0x62, 0xde, 0xff, 0xff,
  0x04, 0x00, 0x00, 0x00, 0x00, 0x05, 0x00, 0x00, 0xd0, 0x08, 0xbd, 0xfc,
  0xdb, 0x17, 0xd9, 0xd8, 0x1b, 0x0d, 0xf3, 0xf3, 0xdc, 0xc0, 0x1e, 0xa8,
  0xc6, 0x08, 0x2e, 0xfd, 0xe8, 0xd9, 0x36, 0x0f, 0xaa, 0x11, 0x1f, 0xb5,
  0xc6, 0xfb, 0x2c, 0xba, 0xd0, 0xe0, 0x00, 0x96, 0xce, 0xf0, 0xc5, 0xf9,
  0x30, 0xcc, 0xfd, 0xf8, 0xf4, 0x53, 0x32, 0xa9, 0xa2, 0x52, 0x2e, 0xce,
  0xac, 0xd9, 0xd6, 0xdd, 0xda, 0x49, 0x38, 0x54, 0x92, 0xc8, 0x2d, 0x8b,
  0xd8, 0xf9, 0xe9, 0xfe, 0x81, 0x13, 0xc6, 0x4a, 0x19, 0x3d, 0xe2, 0x11,
  0xee, 0xd6, 0x24, 0xe9, 0x89, 0x34, 0xe3, 0xba, 0x82, 0x0a, 0xab, 0xb0,
  0xee, 0xcb, 0xe5, 0xe0, 0x10, 0x2c, 0xda, 0xc5, 0xf9, 0x27, 0xf1, 0x02,
  0x9b, 0xf1, 0x10, 0x0f, 0xdd, 0xe8, 0xf9, 0xb3, 0x15, 0x4d, 0xf0, 0xff,
  0x0e, 0x4e, 0xbf, 0x34, 0xa2, 0xf5, 0xd3, 0xfb, 0xfd, 0x23, 0xed, 0xbc,
  0x2e, 0x19, 0xc0, 0x37, 0x27, 0x6d, 0xf4, 0x8b, 0xb5, 0x1f, 0x0c, 0xec,
  0xa2, 0xb2, 0x81, 0x95, 0xf3, 0x1d, 0xea, 0xeb, 0x01, 0x3f, 0x3c, 0xb3,
  0xfb, 0x38, 0xbc, 0xb1, 0xcf, 0x23, 0xc3, 0xca, 0xe3, 0xd7, 0x2e, 0x03,
  0xc1, 0x1d, 0xd6, 0xbf, 0xf7, 0x14, 0xd1, 0xe6, 0x2a, 0x23, 0x25, 0xef,
  0x94, 0xc7, 0x01, 0xbb, 0xcb, 0xc9, 0x77, 0xc0, 0xde, 0x36, 0xe1, 0xf4,
  0x14, 0x47, 0xfe, 0x61, 0xd1, 0xb9, 0x38, 0x81, 0xb9, 0x86, 0xde, 0x30,
  0x3d, 0xc7, 0x1d, 0xdd, 0xf5, 0xeb, 0xff, 0x41, 0x0a, 0xf2, 0xb0, 0x1d,
  0x0b, 0x0e, 0xb5, 0x47, 0x0d, 0x37, 0xda, 0x3f, 0xe2, 0xd5, 0x1c, 0x33,
  0xcb, 0xef, 0xfd, 0x9d, 0x6c, 0xf9, 0x16, 0x2a, 0xb8, 0x16, 0xd4, 0xfa,
  0x09, 0x19, 0x9f, 0x04, 0x19, 0xe5, 0x43, 0xae, 0xe5, 0x2c, 0xd7, 0xc8,
  0x02, 0xff, 0x08, 0x09, 0x08, 0x19, 0xbf, 0xcf, 0x02, 0x28, 0x36, 0xfa,
  0xcf, 0x0f, 0x21, 0xf9, 0x21, 0x03, 0xfe, 0xf5, 0xb7, 0xcf, 0x0d, 0xdb,
  0xae, 0x81, 0x25, 0xee, 0xee, 0xf5, 0xe1, 0xd7, 0x09, 0xe1, 0xdb, 0xe7,
  0xd2, 0x26, 0x11, 0x24, 0xde, 0x38, 0x0f, 0xec, 0xbf, 0xf3, 0x18, 0xf0,
  0xe3, 0xd8, 0xf8, 0x1f, 0xde, 0xf9, 0x10, 0x00, 0x2b, 0x2d, 0xec, 0xf7,
  0x81, 0x3c, 0x23, 0xdc, 0xe1, 0xd3, 0xfa, 0xe1, 0xc9, 0x21, 0x55, 0x02,
  0x0e, 0x01, 0x15, 0x87, 0x00, 0xf7, 0xdf, 0xd1, 0x21, 0xce, 0xd0, 0xfd,
  0xb3, 0xda, 0xd1, 0x35, 0x6d, 0x14, 0x0c, 0x2d, 0xe3, 0x27, 0x00, 0x0c,
  0x7f, 0x0d, 0x05, 0xff, 0x01, 0xf8, 0x0b, 0x1d, 0x21, 0x1d, 0x0d, 0x3c,
  0x1d, 0x2d, 0x30, 0x1a, 0x5b, 0xd8, 0xdb, 0xf7, 0xf7, 0xd7, 0x26, 0xfd,
  0x03, 0xc6, 0x4c, 0x36, 0x4e, 0xe6, 0xde, 0x1e, 0x60, 0xea, 0xff, 0x22,
  0x09, 0xf4, 0xea, 0x3c, 0x19, 0xd8, 0x49, 0x38, 0x22, 0x07, 0x36, 0xd5,
  0x19, 0x04, 0x0d, 0xbc, 0xf7, 0xda, 0xcf, 0xf0, 0x36, 0xc8, 0x08, 0xfa,
  0x3d, 0x3b, 0xe4, 0x26, 0xf1, 0xcd, 0xf2, 0x66, 0x39, 0x7b, 0xe6, 0x1d,
  0xaf, 0x4b, 0x03, 0x5d, 0x38, 0x39, 0x00, 0x7f, 0xdd, 0x3f, 0xe1, 0x01,
  0x3b, 0xde, 0xce, 0xe9, 0x4b, 0x5e, 0x33, 0x57, 0x58, 0x06, 0xec, 0x29,
  0x08, 0xd5, 0x37, 0x63, 0xba, 0x40, 0x0c, 0xc6, 0x3f, 0xd9, 0xd7, 0xe9,
  0x4a, 0x4f, 0xf0, 0x22, 0xcd, 0xea, 0x51, 0x1d, 0x2f, 0xf1, 0xd5, 0x4f,
  0x3b, 0x5f, 0xc2, 0x04, 0x65, 0x33, 0x42, 0xce, 0x17, 0x0e, 0x0b, 0xe2,
  0xf9, 0x48, 0xa3, 0x4a, 0x0e, 0xf4, 0xbc, 0x68, 0x71, 0x49, 0xfe, 0x2c,
  0x1f, 0x24, 0x0a, 0xc2, 0xc8, 0xd3, 0x07, 0xb4, 0x36, 0xed, 0x13, 0xf9,
  0x28, 0x2b, 0x02, 0xd4, 0x09, 0x2d, 0xd3, 0xf7, 0xea, 0xc1, 0xec, 0xa5,
  0x3e, 0x3b, 0xcb, 0xdf, 0xf8, 0xc6, 0xb6, 0xd8, 0xe1, 0x1e, 0xe9, 0xb0,
  0xa2, 0x2e, 0xa7, 0xa2, 0xd2, 0x57, 0xe4, 0x04, 0xd0, 0xd5, 0xbd, 0x93,
  0xcc, 0xf8, 0xe2, 0x06, 0xc7, 0xf9, 0x81, 0x94, 0xe4, 0x1d, 0xcb, 0xd3,
  0x18, 0xe7, 0xe2, 0x19, 0x30, 0x1e, 0xd8, 0x99, 0x9b, 0xba, 0xe4, 0xa9,
  0x27, 0xd6, 0xad, 0x06, 0xe9, 0x81, 0x26, 0xd3, 0x9d, 0xe5, 0xe9, 0x26,
  0x2c, 0xce, 0xcc, 0xcb, 0x88, 0xf9, 0x2b, 0xd0, 0x09, 0xfc, 0x0f, 0x1c,
  0xe5, 0xab, 0x3d, 0x21, 0xd9, 0xfd, 0x26, 0xc5, 0x09, 0xd4, 0x02, 0xd2,
  0xea, 0xe6, 0xd4, 0xe9, 0xf2, 0xfe, 0xe5, 0xfd, 0xee, 0xe3, 0xee, 0xdb,
  0xd1, 0xc2, 0x30, 0x35, 0xca, 0xbf, 0x2f, 0xb9, 0xf3, 0xd4, 0x19, 0x2b,
  0xc6, 0xc0, 0x14, 0xf8, 0x07, 0xaa, 0x12, 0xd3, 0xe8, 0xfb, 0x19, 0x38,
  0x1e, 0xc3, 0xc5, 0xdc, 0x45, 0x12, 0xc7, 0xfe, 0x31, 0x29, 0x22, 0xca,
  0xda, 0xc9, 0x2f, 0xf0, 0x9b, 0xdc, 0xba, 0x27, 0xfd, 0x18, 0x28, 0x0e,
  0xae, 0xec, 0x35, 0xe8, 0xcb, 0x11, 0x15, 0xc0, 0xf0, 0xed, 0xca, 0xe5,
  0x32, 0xe0, 0xce, 0x44, 0xc6, 0xff, 0x2c, 0xd7, 0x04, 0xcb, 0x12, 0x21,
  0xdd, 0xdc, 0x17, 0x10, 0xdc, 0x3c, 0xef, 0xc2, 0xca, 0x1c, 0x2c, 0xb3,
  0xbe, 0xe8, 0xfe, 0xf3, 0xa8, 0xee, 0x39, 0x4f, 0x0f, 0xef, 0x1e, 0x22,
  0xf2, 0xe3, 0xf7, 0xe2, 0xd2, 0xd3, 0x43, 0xd6, 0x98, 0xd5, 0xe3, 0xe8,
  0xe1, 0x1f, 0x2d, 0xde, 0x00, 0x1a, 0x65, 0x81, 0x2d, 0x39, 0x09, 0xaa,
  0x2c, 0xeb, 0x33, 0xa1, 0xeb, 0x32, 0x20, 0x0e, 0x5b, 0x71, 0xa1, 0x1c,
  0x23, 0xe7, 0x2a, 0xed, 0xea, 0xcc, 0xc9, 0xd7, 0xfd, 0xde, 0x0f, 0xa7,
  0x30, 0x0d, 0xdf, 0x48, 0x33, 0xd8, 0x28, 0xdf, 0x44, 0x36, 0xe9, 0xa5,
  0x3f, 0x3f, 0xd9, 0xe0, 0xf9, 0xfd, 0xc1, 0x51, 0x62, 0xa7, 0xbe, 0xf2,
  0x1f, 0x0f, 0x04, 0xf9, 0xf6, 0xb1, 0x31, 0xfb, 0x2a, 0x2a, 0x0b, 0x0b,
  0x40, 0x4b, 0x01, 0x3d, 0x7f, 0xdb, 0xbd, 0xd5, 0x98, 0xef, 0x9b, 0x14,
  0x52, 0x50, 0xd1, 0x28, 0xcc, 0x3e, 0xe8, 0xc1, 0x2f, 0x1d, 0xed, 0x0b,
  0xd8, 0x12, 0x1f, 0xda, 0x27, 0xe2, 0x09, 0x27, 0xc4, 0x08, 0xdd, 0xab,
  0x1e, 0x01, 0xd4, 0xd1, 0x06, 0x21, 0x17, 0x00, 0x1f, 0x27, 0xef, 0x14,
  0xe8, 0xb4, 0x09, 0x25, 0x28, 0x12, 0xce, 0x17, 0x0b, 0x10, 0x06, 0x06,
  0x15, 0x0c, 0xf4, 0x05, 0x58, 0xef, 0x2a, 0x45, 0x0d, 0x16, 0x37, 0xf6,
  0xfc, 0xda, 0x3d, 0xd2, 0x13, 0xd2, 0xda, 0x02, 0x40, 0x16, 0xda, 0x32,
  0x1d, 0xf6, 0x15, 0x18, 0xf0, 0xdd, 0x0d, 0xce, 0x40, 0x34, 0xd1, 0x7f,
  0x85, 0x1f, 0xd8, 0xd5, 0x02, 0x08, 0x30, 0x01, 0x95, 0x0c, 0x15, 0xa6,
  0x3b, 0x23, 0xf7, 0xf1, 0xf1, 0xb4, 0x0d, 0xa4, 0xe0, 0x02, 0x52, 0xbd,
  0xfb, 0xc8, 0x18, 0xe8, 0x1c, 0x0b, 0xf8, 0x43, 0xa2, 0xee, 0xe7, 0xf8,
  0xf5, 0xb3, 0xe1, 0x21, 0x07, 0x08, 0xbd, 0xf2, 0xcd, 0xaf, 0x12, 0xdc,
  0xc4, 0x01, 0xa0, 0xb8, 0x2a, 0x04, 0x4c, 0x08, 0xff, 0x0e, 0x0e, 0xc5,
  0x1f, 0xd1, 0xe6, 0xad, 0x81, 0xb5, 0xf9, 0x9d, 0xea, 0xb1, 0x4d, 0x0b,
  0xae, 0xca, 0x22, 0x1f, 0xac, 0xe7, 0x09, 0xca, 0x10, 0x11, 0x0e, 0xf7,
  0x35, 0xea, 0x2b, 0x0a, 0x23, 0xff, 0x19, 0xc2, 0xec, 0xf9, 0xba, 0x7f,
  0x23, 0xd4, 0xf3, 0xfe, 0x45, 0xd2, 0x1e, 0xfe, 0x1d, 0x00, 0xfe, 0x43,
  0x3b, 0x22, 0xd6, 0xf3, 0x2a, 0x37, 0xd2, 0x0f, 0x0b, 0x22, 0xe8, 0x03,
  0xfe, 0x4b, 0x01, 0x1c, 0x39, 0xdd, 0xf1, 0x67, 0x33, 0x23, 0x34, 0x12,
  0x09, 0x28, 0x04, 0x1a, 0x23, 0x13, 0xf4, 0xfe, 0x0d, 0x2e, 0xed, 0x3d,
  0x5a, 0x18, 0xed, 0x28, 0x0f, 0xff, 0x21, 0xc9, 0xed, 0x25, 0x15, 0xec,
  0x07, 0xec, 0x0a, 0xef, 0x27, 0xed, 0xdf, 0x5d, 0xef, 0x05, 0xe5, 0x0c,
  0x3c, 0xdf, 0xf2, 0x24, 0x2d, 0xe0, 0x02, 0x36, 0x19, 0x02, 0xfc, 0x06,
  0xf6, 0x51, 0xcb, 0xff, 0xfc, 0xea, 0x2e, 0xd9, 0x0f, 0x39, 0xdd, 0xff,
  0xf5, 0x39, 0x17, 0xcc, 0xd0, 0xfb, 0x23, 0x01, 0xc4, 0x2b, 0xfa, 0xed,
  0xdb, 0xd8, 0x14, 0xd8, 0xd0, 0xf6, 0xd5, 0xbe, 0xe1, 0xc4, 0xc9, 0x00,
  0x0a, 0xc7, 0xe3, 0x18, 0xde, 0x38, 0x0b, 0xbc, 0x81, 0xf8, 0x1a, 0xae,
  0xf9, 0x0d, 0xa0, 0xed, 0xde, 0x34, 0x38, 0x45, 0x04, 0x0d, 0x06, 0xb9,
  0x9b, 0x09, 0xfd, 0xa2, 0xb3, 0xd0, 0x07, 0x1a, 0xe1, 0x31, 0xb1, 0x1c,
  0x16, 0xe3, 0xe1, 0xbe, 0xda, 0xca, 0x13, 0xcb, 0x95, 0xe1, 0xfd, 0x13,
  0xdb, 0xea, 0xdd, 0xe8, 0xf1, 0xae, 0x4c, 0xb4, 0xe9, 0x9b, 0x02, 0xeb,
  0xdd, 0xd6, 0xac, 0x27, 0xba, 0xd9, 0x03, 0xdc, 0xd0, 0x0b, 0x23, 0x08,
  0x9a, 0xe4, 0xf8, 0xe7, 0xe3, 0x15, 0x63, 0x2e, 0x24, 0x28, 0xa6, 0xb7,
  0x23, 0xcc, 0x00, 0x99, 0x84, 0xb9, 0x35, 0xa2, 0xf2, 0xe3, 0x13, 0xc9,
  0xbe, 0x08, 0x21, 0x15, 0xf8, 0xcf, 0x45, 0x81, 0xef, 0xec, 0x0d, 0x2c,
  0x81, 0x17, 0x27, 0xf0, 0x0d, 0x33, 0x3a, 0x27, 0xa8, 0xeb, 0xfd, 0xc0,
  0xc9, 0x16, 0x03, 0x42, 0xaa, 0x3c, 0x36, 0x02, 0x3f, 0x03, 0x06, 0x44,
  0xf3, 0x2c, 0xed, 0x86, 0x10, 0x00, 0xf5, 0x02, 0x9a, 0x10, 0xf0, 0xfc,
  0xda, 0xe5, 0xe0, 0xc6, 0x12, 0xfb, 0xe8, 0x12, 0xe1, 0xf2, 0xd4, 0x10,
  0x15, 0x1d, 0x01, 0xe9, 0xcd, 0xf9, 0x15, 0x2c, 0xe9, 0x07, 0x11, 0xc7,
  0xfb, 0x47, 0x17, 0xe2, 0xac, 0xfa, 0x10, 0x27, 0xe1, 0x2b, 0xd5, 0x0f,
  0xad, 0xef, 0x14, 0xe5, 0x6e, 0xe3, 0xff, 0xff, 0x04, 0x00, 0x00, 0x00,
  0x40, 0x00, 0x00, 0x00, 0x4d, 0x77, 0x00, 0x00, 0x89, 0x76, 0x00, 0x00,
  0x31, 0x38, 0x00, 0x00, 0x28, 0x55, 0x00, 0x00, 0x2d, 0xbc, 0xff, 0xff,
  0x7e, 0x62, 0xff, 0xff, 0x7c, 0x81, 0x00, 0x00, 0x72, 0x62, 0x00, 0x00,
  0x57, 0x53, 0x00, 0x00, 0x3e, 0xe6, 0xff, 0xff, 0x70, 0xdf, 0xff, 0xff,
  0x37, 0x9a, 0x00, 0x00, 0x1c, 0xa0, 0xff, 0xff, 0xc7, 0x33, 0x00, 0x00,
  0x36, 0x99, 0x00, 0x00, 0x9c, 0x2b, 0x00, 0x00, 0xba, 0xe3, 0xff, 0xff,
  0x04, 0x00, 0x00, 0x00, 0x00, 0x01, 0x00, 0x00, 0x69, 0xb9, 0xc4, 0x41,
  0x42, 0xe3, 0x34, 0xcf, 0x45, 0x81, 0xa7, 0x62, 0xea, 0x98, 0x4f, 0x5d,
  0x2b, 0xbb, 0xe7, 0x24, 0x32, 0xf8, 0x3f, 0x32, 0x84, 0x06, 0xd2, 0xfc,
  0x16, 0x7f, 0xa9, 0x33, 0xbd, 0xf0, 0xbe, 0xef, 0x7f, 0x64, 0x39, 0x29,
  0x28, 0xca, 0xc4, 0xa9, 0x37, 0xb7, 0xbc, 0xfc, 0x2b, 0x6a, 0x13, 0x95,
  0x98, 0xd4, 0x6a, 0xcc, 0x5c, 0xfc, 0xc2, 0xf9, 0x81, 0x99, 0x15, 0x08,
  0x0f, 0xbf, 0x81, 0x97, 0xfd, 0xcd, 0x40, 0xbd, 0x56, 0xe7, 0x0a, 0x2a,
  0x43, 0xab, 0x36, 0x07, 0x22, 0x38, 0x37, 0xfe, 0x15, 0x81, 0x14, 0x1e,
  0x35, 0xec, 0xa5, 0x1b, 0xb1, 0x4d, 0xb5, 0x1e, 0x8c, 0x49, 0x29, 0x18,
  0x81, 0xde, 0xc2, 0x65, 0xbe, 0xf8, 0x0a, 0x6a, 0xe7, 0x47, 0x59, 0xa9,
  0x65, 0xe5, 0xca, 0x5e, 0x64, 0xc9, 0x05, 0xaf, 0x9f, 0x36, 0x7f, 0xb2,
  0xeb, 0x05, 0x27, 0x98, 0x56, 0xd3, 0xae, 0x45, 0x9c, 0x6a, 0x1e, 0x47,
  0x75, 0x19, 0x98, 0x7f, 0xc9, 0x50, 0x09, 0x4d, 0x87, 0x62, 0x20, 0x81,
  0x6c, 0x6b, 0x39, 0x40, 0xde, 0xe0, 0x05, 0x58, 0xf7, 0xd7, 0xe1, 0x56,
  0x2b, 0xc8, 0x05, 0xa5, 0x47, 0xd8, 0x17, 0xe9, 0x95, 0x4f, 0x17, 0xc6,
  0x2b, 0x6f, 0x57, 0x81, 0x2e, 0xe5, 0x04, 0xe3, 0x81, 0x00, 0x03, 0x4f,
  0x93, 0xa9, 0xb0, 0x30, 0x25, 0x41, 0x07, 0x56, 0xe0, 0x42, 0x4b, 0x00,
  0x42, 0xa7, 0x64, 0x81, 0xce, 0x9d, 0x76, 0xa7, 0xa5, 0x60, 0xf8, 0xad,
  0x71, 0x13, 0x66, 0x55, 0x7f, 0x9e, 0xa7, 0x73, 0xe2, 0x36, 0xf4, 0x1b,
  0xf7, 0x48, 0x69, 0xb4, 0x0d, 0xc8, 0x26, 0xae, 0x81, 0xff, 0xf2, 0x44,
  0x54, 0xc2, 0x99, 0x11, 0xbf, 0xce, 0xb6, 0x28, 0x20, 0xeb, 0xfa, 0xcd,
  0xa6, 0x0e, 0xe7, 0x70, 0xda, 0x33, 0x81, 0x0b, 0xe3, 0x55, 0x13, 0xfd,
  0xc6, 0xe4, 0xff, 0xff, 0x04, 0x00, 0x00, 0x00, 0x40, 0x00, 0x00, 0x00,
  0xd2, 0xfd, 0xff, 0xff, 0x45, 0xf2, 0xff, 0xff, 0x01, 0x01, 0x00, 0x00,
  0x70, 0x14, 0x00, 0x00, 0xdd, 0x0e, 0x00, 0x00, 0xbd, 0x02, 0x00, 0x00,
  0xc0, 0xff, 0xff, 0xff, 0xd5, 0xfd, 0xff, 0xff, 0x0b, 0xe9, 0xff, 0xff,
  0x0f, 0xf6, 0xff, 0xff, 0x26, 0x00, 0x00, 0x00, 0x3d, 0x01, 0x00, 0x00,
  0x5f, 0x04, 0x00, 0x00, 0x13, 0xe4, 0xff, 0xff, 0x31, 0x1a, 0x00, 0x00,
  0x84, 0x03, 0x00, 0x00, 0x12, 0xe5, 0xff, 0xff, 0x04, 0x00, 0x00, 0x00,
  0x00, 0x01, 0x00, 0x00, 0x32, 0x44, 0x0a, 0x3c, 0xc9, 0xb4, 0x16, 0xbe,
  0xc8, 0xb1, 0x81, 0xa9, 0xbc, 0x26, 0xd8, 0x07, 0x2b, 0x43, 0xe1, 0xe6,
  0xd9, 0x05, 0x47, 0xb0, 0x89, 0x13, 0xcf, 0xd0, 0x7f, 0xfb, 0x36, 0x67,
  0x81, 0xe0, 0xd1, 0xe0, 0x05, 0x2a, 0xfa, 0x1f, 0xf2, 0xe1, 0x20, 0xa5,
  0xd1, 0xdd, 0x06, 0x8f, 0xfd, 0x06, 0x42, 0x21, 0x2f, 0xda, 0x5e, 0xc9,
  0x2a, 0x81, 0x83, 0x54, 0x48, 0x95, 0x4b, 0x7a, 0x34, 0xb1, 0xef, 0xf5,
  0x7f, 0x12, 0xd7, 0xf9, 0x28, 0xb0, 0xa3, 0x01, 0x1d, 0xdf, 0x90, 0xf7,
  0x60, 0x16, 0x3e, 0xb4, 0x51, 0x28, 0x29, 0xba, 0xa4, 0xc1, 0xf2, 0x7f,
  0x35, 0xbf, 0xcd, 0xb6, 0xd2, 0x59, 0xa5, 0x24, 0xa7, 0x3c, 0x1b, 0xb1,
  0x84, 0xf0, 0xf9, 0x47, 0x81, 0x28, 0x4e, 0xf5, 0x98, 0x64, 0x12, 0xbb,
  0xbc, 0xa4, 0x4f, 0x14, 0x02, 0x00, 0x0b, 0xdd, 0xd6, 0x7f, 0xa3, 0xe7,
  0xae, 0xe8, 0x46, 0xf1, 0x14, 0x53, 0x2b, 0x0b, 0x48, 0xa2, 0x18, 0xcc,
  0x7f, 0xeb, 0x1f, 0xe4, 0xd3, 0x3f, 0x85, 0x32, 0xa9, 0x0a, 0xf8, 0xd7,
  0x2b, 0x3d, 0x81, 0xfc, 0xb4, 0xbc, 0x27, 0xd7, 0x4b, 0x4b, 0xb4, 0x19,
  0xa9, 0xcd, 0x3a, 0x81, 0xb4, 0xfb, 0xbc, 0x3d, 0x39, 0xce, 0xf7, 0xed,
  0x54, 0x52, 0xc0, 0xce, 0x35, 0x09, 0x29, 0x81, 0x93, 0xe7, 0x1a, 0xe1,
  0xe3, 0x15, 0xec, 0xe0, 0x10, 0x00, 0x3f, 0x53, 0xb7, 0xd2, 0x09, 0x6b,
  0x4f, 0xba, 0x81, 0x1d, 0xcb, 0xe0, 0xd7, 0xfc, 0xff, 0xa8, 0x9c, 0x57,
  0x9c, 0x79, 0xf6, 0xb1, 0x20, 0xcf, 0x97, 0xd2, 0x9d, 0xa5, 0xf5, 0x81,
  0xd6, 0x36, 0xa9, 0x10, 0x0e, 0x5a, 0xfa, 0xc5, 0x99, 0x81, 0xad, 0x14,
  0x20, 0x36, 0x27, 0xce, 0xc0, 0x98, 0xfc, 0xe8, 0x3f, 0x01, 0x02, 0x03,
  0x99, 0x06, 0x31, 0x1f, 0x7f, 0xac, 0xcc, 0xbc, 0x1e, 0xe6, 0xff, 0xff,
  0x04, 0x00, 0x00, 0x00, 0x40, 0x00, 0x00, 0x00, 0xf1, 0x0d, 0x00, 0x00,
  0x98, 0xfe, 0xff, 0xff, 0xdb, 0x10, 0x00, 0x00, 0xbb, 0xfa, 0xff, 0xff,
  0xcf, 0x0b, 0x00, 0x00, 0xd8, 0x01, 0x00, 0x00, 0xc3, 0x04, 0x00, 0x00,
  0x84, 0x0a, 0x00, 0x00, 0xbc, 0xf8, 0xff, 0xff, 0xb6, 0x08, 0x00, 0x00,
  0x89, 0x0a, 0x00, 0x00, 0xde, 0x06, 0x00, 0x00, 0x9e, 0x03, 0x00, 0x00,
  0xb2, 0x17, 0x00, 0x00, 0x49, 0x04, 0x00, 0x00, 0x82, 0x0a, 0x00, 0x00,
  0x6a, 0xe6, 0xff, 0xff, 0x04, 0x00, 0x00, 0x00, 0x80, 0x0d, 0x00, 0x00,
  0x20, 0xde, 0xea, 0x2e, 0xd8, 0xf1, 0xec, 0x90, 0x52, 0xc2, 0x12, 0x27,
  0xf6, 0x9d, 0x28, 0x3e, 0xeb, 0x1a, 0x0d, 0x1a, 0x23, 0x1c, 0x30, 0xb2,
  0x34, 0x0d, 0x44, 0x21, 0xfe, 0xb4, 0x5a, 0x06, 0x0d, 0xd5, 0x15, 0x04,
  0x3e, 0x01, 0xe5, 0x17, 0xd6, 0x29, 0x1b, 0xfa, 0xed, 0xd8, 0x36, 0xdd,
  0x15, 0xf9, 0xcf, 0xda, 0xd8, 0x32, 0xd9, 0xa0, 0x7f, 0xe4, 0xd6, 0x34,
  0xde, 0xee, 0x1d, 0xbc, 0xd3, 0x87, 0xec, 0x08, 0xa1, 0xee, 0xf5, 0x0c,
  0x59, 0x18, 0x28, 0x15, 0xa2, 0xdf, 0xe5, 0x32, 0x2d, 0xd3, 0x2d, 0x06,
  0x45, 0x06, 0x38, 0x24, 0xdb, 0x01, 0x05, 0xee, 0xff, 0xd8, 0xf0, 0xe2,
  0xef, 0xd3, 0xbf, 0xf0, 0xa2, 0x07, 0x20, 0x00, 0x6a, 0x0c, 0xf6, 0x12,
  0xe0, 0xc2, 0x2c, 0x13, 0x31, 0xfc, 0xeb, 0x1d, 0xbf, 0x3e, 0x23, 0xa6,
  0x60, 0x09, 0x25, 0x42, 0x00, 0xb7, 0x17, 0xca, 0x2a, 0x1a, 0x36, 0x01,
  0xfd, 0x15, 0xfc, 0xf2, 0xba, 0x28, 0xba, 0xe0, 0xfa, 0x26, 0xfc, 0x11,
  0x20, 0x2b, 0xb0, 0xdf, 0xc9, 0x0c, 0x29, 0xa9, 0x3b, 0xf7, 0x0e, 0xe6,
  0xc2, 0x91, 0x0f, 0x32, 0x28, 0x1d, 0x3e, 0x2e, 0x9e, 0x36, 0xff, 0xfd,
  0x59, 0x08, 0xe3, 0x14, 0x9b, 0xe4, 0x0a, 0xd2, 0x19, 0xda, 0x1d, 0x58,
  0x11, 0x1a, 0xf9, 0x08, 0xc9, 0xf7, 0x09, 0x55, 0xea, 0x12, 0xee, 0x18,
  0x22, 0xcc, 0xba, 0xff, 0xf5, 0x32, 0x0a, 0xd7, 0x74, 0xaf, 0xf3, 0x35,
  0xdf, 0xb5, 0x29, 0xdf, 0xf4, 0x2f, 0xe7, 0x06, 0xf0, 0x46, 0xe9, 0xa8,
  0x21, 0x64, 0xf9, 0x1a, 0x1a, 0xb6, 0x49, 0x41, 0x02, 0xc3, 0x3f, 0x47,
  0x21, 0xce, 0x46, 0x0e, 0xc9, 0xec, 0xc2, 0x41, 0x2a, 0x18, 0x55, 0x2c,
  0xde, 0x00, 0xc0, 0xe9, 0x9c, 0xfb, 0x05, 0xb8, 0x71, 0xa2, 0x2a, 0x3a,
  0xa8, 0xd6, 0xeb, 0x18, 0x46, 0x57, 0xe3, 0x57, 0x92, 0x7f, 0x14, 0xcf,
  0x1c, 0xfc, 0xfc, 0x12, 0xdc, 0x31, 0x21, 0x08, 0xf3, 0xbc, 0xfa, 0x01,
  0x2e, 0x07, 0x07, 0x15, 0xbf, 0x98, 0x2d, 0xf8, 0x02, 0x1b, 0xdf, 0x05,
  0x4a, 0x3c, 0xaa, 0xf2, 0xf5, 0x11, 0xe9, 0xb6, 0x6a, 0xd9, 0xf3, 0x0b,
  0xf0, 0xb1, 0x19, 0x15, 0xf6, 0xfb, 0xf7, 0x4d, 0x00, 0x0c, 0x0a, 0x89,
  0x7e, 0x3c, 0xfc, 0x6a, 0xe2, 0xf7, 0x4e, 0xf6, 0x3a, 0xcb, 0x2a, 0x0f,
  0x18, 0xf3, 0xf0, 0x0e, 0xda, 0xfa, 0x2e, 0x0f, 0xea, 0xd6, 0x1f, 0xdd,
  0xf1, 0xc4, 0xe9, 0xd1, 0xdd, 0x36, 0xf0, 0xdd, 0x50, 0xff, 0x0d, 0x0d,
  0xda, 0xed, 0x0c, 0xf0, 0x05, 0xf0, 0x28, 0xd4, 0x82, 0x17, 0xea, 0x11,
  0x2d, 0xed, 0x01, 0x07, 0xf7, 0x83, 0xc3, 0xb9, 0xcc, 0x1d, 0x19, 0xff,
  0x20, 0x02, 0x36, 0xfe, 0xc8, 0xf9, 0xf6, 0xfa, 0x1f, 0x10, 0xe7, 0x20,
  0x08, 0xd8, 0xd2, 0x07, 0xb0, 0xf1, 0x4b, 0xbe, 0x7c, 0xcb, 0xf6, 0x46,
  0xd4, 0xcd, 0xdc, 0x1b, 0xec, 0xde, 0xbc, 0x24, 0x0f, 0x18, 0x1a, 0xcc,
  0x6d, 0x36, 0x7f, 0x22, 0xcc, 0xc7, 0x5c, 0x23, 0x02, 0xd0, 0x33, 0xff,
  0x19, 0x0f, 0x26, 0x09, 0xd7, 0xe8, 0x03, 0x03, 0xf9, 0x0f, 0xf7, 0xf5,
  0xd7, 0x47, 0xcf, 0xe6, 0xc6, 0x59, 0xad, 0xef, 0x53, 0xae, 0x22, 0x3f,
  0xec, 0x15, 0x7f, 0x4f, 0xd4, 0x0a, 0x10, 0x0b, 0xd6, 0x2c, 0x51, 0xec,
  0x53, 0x17, 0xf8, 0x40, 0xe7, 0xec, 0x1b, 0x19, 0x38, 0xf2, 0x43, 0x3e,
  0x13, 0x2a, 0xe9, 0xef, 0xd1, 0xd6, 0x21, 0x23, 0x4c, 0xc0, 0x1d, 0xea,
  0xe9, 0xf5, 0xc6, 0xd2, 0x9d, 0x35, 0xde, 0xab, 0x30, 0xed, 0xd8, 0x68,
  0x93, 0xe5, 0x20, 0xb6, 0xcf, 0x0e, 0xda, 0x4d, 0xa0, 0x4b, 0x11, 0xb6,
  0x07, 0xe7, 0x4a, 0x38, 0xd7, 0x18, 0x00, 0x44, 0x13, 0xeb, 0xe4, 0xfe,
  0x14, 0xd7, 0x43, 0x24, 0xdb, 0xec, 0xe7, 0x1e, 0xf2, 0x28, 0x04, 0x46,
  0x37, 0xef, 0x89, 0x23, 0xe9, 0x67, 0x3f, 0xff, 0x61, 0x9d, 0xa3, 0xce,
  0xbb, 0x89, 0x13, 0xf8, 0x56, 0xde, 0x22, 0x50, 0xea, 0x29, 0x5a, 0xe4,
  0x69, 0xdd, 0x3a, 0x27, 0xb4, 0xa3, 0x17, 0x04, 0x4f, 0xcd, 0xea, 0x5b,
  0x48, 0xf8, 0x2b, 0xf7, 0xae, 0xb2, 0x08, 0x0a, 0xf3, 0x33, 0xe8, 0x2a,
  0xe6, 0x12, 0xcc, 0xf9, 0xf4, 0x41, 0xf0, 0xae, 0x61, 0xc1, 0xc6, 0x29,
  0xe2, 0xce, 0x4f, 0x04, 0xfa, 0xe3, 0xcd, 0x49, 0x00, 0x26, 0x39, 0xb6,
  0x5d, 0x0b, 0x42, 0x41, 0xbe, 0xbe, 0xf3, 0xfa, 0xe9, 0xb6, 0x56, 0xdc,
  0xef, 0xf1, 0x3c, 0xed, 0xd8, 0xf3, 0xe1, 0x06, 0xe2, 0x04, 0xe1, 0x08,
  0x30, 0xf6, 0xc5, 0xd0, 0xb5, 0x09, 0x24, 0xc0, 0x55, 0xfc, 0x09, 0x05,
  0xe4, 0xe6, 0xdd, 0x33, 0x4b, 0xfc, 0x11, 0x1c, 0xd1, 0x23, 0xf8, 0xd9,
  0x7f, 0x31, 0xe6, 0x0a, 0xe4, 0xe1, 0x45, 0xe3, 0xf7, 0xc2, 0x0c, 0x20,
  0x25, 0x1e, 0x29, 0x10, 0xc6, 0xb7, 0x50, 0x2b, 0x2c, 0xe0, 0x0f, 0xdd,
  0x3c, 0xcf, 0xb3, 0x0e, 0x96, 0x39, 0x18, 0xbf, 0x7d, 0xf1, 0xe1, 0x05,
  0xe4, 0xa1, 0xf8, 0x34, 0xea, 0x12, 0xe4, 0xeb, 0xaf, 0x28, 0x08, 0xd4,
  0x64, 0xfb, 0xf5, 0x5e, 0xe8, 0xfe, 0x1f, 0x19, 0xff, 0xb8, 0x0d, 0x38,
  0x4b, 0xe9, 0x35, 0xf1, 0xbe, 0x12, 0x27, 0x1e, 0xdb, 0x07, 0xea, 0x28,
  0xfd, 0xe6, 0xc6, 0x04, 0xcf, 0x01, 0xf0, 0xc0, 0x7f, 0xff, 0xec, 0x48,
  0xea, 0xed, 0x2e, 0xeb, 0x07, 0xe8, 0xee, 0xfd, 0xc4, 0x36, 0xfe, 0xab,
  0x43, 0x2f, 0xf4, 0x21, 0xe6, 0xc9, 0x25, 0x08, 0xda, 0x0c, 0x19, 0xdb,
  0x03, 0x0b, 0x00, 0xe5, 0xdd, 0x08, 0x06, 0x1b, 0x04, 0xf7, 0xee, 0xd3,
  0x05, 0x0b, 0xfd, 0xe3, 0xe7, 0x25, 0x0c, 0xc1, 0x31, 0xe2, 0xf0, 0x0d,
  0x12, 0xde, 0xdb, 0xe7, 0xf3, 0xcc, 0xf7, 0xf2, 0xcc, 0xeb, 0x0a, 0x00,
  0x57, 0xc6, 0x3b, 0x3d, 0xff, 0xdf, 0xfc, 0xe9, 0x1e, 0xf4, 0x3b, 0xfa,
  0x00, 0xe2, 0x28, 0x08, 0xde, 0xe1, 0x25, 0xeb, 0x32, 0xe6, 0x0c, 0x0e,
  0x0b, 0x05, 0xe6, 0x0c, 0xc4, 0x10, 0xe7, 0xd8, 0x64, 0xf6, 0xdb, 0x2d,
  0xc1, 0xc2, 0x0c, 0xf4, 0x13, 0x0b, 0xeb, 0x35, 0xe6, 0x31, 0x3e, 0xdb,
  0x3d, 0x38, 0x1b, 0x1f, 0xd6, 0xe9, 0xe9, 0x29, 0xfd, 0xf6, 0x2a, 0x14,
  0x3a, 0x1c, 0x23, 0x0c, 0xd2, 0xf0, 0xd8, 0xfa, 0xf8, 0x11, 0x0b, 0x14,
  0xee, 0xf1, 0xc6, 0xe1, 0xd0, 0x37, 0xdf, 0xa7, 0x3c, 0xdd, 0x2e, 0x1a,
  0xe5, 0x9d, 0x45, 0x4b, 0xf9, 0xd8, 0x03, 0x33, 0xe5, 0x1c, 0x23, 0x1c,
  0x7f, 0x3a, 0x1e, 0x05, 0xa3, 0xdb, 0x07, 0x55, 0x29, 0x22, 0xfd, 0xfb,
  0x02, 0xf0, 0xd2, 0x01, 0xa3, 0xed, 0xf3, 0x1f, 0x17, 0xf8, 0x38, 0x1f,
  0xf8, 0x08, 0xb6, 0xaf, 0xce, 0xc9, 0x2d, 0xc8, 0x7f, 0xb9, 0x32, 0x36,
  0xf3, 0xba, 0xf7, 0xd3, 0x20, 0xe6, 0xdc, 0x27, 0xf9, 0x5e, 0x17, 0x9f,
  0x17, 0x3c, 0x58, 0x3b, 0xdb, 0x15, 0x46, 0xe0, 0x1a, 0xb4, 0x43, 0x5c,
  0x2c, 0x25, 0x16, 0xfd, 0xbe, 0xcc, 0xf7, 0xd0, 0xf4, 0xf3, 0x3e, 0xe5,
  0xba, 0xb9, 0xe4, 0x03, 0xab, 0x3f, 0x3d, 0xd3, 0x69, 0xa4, 0x23, 0x22,
  0xd8, 0xd8, 0x24, 0x16, 0xfb, 0xf8, 0x06, 0x19, 0x86, 0xf1, 0xfe, 0xc2,
  0x6b, 0xcc, 0xea, 0x45, 0xf1, 0xd2, 0x15, 0xfe, 0x1c, 0x07, 0x05, 0xe0,
  0x29, 0x09, 0x00, 0x22, 0xcb, 0x05, 0xf0, 0xff, 0x29, 0x13, 0x01, 0x18,
  0x2e, 0xee, 0xb5, 0x17, 0xfc, 0x12, 0x28, 0xcd, 0x7f, 0xfa, 0x0e, 0x18,
  0x92, 0xd8, 0xe8, 0x09, 0xff, 0xfe, 0x05, 0x37, 0xa2, 0x1b, 0xd0, 0xd8,
  0x3f, 0x39, 0xee, 0x2e, 0xbf, 0xf0, 0xf5, 0x14, 0x4c, 0x11, 0x2e, 0x01,
  0x21, 0x0d, 0x35, 0x1a, 0xe0, 0xcc, 0xfb, 0x0a, 0xeb, 0xee, 0xd2, 0x07,
  0x31, 0xc3, 0xb7, 0x07, 0xc9, 0x20, 0xd7, 0xe1, 0x4d, 0xf4, 0xd4, 0x21,
  0xed, 0xd9, 0xf9, 0xc3, 0x25, 0x1b, 0xa3, 0x46, 0xd7, 0x15, 0x25, 0x9f,
  0x4c, 0xe0, 0xec, 0x5d, 0x20, 0x48, 0x3d, 0x18, 0xf7, 0xc5, 0x0b, 0x06,
  0x40, 0x0e, 0x1c, 0x0a, 0xeb, 0xf8, 0x0e, 0xc9, 0x1e, 0xf6, 0x43, 0xbf,
  0xdd, 0x14, 0xc2, 0xeb, 0xc2, 0x59, 0x0d, 0xd1, 0x4b, 0xd8, 0xe3, 0x14,
  0xc5, 0xd5, 0x10, 0x26, 0xef, 0xdb, 0x27, 0x2a, 0xba, 0x3f, 0x07, 0x02,
  0x49, 0x0a, 0x36, 0x2f, 0xbd, 0xb0, 0xe3, 0x1f, 0xd0, 0xdc, 0x29, 0x12,
  0x19, 0xfb, 0x0a, 0x07, 0xd9, 0x04, 0x00, 0x34, 0x05, 0x12, 0xfc, 0x0a,
  0x18, 0xe5, 0xc6, 0xea, 0xe3, 0x21, 0x03, 0xb5, 0x7f, 0xe9, 0x0a, 0x17,
  0xfb, 0xdd, 0x06, 0xf0, 0x1d, 0x1e, 0xfd, 0xf8, 0xfd, 0x22, 0x32, 0xae,
  0x4d, 0x16, 0x0c, 0x25, 0xe4, 0xe5, 0x0a, 0xd8, 0x27, 0xd8, 0x20, 0x21,
  0x06, 0x16, 0x07, 0xf6, 0xda, 0x05, 0x0c, 0xeb, 0xdf, 0xed, 0x12, 0xfd,
  0xe5, 0xdf, 0xd3, 0xeb, 0xe3, 0xf9, 0x0f, 0xea, 0x3c, 0x12, 0x04, 0x2a,
  0xdd, 0xff, 0xfe, 0x0a, 0xd9, 0xa5, 0x16, 0xd5, 0xb8, 0x1d, 0x00, 0xf5,
  0x69, 0xe4, 0x2a, 0x04, 0x05, 0x9e, 0xdd, 0xdf, 0xe8, 0x0c, 0x0a, 0xd7,
  0x2b, 0xf4, 0x07, 0x27, 0xc5, 0x1a, 0x16, 0xf9, 0x16, 0xe4, 0x11, 0xf3,
  0x1a, 0xe8, 0xeb, 0xf1, 0xc7, 0x21, 0x18, 0xd1, 0x55, 0xe4, 0xf2, 0x1e,
  0xe2, 0xb0, 0xe7, 0x09, 0x05, 0x08, 0xeb, 0x17, 0xdc, 0x13, 0x49, 0xe1,
  0x37, 0xfa, 0x28, 0x29, 0xef, 0x04, 0x27, 0x22, 0xe8, 0x00, 0x38, 0x1a,
  0x11, 0xfd, 0xe9, 0xf5, 0xe7, 0x14, 0xc7, 0x11, 0x11, 0x15, 0x2a, 0xef,
  0x30, 0x26, 0xb4, 0xd3, 0x18, 0x16, 0x14, 0xc5, 0x42, 0xe8, 0x26, 0x06,
  0x81, 0xc4, 0x1a, 0x3b, 0xde, 0x35, 0xe4, 0x05, 0xc5, 0x0a, 0x4d, 0xcf,
  0x4d, 0x0c, 0x5b, 0x11, 0xb2, 0x23, 0x43, 0x4e, 0x5d, 0xbe, 0xf4, 0x2c,
  0x22, 0xff, 0xdb, 0x2a, 0xb8, 0x09, 0x2d, 0x39, 0x21, 0xb4, 0x14, 0x33,
  0xe6, 0xe4, 0xc0, 0xe2, 0xd0, 0x1b, 0x43, 0xd3, 0x65, 0xf1, 0x2d, 0xf3,
  0xa0, 0xa4, 0xfc, 0xa9, 0x0d, 0xda, 0x30, 0x79, 0x11, 0x6f, 0xd9, 0xa1,
  0x0b, 0x01, 0x27, 0x30, 0x02, 0xbf, 0x65, 0xdc, 0xe6, 0xd9, 0x27, 0xed,
  0x47, 0x12, 0x61, 0xef, 0xf9, 0xb7, 0xd4, 0xe8, 0xee, 0x57, 0xf9, 0xc8,
  0x09, 0x26, 0xa1, 0x40, 0xd4, 0x10, 0xe9, 0xd6, 0x56, 0x85, 0xe3, 0x64,
  0xe8, 0xc7, 0x0e, 0x3a, 0x04, 0x45, 0xc6, 0xf6, 0x82, 0x09, 0xda, 0x0c,
  0x5c, 0x30, 0xf8, 0x33, 0xe3, 0xcf, 0x31, 0x26, 0x4b, 0x1d, 0x06, 0x2c,
  0x1d, 0xf3, 0x2d, 0xec, 0xaf, 0x01, 0xd4, 0x38, 0x38, 0xdc, 0xf4, 0x2f,
  0xd7, 0xe9, 0xde, 0x0e, 0xca, 0x32, 0xba, 0x99, 0x55, 0x20, 0xf8, 0x3f,
  0xf6, 0xc9, 0xf4, 0x00, 0xe9, 0xc1, 0x1b, 0x26, 0xb7, 0x2d, 0x2a, 0xbb,
  0x46, 0xdd, 0xff, 0x34, 0xb3, 0xb8, 0xe6, 0xfb, 0xd5, 0x12, 0x06, 0x2f,
  0x15, 0xfe, 0xe8, 0x3f, 0xc4, 0x08, 0xeb, 0x25, 0x0f, 0xf7, 0x36, 0xe9,
  0x68, 0xea, 0xb0, 0xf0, 0xbb, 0x15, 0x25, 0xd7, 0x7f, 0xc6, 0xef, 0xfb,
  0xe7, 0xce, 0x43, 0xf4, 0xe9, 0x24, 0xf3, 0x3e, 0xea, 0xe9, 0x41, 0xf1,
  0x5f, 0x31, 0x35, 0x46, 0x07, 0x0c, 0x1e, 0x29, 0xea, 0xc4, 0x1c, 0xcf,
  0x28, 0x0f, 0x38, 0xd4, 0xd9, 0xef, 0x11, 0xf5, 0x1c, 0x24, 0x20, 0x1a,
  0xf1, 0xfb, 0xdf, 0xe5, 0xba, 0x26, 0xff, 0xbb, 0x57, 0xd5, 0xee, 0x27,
  0xc8, 0xb3, 0x06, 0x0e, 0x50, 0xfd, 0xdd, 0x32, 0xe8, 0x61, 0x1f, 0xe5,
  0x2d, 0x2c, 0x24, 0xef, 0xbf, 0x08, 0xf1, 0x4c, 0x09, 0xdb, 0x20, 0x15,
  0x32, 0xec, 0x05, 0x1f, 0xb2, 0xe5, 0x24, 0x01, 0x1c, 0xcb, 0x06, 0x11,
  0x0f, 0x16, 0xdb, 0xe8, 0xcb, 0x0b, 0xdf, 0xcc, 0x4c, 0x0b, 0xe1, 0x27,
  0xfc, 0xbd, 0xfa, 0x11, 0x06, 0x07, 0x1c, 0x0c, 0xee, 0x2b, 0x38, 0xad,
  0x45, 0x10, 0x17, 0x19, 0xfc, 0xde, 0x2a, 0x21, 0x14, 0xe9, 0x03, 0xed,
  0xf6, 0x09, 0x11, 0xfd, 0xf2, 0xf5, 0xf4, 0x09, 0xfd, 0xf8, 0x0c, 0xf9,
  0xf4, 0xf9, 0xcb, 0x12, 0xfa, 0x08, 0xe4, 0xe0, 0x42, 0x0f, 0xf4, 0x2d,
  0xdc, 0xf3, 0x1e, 0xee, 0x2f, 0x06, 0xd4, 0x0d, 0xdb, 0x03, 0x05, 0xe5,
  0x35, 0x27, 0x1c, 0x18, 0x10, 0xe4, 0x01, 0x0a, 0x06, 0xe6, 0x2f, 0x04,
  0x0a, 0x03, 0x2c, 0xea, 0xdf, 0xdd, 0x11, 0xeb, 0xfb, 0x00, 0xec, 0x16,
  0xf8, 0xe5, 0xe3, 0xf7, 0xd6, 0x0c, 0x0b, 0xc3, 0x7f, 0x13, 0x15, 0x22,
  0xd3, 0xe2, 0xf6, 0x05, 0xfb, 0xf5, 0xe8, 0xf9, 0xd5, 0x21, 0xfc, 0xfa,
  0x6c, 0xe1, 0x09, 0x25, 0xd6, 0xe5, 0xf6, 0x00, 0xf1, 0xe7, 0x0a, 0xfe,
  0x21, 0x00, 0x1b, 0x0e, 0xe8, 0x16, 0xf7, 0x23, 0x1b, 0x04, 0x06, 0xe7,
  0x4e, 0x00, 0xc7, 0x07, 0xe4, 0x07, 0xeb, 0xa0, 0x7c, 0x0a, 0x62, 0x03,
  0x9f, 0xc7, 0xd4, 0xda, 0xcb, 0xcf, 0x0f, 0x1f, 0xa1, 0x08, 0x51, 0xd6,
  0x7f, 0xf5, 0x00, 0x56, 0xcc, 0xe7, 0x1b, 0x67, 0x01, 0xe2, 0x15, 0x23,
  0x12, 0x0c, 0x64, 0x0e, 0xd4, 0xc9, 0x05, 0x47, 0x4a, 0xe0, 0xcb, 0xdc,
  0x13, 0xf3, 0xb1, 0xef, 0xdb, 0x50, 0xd0, 0xe8, 0x46, 0xe8, 0xcb, 0x01,
  0xdf, 0xcc, 0x41, 0x0a, 0xef, 0x0d, 0x13, 0x5c, 0x05, 0x1a, 0xcb, 0xf2,
  0x17, 0xee, 0x4f, 0x36, 0xd3, 0xba, 0xef, 0xd9, 0x25, 0xbc, 0x07, 0x0a,
  0x62, 0x07, 0x11, 0x28, 0xcd, 0x0b, 0x06, 0xf3, 0xd9, 0x27, 0x65, 0x4e,
  0x10, 0xeb, 0xb6, 0xd7, 0xba, 0x42, 0x41, 0xdc, 0x6b, 0xaf, 0xde, 0x20,
  0xb9, 0x94, 0x38, 0xea, 0x3d, 0x03, 0xc2, 0x37, 0xab, 0x5b, 0x31, 0xb9,
  0x4f, 0x3a, 0x15, 0x12, 0xc7, 0x2c, 0x59, 0x25, 0x36, 0x00, 0x31, 0x2f,
  0x0b, 0xf7, 0xdc, 0xee, 0xb7, 0xff, 0x01, 0xf2, 0x00, 0xce, 0xda, 0xdc,
  0x01, 0xf0, 0xd8, 0xe3, 0xd5, 0x43, 0x15, 0x8c, 0x57, 0x1c, 0xdf, 0x0f,
  0xb7, 0xa2, 0x0c, 0xe5, 0x26, 0xfd, 0x07, 0xef, 0xdf, 0x15, 0x37, 0x95,
  0x52, 0x05, 0x1d, 0x2e, 0xf3, 0xd3, 0xfd, 0x09, 0x21, 0xf5, 0x4b, 0x35,
  0x2c, 0xee, 0x2a, 0xf8, 0xbd, 0xef, 0xfd, 0x08, 0xf8, 0x04, 0x35, 0x13,
  0x01, 0x10, 0xd0, 0x37, 0xdf, 0xfb, 0xef, 0xd1, 0x64, 0xc5, 0xd9, 0x21,
  0x04, 0xf0, 0x1b, 0xe9, 0xde, 0xbc, 0x2c, 0xfd, 0xaa, 0x14, 0x15, 0x02,
  0x33, 0xf3, 0x07, 0x28, 0xd3, 0xbe, 0xf5, 0x18, 0xff, 0xfc, 0x02, 0xd2,
  0x2f, 0x16, 0x0d, 0x05, 0xee, 0x25, 0xf6, 0x0c, 0xe0, 0x01, 0xd6, 0xca,
  0x16, 0xc7, 0xf9, 0xd7, 0xa1, 0x2e, 0x0a, 0xed, 0x7f, 0xdf, 0xf1, 0x1e,
  0xd4, 0xe7, 0x1b, 0xff, 0xd9, 0x10, 0xcb, 0x16, 0xeb, 0x41, 0x53, 0xab,
  0x5c, 0xf0, 0x45, 0x23, 0x1f, 0xc0, 0x55, 0x0d, 0xe8, 0xb9, 0x24, 0xff,
  0x25, 0xea, 0x10, 0x0c, 0xc9, 0x04, 0x01, 0x18, 0x1b, 0xf8, 0xfe, 0x13,
  0x13, 0xe2, 0xce, 0x14, 0x20, 0x45, 0x32, 0xa9, 0x5a, 0xcf, 0x03, 0x3b,
  0x06, 0xb4, 0x1e, 0x00, 0x1d, 0x30, 0xf8, 0xfd, 0xc8, 0x29, 0x07, 0xb6,
  0x49, 0x16, 0xec, 0x21, 0xd6, 0xf0, 0xf8, 0xef, 0x1b, 0xee, 0x16, 0xfe,
  0x0d, 0xf1, 0x25, 0xf5, 0xdb, 0x01, 0x29, 0xfb, 0xef, 0xe5, 0x06, 0xca,
  0x16, 0xc3, 0xf4, 0xad, 0xc5, 0xc8, 0x01, 0xec, 0x7f, 0xf6, 0x0a, 0x0c,
  0xb3, 0xd4, 0xb4, 0x07, 0xe0, 0x02, 0xfd, 0x1e, 0x04, 0x00, 0x0f, 0xfb,
  0x1b, 0x2b, 0xf2, 0x30, 0xe3, 0xf8, 0x16, 0x18, 0xe1, 0xee, 0x4b, 0xf9,
  0x25, 0x12, 0xfb, 0x10, 0xe9, 0x0a, 0xff, 0x0f, 0x20, 0x19, 0x06, 0xeb,
  0x30, 0xdb, 0xc7, 0x11, 0xbe, 0x39, 0x29, 0xad, 0x74, 0xfc, 0x01, 0x14,
  0xd7, 0xbd, 0x0c, 0xb4, 0x1c, 0xe4, 0xe8, 0x1b, 0xce, 0x42, 0x36, 0xd8,
  0x5f, 0x3e, 0x08, 0x15, 0x02, 0xaf, 0xfe, 0x3b, 0x13, 0x0f, 0x0e, 0xdc,
  0x1a, 0x0d, 0x1f, 0xf4, 0xbb, 0xe0, 0xd0, 0xf7, 0x1b, 0xe2, 0x2c, 0x20,
  0x34, 0xe7, 0x99, 0xe8, 0x8b, 0x2f, 0xdc, 0xd2, 0x7f, 0xd6, 0xed, 0x30,
  0x93, 0x86, 0x07, 0x45, 0xc6, 0x20, 0x14, 0x24, 0xdf, 0x51, 0x31, 0xca,
  0x5f, 0x12, 0x59, 0x55, 0xe9, 0xb8, 0x09, 0x27, 0x29, 0x13, 0x0b, 0x11,
  0x0d, 0x34, 0x48, 0xd4, 0x9e, 0xe5, 0xfb, 0xd8, 0x22, 0xea, 0x15, 0x2c,
  0xb6, 0x02, 0xcc, 0x1f, 0x06, 0xf4, 0xd7, 0xd9, 0x51, 0xfc, 0x1f, 0x57,
  0xe7, 0xee, 0x68, 0x12, 0xf9, 0xfc, 0xbd, 0x47, 0xe3, 0xf5, 0xe4, 0xf0,
  0x26, 0x2f, 0x45, 0x03, 0xc2, 0xe6, 0x58, 0x01, 0xf2, 0xe4, 0x1b, 0x06,
  0x5b, 0xe4, 0xda, 0x3d, 0xda, 0x13, 0xf0, 0x07, 0x07, 0x2f, 0x0a, 0xe6,
  0x4c, 0x3d, 0x9e, 0x11, 0xa5, 0x3f, 0xd2, 0xa0, 0x3e, 0xe0, 0xe7, 0x60,
  0x88, 0x0a, 0x52, 0x19, 0xf9, 0x1b, 0xfa, 0x0d, 0x8f, 0x4e, 0x1f, 0xbc,
  0x58, 0xf3, 0x45, 0x2e, 0xce, 0xc2, 0x2d, 0x28, 0x3e, 0xfd, 0x41, 0x24,
  0x47, 0xfd, 0x33, 0x09, 0xcd, 0xc0, 0xe7, 0xf8, 0x3e, 0xdb, 0x2d, 0xe2,
  0x3f, 0xc6, 0xe0, 0x1a, 0xf9, 0x16, 0x0b, 0xac, 0x7f, 0xdd, 0x16, 0x16,
  0xc6, 0xc8, 0x23, 0x20, 0x48, 0x1f, 0xcf, 0x35, 0xd9, 0x20, 0x25, 0xb0,
  0x63, 0xdd, 0x27, 0x18, 0xbc, 0xe6, 0xfa, 0x27, 0xf9, 0xb1, 0x0a, 0xe9,
  0xe4, 0xe7, 0x18, 0x2e, 0xba, 0x04, 0x32, 0x09, 0xed, 0xc2, 0x0f, 0x45,
  0x22, 0x0d, 0xbd, 0xf0, 0xd9, 0x12, 0xfd, 0xc1, 0x6b, 0x05, 0xd7, 0x4e,
  0x0d, 0xb8, 0x18, 0x06, 0x09, 0xb8, 0xf5, 0x24, 0xda, 0xec, 0xf0, 0xec,
  0x57, 0x28, 0x49, 0x26, 0xdf, 0xfa, 0x25, 0xfd, 0x23, 0x35, 0x19, 0x3e,
  0x63, 0x31, 0x03, 0xc7, 0xc6, 0xf8, 0xfa, 0xf5, 0x43, 0x3c, 0x4e, 0xe4,
  0xf0, 0x2c, 0xdc, 0xf2, 0x93, 0x1e, 0xdd, 0xc6, 0x4d, 0xa9, 0xe4, 0xfa,
  0xda, 0xe8, 0x07, 0xfa, 0xf8, 0x0f, 0xfe, 0x2c, 0xe3, 0x5b, 0x21, 0xe6,
  0x6c, 0x27, 0xde, 0x44, 0xfb, 0xbb, 0x25, 0xf1, 0x14, 0xc8, 0x2c, 0x16,
  0xf1, 0xec, 0xfb, 0x2f, 0xc0, 0xf1, 0xf9, 0x03, 0xd9, 0x03, 0x15, 0x3c,
  0x46, 0xdf, 0x96, 0xc5, 0xa9, 0x20, 0x35, 0xb0, 0x41, 0xaa, 0x3d, 0x0a,
  0xd1, 0x96, 0x22, 0x4f, 0x10, 0x3f, 0xf2, 0x69, 0xce, 0x38, 0x00, 0xc3,
  0x46, 0x08, 0x44, 0x52, 0xab, 0x2d, 0x2c, 0x1e, 0xe3, 0xd5, 0x03, 0xf9,
  0x0b, 0x15, 0x58, 0x1c, 0xd1, 0xfe, 0x07, 0xe1, 0x20, 0xfd, 0x0a, 0xfe,
  0x02, 0xf3, 0xd9, 0xfa, 0xf7, 0x55, 0xd7, 0xc5, 0x3a, 0xdb, 0xe9, 0xe6,
  0xa1, 0xd8, 0xe5, 0xbf, 0xeb, 0xdf, 0x04, 0x06, 0xe9, 0x14, 0x4d, 0xe1,
  0x5f, 0xd7, 0xf6, 0x44, 0x21, 0xe6, 0x40, 0xe4, 0x2e, 0xf3, 0x4c, 0x05,
  0x4c, 0x1a, 0x00, 0x0b, 0xc6, 0xe8, 0xff, 0x2b, 0x1a, 0xb0, 0xcc, 0x34,
  0x05, 0x27, 0xc5, 0xf8, 0xae, 0x21, 0x22, 0xdc, 0x69, 0xf7, 0xdd, 0x53,
  0xfa, 0xdd, 0x27, 0x40, 0xf9, 0x32, 0xf1, 0xe0, 0x81, 0x4d, 0x1b, 0xda,
  0x27, 0x06, 0xf8, 0x13, 0xe4, 0xd8, 0xe6, 0x2f, 0xe3, 0xed, 0xf8, 0x27,
  0x03, 0xda, 0x16, 0xed, 0xc4, 0xea, 0x05, 0x2e, 0x19, 0x35, 0x47, 0x2c,
  0x34, 0xd4, 0xcb, 0x28, 0xed, 0x27, 0x18, 0xca, 0x7f, 0xc6, 0x07, 0x32,
  0xa4, 0xdc, 0x26, 0xf0, 0xf0, 0x1e, 0xf8, 0xe6, 0xce, 0x1a, 0x2e, 0xad,
  0x46, 0xec, 0x1d, 0x3b, 0xf2, 0xbf, 0x39, 0x15, 0xde, 0x01, 0x24, 0x0a,
  0x09, 0x05, 0x27, 0x20, 0xc6, 0x14, 0xa9, 0x29, 0xeb, 0xe1, 0xf7, 0x2d,
  0x11, 0xce, 0xd7, 0xed, 0x94, 0x50, 0x23, 0xcd, 0x64, 0xae, 0x10, 0x10,
  0x22, 0xa1, 0xd1, 0xda, 0xd8, 0xe2, 0xea, 0x22, 0xe9, 0x40, 0xea, 0x00,
  0x3e, 0x38, 0x31, 0x13, 0xd2, 0xf7, 0x1b, 0x10, 0xe3, 0x1c, 0x20, 0x24,
  0x2e, 0x39, 0x11, 0xe7, 0xa9, 0x0b, 0x2e, 0x23, 0x52, 0x45, 0x1f, 0xf3,
  0x2e, 0xea, 0xe6, 0xd7, 0xe4, 0x0b, 0x27, 0xaf, 0x4d, 0x18, 0x37, 0xf4,
  0x96, 0xa4, 0x38, 0x26, 0x08, 0x28, 0xdc, 0x21, 0xa7, 0x0e, 0x20, 0xca,
  0x42, 0xec, 0x21, 0x52, 0x02, 0xdc, 0x05, 0x35, 0x18, 0xb7, 0x15, 0xe1,
  0x0a, 0xe9, 0x47, 0x09, 0xd1, 0xa2, 0xd8, 0xe5, 0x05, 0x02, 0xf0, 0x50,
  0xf2, 0x00, 0x8d, 0xd3, 0xfc, 0x1d, 0x05, 0x9a, 0x7f, 0xba, 0x21, 0x2e,
  0xd4, 0x9f, 0xe8, 0xd3, 0x35, 0x36, 0xfc, 0x28, 0xf3, 0x12, 0xe8, 0xfb,
  0x30, 0x28, 0x3a, 0x1a, 0xa4, 0xbd, 0xfe, 0x0e, 0x40, 0x0e, 0x25, 0x27,
  0x2f, 0xea, 0x39, 0x0f, 0xe5, 0x29, 0x10, 0x4c, 0x53, 0x52, 0x3d, 0x34,
  0x40, 0xd5, 0xc9, 0xc1, 0x99, 0x31, 0x34, 0x11, 0x40, 0xd6, 0xf7, 0x7a,
  0xb1, 0xcd, 0x1d, 0x27, 0xc0, 0x07, 0xcf, 0x35, 0xec, 0x36, 0x6e, 0xdc,
  0x2c, 0xea, 0xe4, 0x07, 0xe7, 0xc8, 0x01, 0xe1, 0x2c, 0xfd, 0x21, 0x07,
  0xde, 0x28, 0x0d, 0xd0, 0xb4, 0xb7, 0xcc, 0xf1, 0xed, 0x0e, 0xc4, 0xe4,
  0xe2, 0x25, 0xd9, 0x2e, 0xec, 0x0c, 0x31, 0xa8, 0x3b, 0xdf, 0x02, 0x12,
  0xbe, 0xc2, 0xf8, 0x28, 0xe2, 0x1e, 0x06, 0x0e, 0xb6, 0x58, 0xff, 0xbb,
  0x36, 0x12, 0x4f, 0x35, 0xf2, 0xcb, 0x50, 0x10, 0x51, 0xd1, 0xfd, 0x0a,
  0x59, 0xeb, 0x45, 0x40, 0xbd, 0xf1, 0xcd, 0xf7, 0xe3, 0xf8, 0xec, 0x47,
  0x29, 0x12, 0xea, 0x45, 0xf9, 0x4a, 0xb8, 0xda, 0x57, 0x09, 0x21, 0x37,
  0xa7, 0xe3, 0x26, 0x1b, 0xd7, 0x14, 0xfc, 0x0b, 0xd8, 0x3e, 0x07, 0xdb,
  0x40, 0x11, 0x28, 0x31, 0xdb, 0xe6, 0xfe, 0xfe, 0x1c, 0xff, 0x07, 0x04,
  0x15, 0xe9, 0x38, 0xf3, 0xde, 0xd0, 0x2e, 0x2b, 0x1b, 0xc2, 0xee, 0x06,
  0x1a, 0x17, 0x81, 0x11, 0xeb, 0x13, 0xec, 0xb6, 0x16, 0xd6, 0xaa, 0x2c,
  0xc7, 0x14, 0x42, 0x1a, 0xd9, 0x0b, 0xf6, 0x27, 0xb8, 0x00, 0xf0, 0xe2,
  0x2e, 0xfe, 0x54, 0x18, 0x0a, 0xd0, 0x3e, 0x33, 0x05, 0xea, 0xf8, 0xe5,
  0x12, 0xf0, 0x00, 0xd0, 0xe7, 0xc3, 0xe9, 0x16, 0x24, 0x2e, 0x17, 0x17,
  0x0d, 0xf3, 0xc5, 0xe3, 0xae, 0x56, 0x18, 0xfd, 0x7b, 0xd7, 0xc7, 0xd4,
  0xc5, 0x9b, 0xf7, 0xda, 0x26, 0xea, 0x01, 0x1c, 0xce, 0x32, 0x50, 0xbe,
  0x64, 0xfd, 0x1a, 0x45, 0xbb, 0xf4, 0xd4, 0xed, 0xde, 0xdc, 0x22, 0x31,
  0x41, 0x22, 0x47, 0x44, 0xd0, 0x23, 0xed, 0x09, 0xf3, 0x11, 0xd5, 0x13,
  0x36, 0x2b, 0xd2, 0x33, 0x05, 0xf6, 0xe1, 0xa3, 0x7f, 0xd9, 0xe1, 0x39,
  0xdc, 0xce, 0xef, 0x08, 0x29, 0xdd, 0x08, 0xfd, 0xe3, 0x3e, 0x42, 0xca,
  0x6c, 0x18, 0x0a, 0x32, 0xc7, 0xe4, 0xfb, 0x0a, 0x16, 0x0a, 0x1d, 0xfc,
  0x1f, 0x33, 0x2b, 0xd4, 0xdf, 0x14, 0xfa, 0x08, 0x3d, 0xcd, 0xf3, 0xe8,
  0x01, 0xb6, 0xc4, 0xe2, 0xf8, 0x13, 0xf5, 0xe9, 0x57, 0xe8, 0x22, 0x23,
  0xac, 0xee, 0xf0, 0xba, 0x23, 0x01, 0xdc, 0xfd, 0xc9, 0x2f, 0x18, 0xcc,
  0x70, 0x01, 0x19, 0xfe, 0xfd, 0x0c, 0x27, 0xf0, 0x03, 0xbb, 0x13, 0x07,
  0x07, 0x05, 0x38, 0xf8, 0xd8, 0x25, 0xd3, 0x17, 0xf9, 0x1b, 0x49, 0xe1,
  0x33, 0xf6, 0x98, 0x25, 0xc9, 0x15, 0x1f, 0xd9, 0x67, 0xce, 0xd2, 0xf3,
  0xb3, 0xb0, 0x3c, 0x38, 0x03, 0x15, 0x08, 0x5a, 0xe0, 0x23, 0x3d, 0x07,
  0x2f, 0x21, 0xf4, 0x55, 0xd7, 0xc1, 0xf5, 0x37, 0x0c, 0xc2, 0x42, 0xf8,
  0x08, 0xf8, 0x00, 0x33, 0xef, 0xca, 0x47, 0x0a, 0xf3, 0xd7, 0xd6, 0x05,
  0xd7, 0x0e, 0xd2, 0xf9, 0xd1, 0xf7, 0xe2, 0xc8, 0x56, 0x22, 0x23, 0x47,
  0xb2, 0xb9, 0x27, 0xfc, 0xf6, 0x2c, 0xe3, 0xea, 0xd4, 0x42, 0x4b, 0xcf,
  0x24, 0x2e, 0x58, 0x1e, 0xaf, 0xb4, 0xd4, 0x27, 0xd8, 0xcc, 0x3f, 0x33,
  0x28, 0xfa, 0x21, 0x0d, 0xdd, 0xee, 0xee, 0x27, 0xef, 0xd2, 0x1a, 0x1f,
  0x32, 0xe2, 0xcf, 0xf8, 0xd9, 0x59, 0xef, 0xca, 0x1a, 0xd6, 0xbe, 0x22,
  0xef, 0xa6, 0x39, 0x17, 0xfb, 0xe1, 0xe8, 0x21, 0xd0, 0x08, 0x01, 0xec,
  0x3f, 0xd7, 0xe0, 0x1b, 0xfe, 0x22, 0x11, 0xf4, 0x46, 0x1f, 0x22, 0x08,
  0x1e, 0x02, 0x39, 0x05, 0xbd, 0xcd, 0xf4, 0x02, 0x13, 0x31, 0xf5, 0xe5,
  0x09, 0xe8, 0xc1, 0x1e, 0xab, 0x35, 0x19, 0xd6, 0x7f, 0xfb, 0xfc, 0xfa,
  0xa7, 0xe7, 0xe5, 0xfb, 0x06, 0x21, 0xf2, 0x20, 0x96, 0x57, 0x1b, 0xc1,
  0x48, 0xcd, 0x02, 0x2f, 0xd4, 0x11, 0x1a, 0xfa, 0x53, 0xcd, 0x2b, 0x15,
  0x14, 0x2b, 0x1a, 0xf4, 0xbd, 0xfa, 0xc0, 0xfe, 0x4d, 0xf9, 0xea, 0x0f,
  0x28, 0x07, 0xd1, 0x37, 0xff, 0x2b, 0xd6, 0xd1, 0x7f, 0x32, 0xfa, 0x10,
  0xc9, 0xdc, 0x3a, 0x12, 0xf2, 0xcc, 0x06, 0x0a, 0xb6, 0xf3, 0x25, 0xa2,
  0x70, 0xd4, 0x23, 0x35, 0xd3, 0xa8, 0x17, 0xc5, 0x00, 0x1e, 0x3d, 0xdc,
  0xf4, 0x15, 0xd7, 0x18, 0xca, 0x26, 0xe0, 0x14, 0x38, 0xf7, 0x27, 0x05,
  0x47, 0xe4, 0xe2, 0xd0, 0xbb, 0x1c, 0xfe, 0xb9, 0x50, 0xc2, 0xf2, 0x26,
  0x1e, 0xbd, 0xce, 0x01, 0xff, 0xb9, 0xf8, 0xf1, 0x05, 0x1e, 0x4e, 0xfd,
  0x53, 0x31, 0x51, 0x01, 0xd9, 0xf3, 0xe0, 0x3a, 0x33, 0xd3, 0x16, 0x3c,
  0x3a, 0xf0, 0x30, 0xe9, 0xd1, 0x15, 0x0f, 0xd4, 0xea, 0xd4, 0x07, 0xfd,
  0xf1, 0xe9, 0xc6, 0xee, 0xa6, 0x06, 0xeb, 0xc7, 0x6b, 0x11, 0xdc, 0x20,
  0xc2, 0xe9, 0x2d, 0xed, 0xec, 0x16, 0xdf, 0x12, 0xc1, 0x1f, 0xe0, 0xd4,
  0x52, 0xf3, 0x28, 0x49, 0x0b, 0xde, 0x31, 0xef, 0xf1, 0xf6, 0x2a, 0xe7,
  0x19, 0xf8, 0x0a, 0x0e, 0xe3, 0xe4, 0x08, 0xfe, 0xf9, 0x0d, 0x05, 0xd4,
  0xf6, 0xf3, 0xff, 0xff, 0x04, 0x00, 0x00, 0x00, 0x60, 0x00, 0x00, 0x00,
  0x29, 0x0c, 0x00, 0x00, 0x69, 0x05, 0x00, 0x00, 0x49, 0x09, 0x00, 0x00,
  0x71, 0xff, 0xff, 0xff, 0x92, 0x08, 0x00, 0x00, 0x70, 0x07, 0x00, 0x00,
  0x49, 0x07, 0x00, 0x00, 0x46, 0x07, 0x00, 0x00, 0xd5, 0x07, 0x00, 0x00,
  0x41, 0x02, 0x00, 0x00, 0x70, 0x03, 0x00, 0x00, 0x8c, 0x04, 0x00, 0x00,
  0x1d, 0x05, 0x00, 0x00, 0xc3, 0x08, 0x00, 0x00, 0xb1, 0x06, 0x00, 0x00,
  0x64, 0x02, 0x00, 0x00, 0xbd, 0x02, 0x00, 0x00, 0xa4, 0x01, 0x00, 0x00,
  0x87, 0x03, 0x00, 0x00, 0xaf, 0x01, 0x00, 0x00, 0x49, 0x04, 0x00, 0x00,
  0xf4, 0x03, 0x00, 0x00, 0x36, 0x07, 0x00, 0x00, 0xf2, 0x09, 0x00, 0x00,
  0x62, 0xf4, 0xff, 0xff, 0x04, 0x00, 0x00, 0x00, 0x00, 0x06, 0x00, 0x00,
  0x8a, 0x00, 0x15, 0x2c, 0xfa, 0x66, 0x25, 0x0e, 0x24, 0xfb, 0xf8, 0x37,
  0x00, 0x91, 0x55, 0x2e, 0x1d, 0xf3, 0xfb, 0xc4, 0xfa, 0x8f, 0xaa, 0x19,
  0xf0, 0x01, 0xb7, 0x3d, 0xe6, 0xd2, 0x04, 0x10, 0x19, 0xde, 0x32, 0x37,
  0xca, 0xb2, 0x3d, 0x19, 0xc6, 0xd0, 0x1d, 0xe8, 0x30, 0x2b, 0x1d, 0x04,
  0x44, 0x47, 0x32, 0x4c, 0x3a, 0xde, 0xf5, 0x4f, 0x3f, 0x0c, 0xf6, 0x11,
  0xe7, 0x14, 0x59, 0x52, 0x53, 0xeb, 0x3a, 0xfb, 0x26, 0x34, 0x56, 0xdb,
  0x57, 0x46, 0x39, 0x55, 0x5b, 0xf9, 0x5d, 0xf1, 0x04, 0x10, 0x1e, 0x52,
  0xf1, 0x31, 0x4f, 0xf4, 0x26, 0xfb, 0x17, 0x60, 0x00, 0xfb, 0x4d, 0x40,
  0x3f, 0x16, 0x38, 0xda, 0x29, 0x1d, 0x46, 0xf1, 0x0b, 0x07, 0x46, 0x62,
  0x01, 0x6c, 0x16, 0x62, 0x04, 0x3b, 0x43, 0x1d, 0x31, 0x48, 0x48, 0x48,
  0xe6, 0x2e, 0x49, 0xdf, 0x3f, 0x34, 0xe6, 0x3d, 0x06, 0x51, 0xfe, 0x56,
  0x26, 0x06, 0x44, 0x4c, 0x26, 0x49, 0xf7, 0x65, 0x04, 0x24, 0x4f, 0xf7,
  0x57, 0x55, 0x1a, 0x57, 0x4c, 0x2b, 0x63, 0x58, 0x18, 0x3f, 0x36, 0xfa,
  0x25, 0x2e, 0x5c, 0x03, 0x5a, 0xfc, 0x32, 0x45, 0xec, 0xe4, 0xf0, 0xf7,
  0x38, 0x49, 0x1d, 0xee, 0x14, 0x47, 0xec, 0xeb, 0x58, 0x18, 0x57, 0x0e,
  0x20, 0x45, 0xee, 0x63, 0x1e, 0xf2, 0x2f, 0x1f, 0x21, 0x17, 0x18, 0x52,
  0x46, 0x03, 0xf2, 0x44, 0x52, 0x5e, 0x4c, 0xfd, 0x69, 0x4e, 0x16, 0x06,
  0x27, 0x2c, 0x18, 0x1d, 0x11, 0x53, 0x42, 0x41, 0x1e, 0x1b, 0x36, 0x23,
  0x1f, 0x0a, 0x61, 0xf5, 0x4e, 0x3d, 0x64, 0xf4, 0x63, 0x3d, 0x13, 0x04,
  0x2e, 0x39, 0x12, 0x39, 0x28, 0xfe, 0xee, 0xf8, 0xf3, 0x3a, 0x4d, 0x52,
  0xf0, 0x2d, 0x60, 0x40, 0x65, 0x16, 0x5e, 0x27, 0xef, 0x5a, 0xe6, 0x59,
  0x44, 0x5d, 0x5d, 0x45, 0x0e, 0x46, 0x04, 0x2a, 0xea, 0x05, 0x16, 0x11,
  0x6c, 0x52, 0xed, 0x56, 0x13, 0x1a, 0xe3, 0x1b, 0xff, 0xea, 0x50, 0x5a,
  0x1a, 0x5b, 0x64, 0xfa, 0x53, 0xf3, 0x0d, 0x21, 0x18, 0x01, 0x5c, 0x0d,
  0xfc, 0x14, 0x32, 0x3b, 0x66, 0x36, 0xfd, 0x07, 0xff, 0x38, 0x02, 0x25,
  0x04, 0x2d, 0x3d, 0x08, 0x17, 0x0f, 0x3e, 0x40, 0x0b, 0x42, 0x43, 0x5d,
  0x37, 0x30, 0xf0, 0x0b, 0xdc, 0x24, 0x38, 0xe0, 0x29, 0x49, 0x04, 0x5c,
  0x03, 0x20, 0x40, 0x4f, 0x4f, 0x5e, 0x57, 0x61, 0x1f, 0x41, 0x02, 0xf1,
  0xd9, 0xfb, 0xd5, 0xd7, 0xe6, 0xca, 0xf2, 0xd7, 0x2d, 0x15, 0x22, 0xdd,
  0xe4, 0xf1, 0xee, 0x1b, 0x00, 0x11, 0x07, 0xed, 0x26, 0x0f, 0xea, 0x08,
  0x41, 0x5c, 0x0e, 0x2e, 0xf4, 0x52, 0x22, 0x62, 0x43, 0x5b, 0x57, 0xe3,
  0xe3, 0xf0, 0x48, 0xf0, 0x06, 0x28, 0xfc, 0x69, 0x66, 0x58, 0x3b, 0x49,
  0x28, 0x5d, 0x09, 0x53, 0x61, 0x07, 0x3e, 0x3f, 0x45, 0x45, 0x2c, 0xe4,
  0x38, 0x45, 0x34, 0x00, 0x3e, 0xeb, 0xf3, 0x28, 0xe9, 0xfa, 0x09, 0x19,
  0x0f, 0x61, 0x2e, 0x44, 0xeb, 0x4e, 0x42, 0x32, 0x31, 0xe5, 0x14, 0x6f,
  0x5c, 0x18, 0x10, 0x14, 0xf7, 0x1e, 0x2e, 0x14, 0x1b, 0x4c, 0x0e, 0x63,
  0xe0, 0xee, 0xfa, 0x19, 0x12, 0xde, 0xe4, 0xff, 0x0d, 0xdb, 0x04, 0xe1,
  0xff, 0xe0, 0x20, 0xe9, 0xec, 0x0d, 0x1f, 0xf4, 0xf4, 0x06, 0xde, 0x12,
  0x2b, 0x0a, 0x1f, 0x2f, 0x01, 0x07, 0x08, 0x33, 0xc8, 0xa2, 0x43, 0xf3,
  0xf7, 0x06, 0xab, 0x53, 0xd9, 0xb2, 0xaf, 0x0e, 0x1c, 0xd0, 0x00, 0x4a,
  0xeb, 0xf9, 0x36, 0xeb, 0xe1, 0x00, 0x3f, 0xe5, 0x0a, 0xf1, 0xdd, 0x2b,
  0x01, 0xf7, 0xcd, 0x43, 0xe4, 0x1e, 0xfa, 0xe5, 0xf6, 0x28, 0xf2, 0xd7,
  0x5c, 0xf5, 0x47, 0x07, 0x57, 0x5c, 0xe4, 0x08, 0x60, 0xf5, 0xe9, 0x18,
  0xfe, 0x5d, 0x0d, 0xe8, 0x0e, 0x4e, 0x47, 0x42, 0xe9, 0x28, 0xde, 0x40,
  0xab, 0xb4, 0x4c, 0xcf, 0xd8, 0x3d, 0xf8, 0x34, 0xac, 0x0d, 0xfc, 0x60,
  0xf9, 0xa3, 0x16, 0x4e, 0x03, 0xfd, 0x2a, 0x9f, 0xc4, 0x14, 0x43, 0x02,
  0x54, 0x6b, 0xf9, 0x23, 0x47, 0x39, 0x15, 0x38, 0xea, 0xe6, 0xfe, 0xf8,
  0x67, 0x45, 0x16, 0x3a, 0x00, 0x12, 0x3c, 0x67, 0x27, 0x62, 0x50, 0x58,
  0x14, 0x4f, 0x1b, 0x34, 0x09, 0x58, 0x01, 0x66, 0x4a, 0x57, 0x1e, 0xfe,
  0xfc, 0xf8, 0x41, 0x0a, 0x55, 0x4a, 0x46, 0x6e, 0x12, 0x24, 0x04, 0x21,
  0x0e, 0xd6, 0xc1, 0xc6, 0xad, 0xcf, 0xe5, 0x47, 0xd9, 0x07, 0x05, 0x66,
  0x33, 0xf3, 0xb7, 0xb8, 0x2e, 0x4f, 0xfe, 0xdd, 0x69, 0x62, 0x8f, 0x14,
  0x51, 0xef, 0xfd, 0x21, 0x58, 0x24, 0x4f, 0xe4, 0xde, 0x56, 0x08, 0x00,
  0x56, 0x49, 0x19, 0x44, 0x17, 0x2c, 0x27, 0x1c, 0x5b, 0x07, 0xec, 0x53,
  0xfa, 0xf3, 0xf9, 0x0c, 0xea, 0xf8, 0xf6, 0x0d, 0xf9, 0xfb, 0xff, 0x14,
  0xf7, 0x06, 0xf6, 0xf0, 0x04, 0xfe, 0xf6, 0x1f, 0x0c, 0xfb, 0xf5, 0xef,
  0x0d, 0x28, 0x20, 0x42, 0x32, 0x29, 0x32, 0x58, 0x36, 0x14, 0x24, 0x45,
  0x18, 0x22, 0x58, 0x19, 0xe6, 0x26, 0x50, 0xed, 0x46, 0x23, 0x25, 0x54,
  0x65, 0x14, 0x5f, 0x24, 0x29, 0x69, 0xfa, 0x0c, 0x18, 0x16, 0x52, 0xef,
  0x34, 0x59, 0x54, 0x1e, 0xe2, 0x71, 0x53, 0x09, 0x22, 0x64, 0xe7, 0xfe,
  0x31, 0x32, 0x53, 0x31, 0x1b, 0xf5, 0x5c, 0x38, 0x15, 0x25, 0x27, 0x5e,
  0x2e, 0x4d, 0x06, 0x06, 0x35, 0xfa, 0x33, 0x34, 0xf8, 0xfb, 0x56, 0x5c,
  0x11, 0x45, 0x11, 0x5a, 0xe5, 0x5a, 0xeb, 0x00, 0x4a, 0x52, 0x62, 0xfc,
  0xe2, 0x24, 0x1c, 0x1d, 0xf1, 0x51, 0x27, 0x3d, 0xf1, 0x2e, 0x52, 0x44,
  0x05, 0x38, 0xff, 0x58, 0x42, 0x10, 0x3a, 0xfa, 0xef, 0x40, 0x5b, 0x21,
  0xf3, 0x0a, 0x23, 0x02, 0x43, 0x36, 0xfd, 0x67, 0xfb, 0x14, 0xef, 0xf5,
  0x01, 0xfd, 0x3d, 0x13, 0x4b, 0x2c, 0x4e, 0x1f, 0x2e, 0x15, 0x2e, 0x1e,
  0x14, 0xff, 0x57, 0x42, 0xeb, 0x00, 0x45, 0x01, 0x5f, 0x46, 0x1b, 0x40,
  0x2e, 0xec, 0xef, 0x43, 0xe0, 0x58, 0x00, 0x4e, 0xfb, 0xf5, 0x19, 0xee,
  0x4b, 0x17, 0x1e, 0x35, 0x34, 0x5f, 0x28, 0xff, 0x58, 0x0e, 0xf3, 0x53,
  0x63, 0xfc, 0x13, 0xf0, 0xfa, 0xf2, 0x23, 0x5e, 0x39, 0x4d, 0x73, 0x14,
  0xf5, 0x39, 0xee, 0xff, 0x51, 0xec, 0x0d, 0x62, 0x5b, 0x05, 0x4b, 0x4d,
  0x40, 0x4a, 0x41, 0xfb, 0x00, 0x2c, 0x49, 0xfa, 0x68, 0x05, 0xfc, 0xfe,
  0x1f, 0x1a, 0x4b, 0x31, 0x5e, 0x14, 0x57, 0xfd, 0x2f, 0x3d, 0x1f, 0xea,
  0x50, 0xee, 0x45, 0x1b, 0x39, 0x19, 0x51, 0x61, 0x45, 0x28, 0x4b, 0x47,
  0x5b, 0x1d, 0x4f, 0x4a, 0x5b, 0x08, 0x34, 0x11, 0x4a, 0xf9, 0x27, 0x19,
  0x6a, 0x1c, 0x18, 0x30, 0x56, 0x45, 0x32, 0x17, 0x46, 0x47, 0x3a, 0x07,
  0xe7, 0x4a, 0xf3, 0x17, 0xff, 0x3e, 0x01, 0xf8, 0x2a, 0x16, 0x62, 0x64,
  0xf6, 0x41, 0x5c, 0x52, 0x3a, 0x50, 0x42, 0x17, 0x63, 0x4e, 0x67, 0xe9,
  0xff, 0xf7, 0xf3, 0x02, 0x22, 0x5a, 0xfb, 0x56, 0xe4, 0x41, 0x5e, 0xfc,
  0x39, 0xf0, 0x4b, 0xdf, 0x36, 0x26, 0xca, 0xa7, 0x0a, 0xdc, 0x97, 0x39,
  0x55, 0x06, 0xe7, 0x81, 0x25, 0x3a, 0xbb, 0x35, 0x30, 0xd5, 0xd4, 0x0c,
  0xec, 0xeb, 0xfe, 0x0c, 0x16, 0x03, 0x04, 0xf3, 0xe9, 0x12, 0x03, 0xf2,
  0xef, 0xf0, 0xf6, 0x04, 0xe8, 0x0f, 0xef, 0x18, 0xef, 0xf4, 0xf3, 0x0f,
  0x44, 0x1e, 0x4c, 0x0e, 0x4f, 0xe8, 0x08, 0xec, 0x42, 0x36, 0x55, 0x0c,
  0x45, 0x3c, 0x23, 0xff, 0xf8, 0x54, 0xf9, 0xf2, 0xf7, 0x0b, 0x07, 0x26,
  0x43, 0x46, 0x46, 0x0d, 0x5e, 0x58, 0x0f, 0x3c, 0x29, 0x35, 0x4c, 0x65,
  0x19, 0x3a, 0xf8, 0x3e, 0x47, 0x69, 0xed, 0xfe, 0x41, 0x5c, 0x4f, 0x1e,
  0xb6, 0xff, 0xf9, 0xea, 0xc8, 0xb8, 0xa8, 0xf2, 0x61, 0xb1, 0xb2, 0x23,
  0xbe, 0xec, 0xf8, 0x26, 0x60, 0xad, 0x54, 0x45, 0x18, 0x4d, 0x33, 0x21,
  0x3d, 0xcf, 0xd7, 0x49, 0xc2, 0xb1, 0xef, 0xac, 0x06, 0x06, 0x58, 0x40,
  0xfe, 0x2d, 0x1d, 0xbd, 0x23, 0xb0, 0xde, 0x35, 0xf3, 0x27, 0xfa, 0x04,
  0x00, 0x1e, 0x56, 0x1f, 0x3b, 0x30, 0x6b, 0xf5, 0x0b, 0x39, 0x61, 0x70,
  0x17, 0x11, 0x5a, 0x21, 0x68, 0xf8, 0x40, 0xfa, 0x22, 0x39, 0x4e, 0xfc,
  0x0d, 0xf5, 0x31, 0xf0, 0x1f, 0x1b, 0x01, 0x1a, 0x01, 0xf7, 0x47, 0x2c,
  0x5f, 0x00, 0x16, 0x4d, 0x17, 0x16, 0xe1, 0x6e, 0xfd, 0x20, 0x41, 0x68,
  0xfe, 0xfd, 0xec, 0x28, 0x09, 0xfc, 0xed, 0xf9, 0xf7, 0x04, 0xd4, 0xed,
  0xf0, 0x03, 0x2f, 0xe9, 0xf4, 0x13, 0xf5, 0x21, 0xc9, 0xe4, 0xea, 0xea,
  0xff, 0x35, 0x02, 0xde, 0x53, 0x59, 0x55, 0xf2, 0x5e, 0x50, 0x64, 0x25,
  0x60, 0x59, 0xe6, 0x4e, 0xe7, 0x3f, 0x4f, 0x05, 0x32, 0x3f, 0xf4, 0xe6,
  0x57, 0x5a, 0x18, 0xdb, 0xf2, 0x1c, 0x59, 0xeb, 0xf8, 0x34, 0x2a, 0x60,
  0xfe, 0x18, 0x15, 0x43, 0x4b, 0xf2, 0x5c, 0x10, 0x27, 0xe6, 0x30, 0x5d,
  0x61, 0x2b, 0x59, 0x5e, 0x64, 0x41, 0x5c, 0x15, 0x15, 0xeb, 0x22, 0x29,
  0x35, 0xf6, 0x69, 0x15, 0x55, 0x22, 0x01, 0x16, 0x68, 0x6f, 0xe3, 0xea,
  0xf3, 0x28, 0x25, 0xe9, 0x6c, 0xf7, 0x6b, 0x5d, 0x05, 0x02, 0x6a, 0xfa,
  0x46, 0x48, 0x2c, 0x43, 0x61, 0x4f, 0x2e, 0x13, 0xed, 0xef, 0x51, 0xff,
  0xd4, 0xd7, 0x1c, 0xda, 0xfa, 0x0f, 0xc7, 0xf7, 0xf2, 0xde, 0x26, 0x13,
  0xea, 0xef, 0xd5, 0xc9, 0x23, 0x10, 0x11, 0x03, 0x02, 0xd9, 0xf1, 0x20,
  0x10, 0x2c, 0x6f, 0x30, 0x22, 0x13, 0xf1, 0x2f, 0x30, 0x2c, 0x21, 0x48,
  0x0a, 0x30, 0x09, 0x47, 0x52, 0x07, 0x55, 0x11, 0x27, 0x28, 0x65, 0x38,
  0x5d, 0x0d, 0x10, 0x47, 0x55, 0x14, 0xe5, 0x14, 0x3a, 0x44, 0xfa, 0xfb,
  0x23, 0x65, 0x5d, 0xf8, 0xdd, 0x4e, 0x0d, 0x41, 0x27, 0x1c, 0x3f, 0xfe,
  0x1a, 0x4d, 0xef, 0x61, 0x3e, 0x4d, 0x68, 0x1b, 0x31, 0x10, 0x2a, 0x2b,
  0x41, 0x6b, 0x18, 0x00, 0x34, 0x14, 0x59, 0x57, 0x62, 0x24, 0x32, 0xed,
  0x4e, 0xef, 0xeb, 0x00, 0x01, 0x5d, 0x13, 0x57, 0x1e, 0xea, 0x00, 0x65,
  0x58, 0x27, 0x4c, 0xf7, 0xe5, 0xef, 0x2d, 0xf3, 0x28, 0x1d, 0x56, 0x1b,
  0x08, 0x31, 0x09, 0x4b, 0xff, 0x18, 0x11, 0x41, 0xfa, 0x22, 0x2d, 0xfd,
  0x51, 0x06, 0x2d, 0x52, 0xf7, 0x3f, 0x5d, 0xfd, 0x6f, 0x58, 0x62, 0x46,
  0xd0, 0xd8, 0xdc, 0x06, 0xf4, 0x1f, 0x17, 0xd8, 0xf7, 0x0a, 0xca, 0x25,
  0x19, 0x22, 0xce, 0xd0, 0x19, 0x0a, 0x19, 0xff, 0xe5, 0xef, 0xd9, 0xd0,
  0x0b, 0x09, 0x16, 0xf7, 0xf3, 0xfb, 0x22, 0xf9, 0xfa, 0x1c, 0x00, 0xf9,
  0xf3, 0x00, 0xfd, 0x11, 0xf0, 0xff, 0xf0, 0xf2, 0x00, 0xf9, 0x03, 0xe8,
  0x13, 0x3f, 0x43, 0x4a, 0x42, 0x26, 0x65, 0x56, 0x58, 0x37, 0xfe, 0xfb,
  0x0b, 0xfb, 0x28, 0x60, 0xe5, 0x57, 0x22, 0x16, 0x09, 0x05, 0x40, 0xf0,
  0x11, 0xfa, 0xf6, 0x3f, 0x35, 0x01, 0x38, 0x62, 0x68, 0x2d, 0x15, 0xfd,
  0x53, 0x2a, 0x10, 0x1a, 0x29, 0x34, 0xf0, 0xf2, 0x1e, 0x57, 0x58, 0xeb,
  0x29, 0xeb, 0xf2, 0x3e, 0xe2, 0x54, 0xf4, 0x4e, 0x65, 0x20, 0x5c, 0x01,
  0x24, 0x2c, 0x50, 0xf2, 0x55, 0x4e, 0xff, 0x61, 0x5a, 0x34, 0xea, 0x47,
  0x6e, 0xfa, 0xff, 0xff, 0x04, 0x00, 0x00, 0x00, 0x00, 0x01, 0x00, 0x00,
  0x57, 0x2f, 0x00, 0x00, 0x6d, 0x08, 0x00, 0x00, 0xc0, 0x5a, 0x00, 0x00,
  0xda, 0x6b, 0x00, 0x00, 0x8c, 0x65, 0x00, 0x00, 0x5c, 0x67, 0x00, 0x00,
  0xfa, 0x5f, 0x00, 0x00, 0x52, 0x6c, 0x00, 0x00, 0x37, 0x67, 0x00, 0x00,
  0x5e, 0x66, 0x00, 0x00, 0xdf, 0x60, 0x00, 0x00, 0x26, 0x6a, 0x00, 0x00,
  0xfa, 0x6c, 0x00, 0x00, 0x54, 0x5c, 0x00, 0x00, 0x0b, 0xed, 0xff, 0xff,
  0x93, 0x64, 0x00, 0x00, 0x3b, 0x66, 0x00, 0x00, 0xd7, 0x6a, 0x00, 0x00,
  0x46, 0xf0, 0xff, 0xff, 0x24, 0x17, 0x00, 0x00, 0x4f, 0x12, 0x00, 0x00,
  0x79, 0x5d, 0x00, 0x00, 0xd9, 0x38, 0x00, 0x00, 0x2d, 0x68, 0x00, 0x00,
  0x25, 0x6f, 0x00, 0x00, 0x38, 0x39, 0x00, 0x00, 0xa6, 0x59, 0x00, 0x00,
  0x5d, 0xf1, 0xff, 0xff, 0xdc, 0x69, 0x00, 0x00, 0x07, 0x6b, 0x00, 0x00,
  0x0e, 0x69, 0x00, 0x00, 0x37, 0x64, 0x00, 0x00, 0x8f, 0x73, 0x00, 0x00,
  0xf3, 0x60, 0x00, 0x00, 0x4f, 0x71, 0x00, 0x00, 0x21, 0x6b, 0x00, 0x00,
  0xf7, 0x67, 0x00, 0x00, 0x91, 0x5f, 0x00, 0x00, 0xf6, 0x68, 0x00, 0x00,
  0x94, 0x68, 0x00, 0x00, 0x8d, 0x35, 0x00, 0x00, 0x0d, 0xf1, 0xff, 0xff,
  0x5a, 0x60, 0x00, 0x00, 0x59, 0x6c, 0x00, 0x00, 0x4e, 0x2f, 0x00, 0x00,
  0x33, 0x1e, 0x00, 0x00, 0x84, 0x71, 0x00, 0x00, 0xfe, 0x6f, 0x00, 0x00,
  0xac, 0xf0, 0xff, 0xff, 0x0b, 0x62, 0x00, 0x00, 0x1e, 0x61, 0x00, 0x00,
  0x37, 0x70, 0x00, 0x00, 0xa8, 0x70, 0x00, 0x00, 0xb6, 0xee, 0xff, 0xff,
  0xb8, 0x6d, 0x00, 0x00, 0x70, 0x65, 0x00, 0x00, 0xd0, 0x6b, 0x00, 0x00,
  0xf3, 0x63, 0x00, 0x00, 0x03, 0x6b, 0x00, 0x00, 0x8b, 0xe8, 0xff, 0xff,
  0x47, 0x06, 0x00, 0x00, 0xf3, 0x69, 0x00, 0x00, 0x22, 0x67, 0x00, 0x00,
  0x46, 0x65, 0x00, 0x00, 0x7a, 0xfb, 0xff, 0xff, 0x04, 0x00, 0x00, 0x00,
  0x00, 0x04, 0x00, 0x00, 0xfd, 0x04, 0xeb, 0xfe, 0x0b, 0xed, 0xf8, 0x07,
  0x00, 0x0c, 0x04, 0xf6, 0xef, 0xff, 0x00, 0x0b, 0x03, 0x06, 0x00, 0x07,
  0x00, 0x05, 0x03, 0xf9, 0x0c, 0x04, 0x03, 0x00, 0xf0, 0xf6, 0xff, 0x03,
  0xea, 0x0f, 0x09, 0xf5, 0xed, 0x0d, 0xf8, 0xff, 0xfa, 0x00, 0xfa, 0xf0,
  0x00, 0xff, 0xfe, 0xf9, 0x00, 0x0c, 0x01, 0xee, 0xf8, 0x00, 0xfa, 0xfa,
  0x10, 0xee, 0x05, 0xf1, 0x00, 0xea, 0xf8, 0x01, 0x00, 0x00, 0xf2, 0x0f,
  0x12, 0x01, 0xfa, 0x0c, 0x05, 0x01, 0xf3, 0xfc, 0xfb, 0x0b, 0x00, 0xf7,
  0xf6, 0xf1, 0x00, 0xf8, 0x00, 0xf4, 0x00, 0xf9, 0xf4, 0x02, 0x04, 0x00,
  0xfc, 0xf3, 0xf8, 0xfc, 0xfd, 0xf6, 0xfe, 0x0e, 0xf0, 0x03, 0x06, 0xf3,
  0xff, 0x00, 0xed, 0xf7, 0x00, 0x00, 0x0f, 0x11, 0x00, 0x0c, 0xff, 0xf4,
  0xf9, 0xff, 0xf6, 0x06, 0xf6, 0x0f, 0xf2, 0xff, 0x00, 0xfc, 0x00, 0x05,
  0x4f, 0x1c, 0x10, 0x00, 0x0f, 0xfe, 0x1f, 0x25, 0x1d, 0x1b, 0x0b, 0xfe,
  0x17, 0x04, 0x01, 0x02, 0x00, 0x07, 0x02, 0x2f, 0x31, 0x24, 0x56, 0x1d,
  0x15, 0x53, 0x16, 0x0c, 0xfd, 0x13, 0x1d, 0x0e, 0x20, 0x19, 0x18, 0x0b,
  0x0b, 0x0e, 0x07, 0x0d, 0x4d, 0x03, 0x21, 0x1b, 0x4e, 0x36, 0x1e, 0x18,
  0x08, 0x00, 0x24, 0x21, 0x24, 0xf5, 0x07, 0x1c, 0x23, 0x0d, 0x19, 0xf8,
  0x11, 0x06, 0x1a, 0x15, 0x00, 0x04, 0xeb, 0xf9, 0x04, 0xef, 0x0b, 0xf7,
  0xf2, 0x08, 0xef, 0xf2, 0x09, 0xf0, 0x00, 0xf2, 0x01, 0xed, 0x00, 0xf7,
  0x00, 0xf9, 0x00, 0x0c, 0xf2, 0x00, 0xff, 0x00, 0xfa, 0xf8, 0x0d, 0x05,
  0xff, 0x01, 0x01, 0xf5, 0x01, 0xed, 0xe8, 0xf8, 0xf6, 0x00, 0x0a, 0xf8,
  0x00, 0x00, 0x04, 0x0d, 0x00, 0x08, 0x0c, 0x0a, 0x08, 0x01, 0x06, 0xf1,
  0x07, 0x0a, 0xf6, 0x01, 0x00, 0x01, 0xff, 0x09, 0xff, 0xfc, 0x0c, 0xf3,
  0x0c, 0x0e, 0xef, 0xf2, 0x00, 0xf0, 0xef, 0x07, 0x04, 0x00, 0x00, 0xf0,
  0x11, 0xf6, 0x00, 0xff, 0x00, 0x0e, 0x00, 0xfb, 0xf2, 0xfd, 0xf1, 0x00,
  0xf6, 0x0a, 0xfb, 0xfe, 0xf3, 0xf6, 0xf1, 0xf8, 0xf6, 0xef, 0xf3, 0x0b,
  0x01, 0x00, 0xee, 0x10, 0x00, 0x00, 0x04, 0xf2, 0x00, 0xf1, 0xf4, 0x0e,
  0x0f, 0x00, 0x0a, 0xf3, 0x02, 0xfc, 0x12, 0x00, 0x00, 0x00, 0x01, 0xf5,
  0x05, 0x04, 0xfb, 0x01, 0xfb, 0x07, 0x0a, 0xf7, 0x10, 0xfa, 0xff, 0x01,
  0x03, 0x0d, 0x00, 0xfb, 0x00, 0xfa, 0x00, 0x06, 0x05, 0xfc, 0x05, 0x02,
  0x03, 0x05, 0x09, 0x00, 0xf8, 0x0b, 0x06, 0xf8, 0xfb, 0x09, 0xfb, 0x02,
  0xfa, 0xf4, 0xf8, 0x04, 0x06, 0x00, 0xf8, 0x0d, 0x04, 0x05, 0xfc, 0x06,
  0x00, 0xf5, 0xf7, 0x00, 0xff, 0x00, 0xf5, 0x06, 0x0f, 0xf9, 0xfd, 0x00,
  0x05, 0xfe, 0x06, 0xf8, 0x07, 0x08, 0xfc, 0x11, 0x06, 0x01, 0x0d, 0x0b,
  0xf7, 0xea, 0xfd, 0xf3, 0xeb, 0x15, 0x00, 0x01, 0x0c, 0x09, 0x00, 0x0f,
  0xff, 0xf9, 0x04, 0x07, 0xfe, 0x07, 0xf2, 0x00, 0xfa, 0xee, 0x0f, 0x04,
  0xf8, 0xfc, 0xfc, 0xee, 0xf7, 0xfc, 0xed, 0xf1, 0x04, 0x00, 0xf5, 0xfe,
  0x00, 0xf7, 0xf6, 0xf6, 0x00, 0xfd, 0xfe, 0x07, 0x08, 0xfa, 0x07, 0x0e,
  0xe8, 0xf9, 0xf6, 0xf7, 0xff, 0x03, 0xf9, 0xeb, 0x00, 0xff, 0xe9, 0xf5,
  0x0d, 0x00, 0x06, 0x0a, 0x12, 0xf4, 0x0b, 0xed, 0xf3, 0x01, 0x00, 0xf4,
  0xf4, 0x0f, 0x00, 0x04, 0x00, 0x10, 0x04, 0x08, 0xf1, 0x02, 0x00, 0x00,
  0xf5, 0xeb, 0xfd, 0xef, 0x02, 0xf1, 0x04, 0xfe, 0xfa, 0xf2, 0xf9, 0x08,
  0x11, 0x00, 0xfd, 0xf9, 0x00, 0x00, 0xf1, 0x00, 0x00, 0x12, 0xf1, 0xf2,
  0xff, 0x03, 0xf4, 0xf7, 0xf4, 0x0d, 0x0e, 0x00, 0x00, 0x01, 0xfe, 0x0e,
  0x01, 0xfc, 0xf4, 0x0a, 0x01, 0xf9, 0x0e, 0xf8, 0x10, 0xf4, 0xf8, 0xfc,
  0x02, 0x03, 0x00, 0xf6, 0x00, 0xf2, 0x00, 0xff, 0x00, 0xfd, 0x00, 0xfe,
  0x01, 0x00, 0x06, 0x00, 0xfc, 0xff, 0xfa, 0x06, 0x07, 0xfa, 0x02, 0xf9,
  0x09, 0xfe, 0x00, 0x0e, 0xff, 0x00, 0x03, 0xfc, 0x00, 0x00, 0xf8, 0xfb,
  0x02, 0xf5, 0xf6, 0xf7, 0xf7, 0x04, 0x0c, 0xfb, 0xf3, 0xf1, 0xf6, 0x03,
  0x00, 0x09, 0xf8, 0x0c, 0x52, 0x23, 0x0e, 0x09, 0xfe, 0x20, 0x11, 0x18,
  0xfd, 0x1f, 0x19, 0x08, 0x0a, 0x14, 0x08, 0x1c, 0x12, 0x16, 0xfb, 0x42,
  0x23, 0x12, 0x5a, 0x02, 0x21, 0x7f, 0x1e, 0xff, 0x1d, 0x12, 0x1f, 0x1f,
  0x22, 0x1d, 0x13, 0x09, 0x27, 0x0d, 0x0d, 0x11, 0x42, 0xfd, 0x11, 0x01,
  0x54, 0x37, 0x10, 0x1d, 0xfd, 0x13, 0x16, 0x07, 0x0f, 0xfb, 0x22, 0x21,
  0x20, 0x27, 0x1f, 0xf6, 0x12, 0x11, 0x19, 0x0e, 0x6b, 0x24, 0x19, 0x00,
  0x1c, 0x1d, 0x14, 0x10, 0x19, 0x01, 0x08, 0x1e, 0x26, 0x2a, 0xf8, 0x1a,
  0x09, 0x10, 0x0d, 0x30, 0x1a, 0x25, 0x63, 0x14, 0xff, 0x77, 0x07, 0xff,
  0x23, 0x06, 0xfd, 0x0d, 0x14, 0x29, 0x1c, 0x22, 0x00, 0x08, 0x12, 0x1e,
  0x43, 0x01, 0x1f, 0x04, 0x66, 0x2e, 0xfe, 0x10, 0x01, 0x24, 0x11, 0x24,
  0x03, 0xfc, 0x28, 0xfb, 0x23, 0x09, 0xfc, 0x08, 0x11, 0x2a, 0x15, 0x1f,
  0xfe, 0xf8, 0xf2, 0xfb, 0xf2, 0xf9, 0xf2, 0x0f, 0x01, 0xed, 0xec, 0x0e,
  0xef, 0x0d, 0x00, 0xff, 0x0a, 0xf8, 0x02, 0x02, 0x00, 0xf3, 0xff, 0x12,
  0x06, 0xf9, 0x06, 0x00, 0x06, 0xe8, 0x0b, 0xf8, 0xf7, 0x11, 0xfb, 0x0c,
  0xf1, 0x03, 0xf1, 0x0d, 0x13, 0x00, 0xf3, 0xed, 0x00, 0xff, 0xf0, 0xef,
  0xfd, 0xf0, 0x0f, 0x0f, 0x0d, 0x00, 0xee, 0x0e, 0xf8, 0x05, 0xfd, 0xf7,
  0x00, 0xf3, 0x05, 0xf5, 0x78, 0x20, 0x1f, 0x1b, 0x03, 0x26, 0x12, 0x28,
  0x0c, 0x1b, 0x16, 0x1a, 0x23, 0x2d, 0x02, 0x03, 0x29, 0x14, 0x02, 0x58,
  0x25, 0x0f, 0x60, 0x02, 0x06, 0x6d, 0x24, 0x06, 0x23, 0x0c, 0x06, 0x24,
  0xfe, 0x04, 0x17, 0x19, 0x0f, 0x09, 0x27, 0x0b, 0x3d, 0x00, 0x07, 0xfe,
  0x4a, 0x3a, 0xfc, 0x04, 0xff, 0x21, 0x24, 0xfc, 0x19, 0x0e, 0x0a, 0xff,
  0x09, 0x26, 0xfc, 0xf6, 0x11, 0x08, 0x01, 0x0f, 0x72, 0x1a, 0x24, 0x07,
  0x21, 0x19, 0x0f, 0x1b, 0x1d, 0x06, 0xfa, 0x23, 0x09, 0x15, 0xfc, 0x1c,
  0x28, 0x19, 0x05, 0x37, 0x28, 0x1e, 0x5e, 0x07, 0xfb, 0x6b, 0x18, 0xfd,
  0x00, 0x01, 0x07, 0x23, 0x0d, 0x2b, 0x0b, 0x16, 0x20, 0xff, 0x1f, 0x07,
  0x46, 0x00, 0x20, 0x15, 0x42, 0x31, 0x0d, 0x08, 0x00, 0x11, 0x13, 0x08,
  0x08, 0x0a, 0x06, 0x1d, 0xfb, 0xfa, 0x02, 0x0b, 0x11, 0x23, 0x1b, 0x03,
  0x48, 0x08, 0x05, 0x27, 0x16, 0x10, 0x02, 0x07, 0x15, 0x1e, 0x15, 0x04,
  0x16, 0x12, 0x01, 0x1d, 0x11, 0x1c, 0xf9, 0x35, 0x2a, 0x09, 0x52, 0x1f,
  0x15, 0x74, 0x1a, 0xfe, 0x02, 0x18, 0x24, 0x26, 0x09, 0xfe, 0xfe, 0x21,
  0x0a, 0x15, 0x0f, 0x24, 0x5d, 0xfe, 0x1e, 0x06, 0x57, 0x3e, 0x1c, 0x24,
  0xfd, 0x21, 0x19, 0x0e, 0x1b, 0xf6, 0x15, 0x12, 0x10, 0x21, 0x04, 0xfa,
  0x11, 0xfe, 0x18, 0x1f, 0x53, 0x0b, 0x20, 0x24, 0x1d, 0x11, 0x1b, 0x02,
  0x0d, 0x08, 0x20, 0x2a, 0x0b, 0xfd, 0xf3, 0x07, 0x16, 0x14, 0xfc, 0x30,
  0x17, 0x1f, 0x5e, 0x17, 0x17, 0x58, 0x0a, 0xf3, 0x1d, 0x1c, 0x05, 0xfb,
  0x26, 0x08, 0x20, 0x16, 0x1d, 0x21, 0x12, 0x09, 0x40, 0xfb, 0x1f, 0x1c,
  0x54, 0x32, 0x15, 0x17, 0xf6, 0x07, 0x05, 0x16, 0x08, 0xfe, 0x0a, 0x1b,
  0xfc, 0x22, 0x28, 0x05, 0x11, 0x22, 0x1a, 0x14, 0x86, 0xff, 0xff, 0xff,
  0x04, 0x00, 0x00, 0x00, 0x40, 0x00, 0x00, 0x00, 0x13, 0xff, 0xff, 0xff,
  0x5c, 0xff, 0xff, 0xff, 0x8e, 0x09, 0x00, 0x00, 0x0a, 0xff, 0xff, 0xff,
  0x69, 0xff, 0xff, 0xff, 0x39, 0x00, 0x00, 0x00, 0x83, 0xff, 0xff, 0xff,
  0x6f, 0xff, 0xff, 0xff, 0x9d, 0xff, 0xff, 0xff, 0xba, 0x09, 0x00, 0x00,
  0x48, 0x0a, 0x00, 0x00, 0x81, 0xff, 0xff, 0xff, 0x30, 0x0a, 0x00, 0x00,
  0x96, 0x0a, 0x00, 0x00, 0x92, 0x09, 0x00, 0x00, 0x85, 0x09, 0x00, 0x00,
  0xd2, 0xff, 0xff, 0xff, 0x04, 0x00, 0x00, 0x00, 0x10, 0x00, 0x00, 0x00,
  0xeb, 0xc2, 0x6d, 0xc1, 0xe8, 0x0a, 0xd5, 0xf2, 0xd9, 0x6d, 0x33, 0xa7,
  0x5c, 0x42, 0x64, 0x7f, 0xee, 0xff, 0xff, 0xff, 0x04, 0x00, 0x00, 0x00,
  0x04, 0x00, 0x00, 0x00, 0x3b, 0x02, 0x00, 0x00, 0x00, 0x00, 0x06, 0x00,
  0x08, 0x00, 0x04, 0x00, 0x06, 0x00, 0x00, 0x00, 0x04, 0x00, 0x00, 0x00,
  0x08, 0x00, 0x00, 0x00, 0x01, 0x00, 0x00, 0x00, 0x02, 0x00, 0x00, 0x00,
  0xe0, 0xe6, 0xff, 0xff, 0xe4, 0xe6, 0xff, 0xff, 0x0f, 0x00, 0x00, 0x00,
  0x4d, 0x4c, 0x49, 0x52, 0x20, 0x43, 0x6f, 0x6e, 0x76, 0x65, 0x72, 0x74,
  0x65, 0x64, 0x2e, 0x00, 0x01, 0x00, 0x00, 0x00, 0x14, 0x00, 0x00, 0x00,
  0x00, 0x00, 0x0e, 0x00, 0x18, 0x00, 0x14, 0x00, 0x10, 0x00, 0x0c, 0x00,
  0x08, 0x00, 0x04, 0x00, 0x0e, 0x00, 0x00, 0x00, 0x14, 0x00, 0x00, 0x00,
  0x1c, 0x00, 0x00, 0x00, 0x2c, 0x03, 0x00, 0x00, 0x30, 0x03, 0x00, 0x00,
  0x34, 0x03, 0x00, 0x00, 0x04, 0x00, 0x00, 0x00, 0x6d, 0x61, 0x69, 0x6e,
  0x00, 0x00, 0x00, 0x00, 0x0b, 0x00, 0x00, 0x00, 0xc4, 0x02, 0x00, 0x00,
  0x60, 0x02, 0x00, 0x00, 0x04, 0x02, 0x00, 0x00, 0xc0, 0x01, 0x00, 0x00,
  0x70, 0x01, 0x00, 0x00, 0x30, 0x01, 0x00, 0x00, 0xf0, 0x00, 0x00, 0x00,
  0xbc, 0x00, 0x00, 0x00, 0x78, 0x00, 0x00, 0x00, 0x3c, 0x00, 0x00, 0x00,
  0x04, 0x00, 0x00, 0x00, 0x6e, 0xfe, 0xff, 0xff, 0x14, 0x00, 0x00, 0x00,
  0x00, 0x00, 0x00, 0x08, 0x10, 0x00, 0x00, 0x00, 0x14, 0x00, 0x00, 0x00,
  0x03, 0x00, 0x00, 0x00, 0x80, 0xe7, 0xff, 0xff, 0x01, 0x00, 0x00, 0x00,
  0x1c, 0x00, 0x00, 0x00, 0x03, 0x00, 0x00, 0x00, 0x1b, 0x00, 0x00, 0x00,
  0x03, 0x00, 0x00, 0x00, 0x02, 0x00, 0x00, 0x00, 0xa2, 0xfe, 0xff, 0xff,
  0x14, 0x00, 0x00, 0x00, 0x00, 0x00, 0x00, 0x08, 0x14, 0x00, 0x00, 0x00,
  0x18, 0x00, 0x00, 0x00, 0x03, 0x00, 0x00, 0x00, 0xc6, 0xff, 0xff, 0xff,
  0x00, 0x00, 0x00, 0x01, 0x01, 0x00, 0x00, 0x00, 0x1b, 0x00, 0x00, 0x00,
  0x03, 0x00, 0x00, 0x00, 0x1a, 0x00, 0x00, 0x00, 0x05, 0x00, 0x00, 0x00,
  0x04, 0x00, 0x00, 0x00, 0x42, 0xfe, 0xff, 0xff, 0x1c, 0x00, 0x00, 0x00,
  0x00, 0x00, 0x00, 0x08, 0x1c, 0x00, 0x00, 0x00, 0x20, 0x00, 0x00, 0x00,
  0x03, 0x00, 0x00, 0x00, 0x00, 0x00, 0x06, 0x00, 0x08, 0x00, 0x07, 0x00,
  0x06, 0x00, 0x00, 0x00, 0x00, 0x00, 0x00, 0x01, 0x01, 0x00, 0x00, 0x00,
  0x1a, 0x00, 0x00, 0x00, 0x03, 0x00, 0x00, 0x00, 0x19, 0x00, 0x00, 0x00,
  0x07, 0x00, 0x00, 0x00, 0x06, 0x00, 0x00, 0x00, 0x1a, 0xff, 0xff, 0xff,
  0x14, 0x00, 0x00, 0x00, 0x00, 0x00, 0x00, 0x1b, 0x10, 0x00, 0x00, 0x00,
  0x14, 0x00, 0x00, 0x00, 0x02, 0x00, 0x00, 0x00, 0x2c, 0xe8, 0xff, 0xff,
  0x01, 0x00, 0x00, 0x00, 0x19, 0x00, 0x00, 0x00, 0x02, 0x00, 0x00, 0x00,
  0x18, 0x00, 0x00, 0x00, 0x01, 0x00, 0x00, 0x00, 0x52, 0xfe, 0xff, 0xff,
  0x10, 0x00, 0x00, 0x00, 0x00, 0x00, 0x00, 0x01, 0x18, 0x00, 0x00, 0x00,
  0x1c, 0x00, 0x00, 0x00, 0xfc, 0xfe, 0xff, 0xff, 0x00, 0x00, 0x00, 0x01,
  0x01, 0x00, 0x00, 0x00, 0x01, 0x00, 0x00, 0x00, 0x01, 0x00, 0x00, 0x00,
  0x18, 0x00, 0x00, 0x00, 0x03, 0x00, 0x00, 0x00, 0x17, 0x00, 0x00, 0x00,
  0x09, 0x00, 0x00, 0x00, 0x08, 0x00, 0x00, 0x00, 0x8e, 0xfe, 0xff, 0xff,
  0x10, 0x00, 0x00, 0x00, 0x00, 0x00, 0x00, 0x01, 0x18, 0x00, 0x00, 0x00,
  0x1c, 0x00, 0x00, 0x00, 0x38, 0xff, 0xff, 0xff, 0x00, 0x00, 0x00, 0x01,
  0x01, 0x00, 0x00, 0x00, 0x01, 0x00, 0x00, 0x00, 0x01, 0x00, 0x00, 0x00,
  0x17, 0x00, 0x00, 0x00, 0x03, 0x00, 0x00, 0x00, 0x16, 0x00, 0x00, 0x00,
  0x0b, 0x00, 0x00, 0x00, 0x0a, 0x00, 0x00, 0x00, 0xca, 0xfe, 0xff, 0xff,
  0x10, 0x00, 0x00, 0x00, 0x00, 0x00, 0x00, 0x01, 0x18, 0x00, 0x00, 0x00,
  0x1c, 0x00, 0x00, 0x00, 0x74, 0xff, 0xff, 0xff, 0x00, 0x00, 0x00, 0x01,
  0x01, 0x00, 0x00, 0x00, 0x01, 0x00, 0x00, 0x00, 0x01, 0x00, 0x00, 0x00,
  0x16, 0x00, 0x00, 0x00, 0x03, 0x00, 0x00, 0x00, 0x15, 0x00, 0x00, 0x00,
  0x0d, 0x00, 0x00, 0x00, 0x0c, 0x00, 0x00, 0x00, 0x00, 0x00, 0x0e, 0x00,
  0x18, 0x00, 0x14, 0x00, 0x10, 0x00, 0x0c, 0x00, 0x0b, 0x00, 0x04, 0x00,
  0x0e, 0x00, 0x00, 0x00, 0x14, 0x00, 0x00, 0x00, 0x00, 0x00, 0x00, 0x05,
  0x24, 0x00, 0x00, 0x00, 0x28, 0x00, 0x00, 0x00, 0x01, 0x00, 0x00, 0x00,
  0x66, 0xff, 0xff, 0xff, 0x03, 0x00, 0x00, 0x00, 0x01, 0x00, 0x00, 0x00,
  0x01, 0x00, 0x00, 0x00, 0x01, 0x00, 0x00, 0x00, 0x00, 0x00, 0x00, 0x01,
  0x01, 0x00, 0x00, 0x00, 0x15, 0x00, 0x00, 0x00, 0x01, 0x00, 0x00, 0x00,
  0x14, 0x00, 0x00, 0x00, 0x56, 0xff, 0xff, 0xff, 0x1c, 0x00, 0x00, 0x00,
  0x00, 0x00, 0x00, 0x01, 0x24, 0x00, 0x00, 0x00, 0x28, 0x00, 0x00, 0x00,
  0x0c, 0x00, 0x10, 0x00, 0x00, 0x00, 0x0c, 0x00, 0x08, 0x00, 0x07, 0x00,
  0x0c, 0x00, 0x00, 0x00, 0x00, 0x00, 0x00, 0x01, 0x01, 0x00, 0x00, 0x00,
  0x01, 0x00, 0x00, 0x00, 0x01, 0x00, 0x00, 0x00, 0x14, 0x00, 0x00, 0x00,
  0x03, 0x00, 0x00, 0x00, 0x13, 0x00, 0x00, 0x00, 0x0f, 0x00, 0x00, 0x00,
  0x0e, 0x00, 0x00, 0x00, 0x00, 0x00, 0x0e, 0x00, 0x1a, 0x00, 0x14, 0x00,
  0x10, 0x00, 0x0c, 0x00, 0x0b, 0x00, 0x04, 0x00, 0x0e, 0x00, 0x00, 0x00,
  0x24, 0x00, 0x00, 0x00, 0x00, 0x00, 0x00, 0x05, 0x34, 0x00, 0x00, 0x00,
  0x38, 0x00, 0x00, 0x00, 0x01, 0x00, 0x00, 0x00, 0x00, 0x00, 0x0e, 0x00,
  0x18, 0x00, 0x17, 0x00, 0x10, 0x00, 0x0c, 0x00, 0x08, 0x00, 0x04, 0x00,
  0x0e, 0x00, 0x00, 0x00, 0x03, 0x00, 0x00, 0x00, 0x01, 0x00, 0x00, 0x00,
  0x01, 0x00, 0x00, 0x00, 0x01, 0x00, 0x00, 0x00, 0x00, 0x00, 0x00, 0x01,
  0x01, 0x00, 0x00, 0x00, 0x13, 0x00, 0x00, 0x00, 0x01, 0x00, 0x00, 0x00,
  0x12, 0x00, 0x00, 0x00, 0x00, 0x00, 0x0e, 0x00, 0x14, 0x00, 0x00, 0x00,
  0x10, 0x00, 0x0c, 0x00, 0x0b, 0x00, 0x04, 0x00, 0x0e, 0x00, 0x00, 0x00,
  0x1c, 0x00, 0x00, 0x00, 0x00, 0x00, 0x00, 0x01, 0x28, 0x00, 0x00, 0x00,
  0x2c, 0x00, 0x00, 0x00, 0x0c, 0x00, 0x14, 0x00, 0x13, 0x00, 0x0c, 0x00,
  0x08, 0x00, 0x07, 0x00, 0x0c, 0x00, 0x00, 0x00, 0x00, 0x00, 0x00, 0x01,
  0x05, 0x00, 0x00, 0x00, 0x01, 0x00, 0x00, 0x00, 0x00, 0x00, 0x00, 0x01,
  0x01, 0x00, 0x00, 0x00, 0x12, 0x00, 0x00, 0x00, 0x03, 0x00, 0x00, 0x00,
  0x00, 0x00, 0x00, 0x00, 0x11, 0x00, 0x00, 0x00, 0x10, 0x00, 0x00, 0x00,
  0x01, 0x00, 0x00, 0x00, 0x1c, 0x00, 0x00, 0x00, 0x01, 0x00, 0x00, 0x00,
  0x00, 0x00, 0x00, 0x00, 0x1d, 0x00, 0x00, 0x00, 0xf0, 0x15, 0x00, 0x00,
  0x80, 0x15, 0x00, 0x00, 0xf4, 0x14, 0x00, 0x00, 0x88, 0x14, 0x00, 0x00,
  0x14, 0x14, 0x00, 0x00, 0xb0, 0x13, 0x00, 0x00, 0x3c, 0x13, 0x00, 0x00,
  0xd8, 0x12, 0x00, 0x00, 0x5c, 0x11, 0x00, 0x00, 0xd8, 0x0f, 0x00, 0x00,
  0xbc, 0x0e, 0x00, 0x00, 0x98, 0x0d, 0x00, 0x00, 0x7c, 0x0c, 0x00, 0x00,
  0x58, 0x0b, 0x00, 0x00, 0x3c, 0x0a, 0x00, 0x00, 0x18, 0x09, 0x00, 0x00,
  0xfc, 0x07, 0x00, 0x00, 0xd8, 0x06, 0x00, 0x00, 0x14, 0x06, 0x00, 0x00,
  0x90, 0x05, 0x00, 0x00, 0xcc, 0x04, 0x00, 0x00, 0x48, 0x04, 0x00, 0x00,
  0x84, 0x03, 0x00, 0x00, 0xd0, 0x02, 0x00, 0x00, 0x1c, 0x02, 0x00, 0x00,
  0xa8, 0x01, 0x00, 0x00, 0x14, 0x01, 0x00, 0x00, 0x80, 0x00, 0x00, 0x00,
  0x04, 0x00, 0x00, 0x00, 0x9a, 0xea, 0xff, 0xff, 0x00, 0x00, 0x00, 0x01,
  0x18, 0x00, 0x00, 0x00, 0x20, 0x00, 0x00, 0x00, 0x3c, 0x00, 0x00, 0x00,
  0x1d, 0x00, 0x00, 0x00, 0x00, 0x00, 0x00, 0x09, 0x50, 0x00, 0x00, 0x00,
  0x02, 0x00, 0x00, 0x00, 0xff, 0xff, 0xff, 0xff, 0x01, 0x00, 0x00, 0x00,
  0x7c, 0xea, 0xff, 0xff, 0x08, 0x00, 0x00, 0x00, 0x10, 0x00, 0x00, 0x00,
  0x01, 0x00, 0x00, 0x00, 0x80, 0xff, 0xff, 0xff, 0xff, 0xff, 0xff, 0xff,
  0x01, 0x00, 0x00, 0x00, 0x31, 0xca, 0x04, 0x3f, 0x19, 0x00, 0x00, 0x00,
  0x53, 0x74, 0x61, 0x74, 0x65, 0x66, 0x75, 0x6c, 0x50, 0x61, 0x72, 0x74,
  0x69, 0x74, 0x69, 0x6f, 0x6e, 0x65, 0x64, 0x43, 0x61, 0x6c, 0x6c, 0x3a,
  0x30, 0x00, 0x00, 0x00, 0x02, 0x00, 0x00, 0x00, 0x01, 0x00, 0x00, 0x00,
  0x01, 0x00, 0x00, 0x00, 0x12, 0xeb, 0xff, 0xff, 0x00, 0x00, 0x00, 0x01,
  0x18, 0x00, 0x00, 0x00, 0x20, 0x00, 0x00, 0x00, 0x3c, 0x00, 0x00, 0x00,
  0x1c, 0x00, 0x00, 0x00, 0x00, 0x00, 0x00, 0x09, 0x68, 0x00, 0x00, 0x00,
  0x02, 0x00, 0x00, 0x00, 0xff, 0xff, 0xff, 0xff, 0x10, 0x00, 0x00, 0x00,
  0xf4, 0xea, 0xff, 0xff, 0x08, 0x00, 0x00, 0x00, 0x10, 0x00, 0x00, 0x00,
  0x01, 0x00, 0x00, 0x00, 0x80, 0xff, 0xff, 0xff, 0xff, 0xff, 0xff, 0xff,
  0x01, 0x00, 0x00, 0x00, 0xde, 0x00, 0x17, 0x3e, 0x31, 0x00, 0x00, 0x00,
  0x6d, 0x6f, 0x64, 0x65, 0x6c, 0x2f, 0x66, 0x63, 0x32, 0x2f, 0x4d, 0x61,
  0x74, 0x4d, 0x75, 0x6c, 0x3b, 0x6d, 0x6f, 0x64, 0x65, 0x6c, 0x2f, 0x66,
  0x63, 0x32, 0x2f, 0x52, 0x65, 0x6c, 0x75, 0x3b, 0x6d, 0x6f, 0x64, 0x65,
  0x6c, 0x2f, 0x66, 0x63, 0x32, 0x2f, 0x42, 0x69, 0x61, 0x73, 0x41, 0x64,
  0x64, 0x00, 0x00, 0x00, 0x02, 0x00, 0x00, 0x00, 0x01, 0x00, 0x00, 0x00,
  0x10, 0x00, 0x00, 0x00, 0xa2, 0xeb, 0xff, 0xff, 0x00, 0x00, 0x00, 0x01,
  0x18, 0x00, 0x00, 0x00, 0x20, 0x00, 0x00, 0x00, 0x3c, 0x00, 0x00, 0x00,
  0x1b, 0x00, 0x00, 0x00, 0x00, 0x00, 0x00, 0x09, 0x68, 0x00, 0x00, 0x00,
  0x02, 0x00, 0x00, 0x00, 0xff, 0xff, 0xff, 0xff, 0x40, 0x00, 0x00, 0x00,
  0x84, 0xeb, 0xff, 0xff, 0x08, 0x00, 0x00, 0x00, 0x10, 0x00, 0x00, 0x00,
  0x01, 0x00, 0x00, 0x00, 0x80, 0xff, 0xff, 0xff, 0xff, 0xff, 0xff, 0xff,
  0x01, 0x00, 0x00, 0x00, 0x30, 0xad, 0x8e, 0x3c, 0x31, 0x00, 0x00, 0x00,
  0x6d, 0x6f, 0x64, 0x65, 0x6c, 0x2f, 0x66, 0x63, 0x31, 0x2f, 0x4d, 0x61,
  0x74, 0x4d, 0x75, 0x6c, 0x3b, 0x6d, 0x6f, 0x64, 0x65, 0x6c, 0x2f, 0x66,
  0x63, 0x31, 0x2f, 0x52, 0x65, 0x6c, 0x75, 0x3b, 0x6d, 0x6f, 0x64, 0x65,
  0x6c, 0x2f, 0x66, 0x63, 0x31, 0x2f, 0x42, 0x69, 0x61, 0x73, 0x41, 0x64,
  0x64, 0x00, 0x00, 0x00, 0x02, 0x00, 0x00, 0x00, 0x01, 0x00, 0x00, 0x00,
  0x40, 0x00, 0x00, 0x00, 0x32, 0xec, 0xff, 0xff, 0x00, 0x00, 0x00, 0x01,
  0x18, 0x00, 0x00, 0x00, 0x20, 0x00, 0x00, 0x00, 0x40, 0x00, 0x00, 0x00,
  0x1a, 0x00, 0x00, 0x00, 0x00, 0x00, 0x00, 0x09, 0x48, 0x00, 0x00, 0x00,
  0x02, 0x00, 0x00, 0x00, 0xff, 0xff, 0xff, 0xff, 0x18, 0x00, 0x00, 0x00,
  0x14, 0xec, 0xff, 0xff, 0x08, 0x00, 0x00, 0x00, 0x14, 0x00, 0x00, 0x00,
  0x01, 0x00, 0x00, 0x00, 0x80, 0xff, 0xff, 0xff, 0xff, 0xff, 0xff, 0xff,
  0x00, 0x00, 0x00, 0x00, 0x01, 0x00, 0x00, 0x00, 0xbe, 0xcd, 0x60, 0x3b,
  0x0e, 0x00, 0x00, 0x00, 0x6d, 0x6f, 0x64, 0x65, 0x6c, 0x2f, 0x67, 0x61,
  0x70, 0x2f, 0x4d, 0x65, 0x61, 0x6e, 0x00, 0x00, 0x02, 0x00, 0x00, 0x00,
  0x01, 0x00, 0x00, 0x00, 0x18, 0x00, 0x00, 0x00, 0xa2, 0xec, 0xff, 0xff,
  0x00, 0x00, 0x00, 0x01, 0x18, 0x00, 0x00, 0x00, 0x28, 0x00, 0x00, 0x00,
  0x48, 0x00, 0x00, 0x00, 0x19, 0x00, 0x00, 0x00, 0x00, 0x00, 0x00, 0x09,
  0x80, 0x00, 0x00, 0x00, 0x04, 0x00, 0x00, 0x00, 0xff, 0xff, 0xff, 0xff,
  0x05, 0x01, 0x00, 0x00, 0x11, 0x00, 0x00, 0x00, 0x18, 0x00, 0x00, 0x00,
  0x8c, 0xec, 0xff, 0xff, 0x08, 0x00, 0x00, 0x00, 0x14, 0x00, 0x00, 0x00,
  0x01, 0x00, 0x00, 0x00, 0x80, 0xff, 0xff, 0xff, 0xff, 0xff, 0xff, 0xff,
  0x00, 0x00, 0x00, 0x00, 0x01, 0x00, 0x00, 0x00, 0xbd, 0x91, 0x6b, 0x3d,
  0x3e, 0x00, 0x00, 0x00, 0x6d, 0x6f, 0x64, 0x65, 0x6c, 0x2f, 0x72, 0x65,
  0x6c, 0x75, 0x35, 0x2f, 0x52, 0x65, 0x6c, 0x75, 0x3b, 0x6d, 0x6f, 0x64,
  0x65, 0x6c, 0x2f, 0x62, 0x6e, 0x35, 0x2f, 0x46, 0x75, 0x73, 0x65, 0x64,
  0x42, 0x61, 0x74, 0x63, 0x68, 0x4e, 0x6f, 0x72, 0x6d, 0x56, 0x33, 0x3b,
  0x6d, 0x6f, 0x64, 0x65, 0x6c, 0x2f, 0x63, 0x6f, 0x6e, 0x76, 0x35, 0x2f,
  0x43, 0x6f, 0x6e, 0x76, 0x32, 0x44, 0x00, 0x00, 0x04, 0x00, 0x00, 0x00,
  0x01, 0x00, 0x00, 0x00, 0x05, 0x01, 0x00, 0x00, 0x11, 0x00, 0x00, 0x00,
  0x18, 0x00, 0x00, 0x00, 0x52, 0xed, 0xff, 0xff, 0x00, 0x00, 0x00, 0x01,
  0x18, 0x00, 0x00, 0x00, 0x28, 0x00, 0x00, 0x00, 0x48, 0x00, 0x00, 0x00,
  0x18, 0x00, 0x00, 0x00, 0x00, 0x00, 0x00, 0x09, 0x80, 0x00, 0x00, 0x00,
  0x04, 0x00, 0x00, 0x00, 0xff, 0xff, 0xff, 0xff, 0x05, 0x01, 0x00, 0x00,
  0x11, 0x00, 0x00, 0x00, 0x10, 0x00, 0x00, 0x00, 0x3c, 0xed, 0xff, 0xff,
  0x08, 0x00, 0x00, 0x00, 0x14, 0x00, 0x00, 0x00, 0x01, 0x00, 0x00, 0x00,
  0x80, 0xff, 0xff, 0xff, 0xff, 0xff, 0xff, 0xff, 0x00, 0x00, 0x00, 0x00,
  0x01, 0x00, 0x00, 0x00, 0xd9, 0xf2, 0x8a, 0x3d, 0x3e, 0x00, 0x00, 0x00,
  0x6d, 0x6f, 0x64, 0x65, 0x6c, 0x2f, 0x72, 0x65, 0x6c, 0x75, 0x34, 0x2f,
  0x52, 0x65, 0x6c, 0x75, 0x3b, 0x6d, 0x6f, 0x64, 0x65, 0x6c, 0x2f, 0x62,
  0x6e, 0x34, 0x2f, 0x46, 0x75, 0x73, 0x65, 0x64, 0x42, 0x61, 0x74, 0x63,
  0x68, 0x4e, 0x6f, 0x72, 0x6d, 0x56, 0x33, 0x3b, 0x6d, 0x6f, 0x64, 0x65,
  0x6c, 0x2f, 0x63, 0x6f, 0x6e, 0x76, 0x34, 0x2f, 0x43, 0x6f, 0x6e, 0x76,
  0x32, 0x44, 0x00, 0x00, 0x04, 0x00, 0x00, 0x00, 0x01, 0x00, 0x00, 0x00,
  0x05, 0x01, 0x00, 0x00, 0x11, 0x00, 0x00, 0x00, 0x10, 0x00, 0x00, 0x00,
  0x02, 0xee, 0xff, 0xff, 0x00, 0x00, 0x00, 0x01, 0x18, 0x00, 0x00, 0x00,
  0x28, 0x00, 0x00, 0x00, 0x44, 0x00, 0x00, 0x00, 0x17, 0x00, 0x00, 0x00,
  0x00, 0x00, 0x00, 0x09, 0x90, 0x00, 0x00, 0x00, 0x04, 0x00, 0x00, 0x00,
  0xff, 0xff, 0xff, 0xff, 0x05, 0x01, 0x00, 0x00, 0x11, 0x00, 0x00, 0x00,
  0x10, 0x00, 0x00, 0x00, 0xec, 0xed, 0xff, 0xff, 0x08, 0x00, 0x00, 0x00,
  0x10, 0x00, 0x00, 0x00, 0x01, 0x00, 0x00, 0x00, 0x80, 0xff, 0xff, 0xff,
  0xff, 0xff, 0xff, 0xff, 0x01, 0x00, 0x00, 0x00, 0x61, 0x2d, 0x0e, 0x3d,
  0x51, 0x00, 0x00, 0x00, 0x6d, 0x6f, 0x64, 0x65, 0x6c, 0x2f, 0x72, 0x65,
  0x6c, 0x75, 0x33, 0x2f, 0x52, 0x65, 0x6c, 0x75, 0x3b, 0x6d, 0x6f, 0x64,
  0x65, 0x6c, 0x2f, 0x62, 0x6e, 0x33, 0x2f, 0x46, 0x75, 0x73, 0x65, 0x64,
  0x42, 0x61, 0x74, 0x63, 0x68, 0x4e, 0x6f, 0x72, 0x6d, 0x56, 0x33, 0x3b,
  0x6d, 0x6f, 0x64, 0x65, 0x6c, 0x2f, 0x63, 0x6f, 0x6e, 0x76, 0x34, 0x2f,
  0x43, 0x6f, 0x6e, 0x76, 0x32, 0x44, 0x3b, 0x6d, 0x6f, 0x64, 0x65, 0x6c,
  0x2f, 0x63, 0x6f, 0x6e, 0x76, 0x33, 0x2f, 0x43, 0x6f, 0x6e, 0x76, 0x32,
  0x44, 0x00, 0x00, 0x00, 0x04, 0x00, 0x00, 0x00, 0x01, 0x00, 0x00, 0x00,
  0x05, 0x01, 0x00, 0x00, 0x11, 0x00, 0x00, 0x00, 0x10, 0x00, 0x00, 0x00,
  0xc2, 0xee, 0xff, 0xff, 0x00, 0x00, 0x00, 0x01, 0x18, 0x00, 0x00, 0x00,
  0x28, 0x00, 0x00, 0x00, 0x44, 0x00, 0x00, 0x00, 0x16, 0x00, 0x00, 0x00,
  0x00, 0x00, 0x00, 0x09, 0x50, 0x00, 0x00, 0x00, 0x04, 0x00, 0x00, 0x00,
  0xff, 0xff, 0xff, 0xff, 0x05, 0x01, 0x00, 0x00, 0x11, 0x00, 0x00, 0x00,
  0x10, 0x00, 0x00, 0x00, 0xac, 0xee, 0xff, 0xff, 0x08, 0x00, 0x00, 0x00,
  0x10, 0x00, 0x00, 0x00, 0x01, 0x00, 0x00, 0x00, 0x80, 0xff, 0xff, 0xff,
  0xff, 0xff, 0xff, 0xff, 0x01, 0x00, 0x00, 0x00, 0x94, 0x7c, 0x17, 0x3d,
  0x13, 0x00, 0x00, 0x00, 0x6d, 0x6f, 0x64, 0x65, 0x6c, 0x2f, 0x70, 0x6f,
  0x6f, 0x6c, 0x32, 0x2f, 0x4d, 0x61, 0x78, 0x50, 0x6f, 0x6f, 0x6c, 0x00,
  0x04, 0x00, 0x00, 0x00, 0x01, 0x00, 0x00, 0x00, 0x05, 0x01, 0x00, 0x00,
  0x11, 0x00, 0x00, 0x00, 0x10, 0x00, 0x00, 0x00, 0x42, 0xef, 0xff, 0xff,
  0x00, 0x00, 0x00, 0x01, 0x18, 0x00, 0x00, 0x00, 0x28, 0x00, 0x00, 0x00,
  0x44, 0x00, 0x00, 0x00, 0x15, 0x00, 0x00, 0x00, 0x00, 0x00, 0x00, 0x09,
  0x90, 0x00, 0x00, 0x00, 0x04, 0x00, 0x00, 0x00, 0xff, 0xff, 0xff, 0xff,
  0x07, 0x01, 0x00, 0x00, 0x11, 0x00, 0x00, 0x00, 0x10, 0x00, 0x00, 0x00,
  0x2c, 0xef, 0xff, 0xff, 0x08, 0x00, 0x00, 0x00, 0x10, 0x00, 0x00, 0x00,
  0x01, 0x00, 0x00, 0x00, 0x80, 0xff, 0xff, 0xff, 0xff, 0xff, 0xff, 0xff,
  0x01, 0x00, 0x00, 0x00, 0x94, 0x7c, 0x17, 0x3d, 0x51, 0x00, 0x00, 0x00,
  0x6d, 0x6f, 0x64, 0x65, 0x6c, 0x2f, 0x72, 0x65, 0x6c, 0x75, 0x32, 0x2f,
  0x52, 0x65, 0x6c, 0x75, 0x3b, 0x6d, 0x6f, 0x64, 0x65, 0x6c, 0x2f, 0x62,
  0x6e, 0x32, 0x2f, 0x46, 0x75, 0x73, 0x65, 0x64, 0x42, 0x61, 0x74, 0x63,
  0x68, 0x4e, 0x6f, 0x72, 0x6d, 0x56, 0x33, 0x3b, 0x6d, 0x6f, 0x64, 0x65,
  0x6c, 0x2f, 0x63, 0x6f, 0x6e, 0x76, 0x34, 0x2f, 0x43, 0x6f, 0x6e, 0x76,
  0x32, 0x44, 0x3b, 0x6d, 0x6f, 0x64, 0x65, 0x6c, 0x2f, 0x63, 0x6f, 0x6e,
  0x76, 0x32, 0x2f, 0x43, 0x6f, 0x6e, 0x76, 0x32, 0x44, 0x00, 0x00, 0x00,
  0x04, 0x00, 0x00, 0x00, 0x01, 0x00, 0x00, 0x00, 0x07, 0x01, 0x00, 0x00,
  0x11, 0x00, 0x00, 0x00, 0x10, 0x00, 0x00, 0x00, 0x02, 0xf0, 0xff, 0xff,
  0x00, 0x00, 0x00, 0x01, 0x18, 0x00, 0x00, 0x00, 0x28, 0x00, 0x00, 0x00,
  0x44, 0x00, 0x00, 0x00, 0x14, 0x00, 0x00, 0x00, 0x00, 0x00, 0x00, 0x09,
  0x50, 0x00, 0x00, 0x00, 0x04, 0x00, 0x00, 0x00, 0xff, 0xff, 0xff, 0xff,
  0x07, 0x01, 0x00, 0x00, 0x11, 0x00, 0x00, 0x00, 0x10, 0x00, 0x00, 0x00,
  0xec, 0xef, 0xff, 0xff, 0x08, 0x00, 0x00, 0x00, 0x10, 0x00, 0x00, 0x00,
  0x01, 0x00, 0x00, 0x00, 0x80, 0xff, 0xff, 0xff, 0xff, 0xff, 0xff, 0xff,
  0x01, 0x00, 0x00, 0x00, 0xe8, 0xf8, 0x20, 0x3d, 0x13, 0x00, 0x00, 0x00,
  0x6d, 0x6f, 0x64, 0x65, 0x6c, 0x2f, 0x70, 0x6f, 0x6f, 0x6c, 0x31, 0x2f,
  0x4d, 0x61, 0x78, 0x50, 0x6f, 0x6f, 0x6c, 0x00, 0x04, 0x00, 0x00, 0x00,
  0x01, 0x00, 0x00, 0x00, 0x07, 0x01, 0x00, 0x00, 0x11, 0x00, 0x00, 0x00,
  0x10, 0x00, 0x00, 0x00, 0x82, 0xf0, 0xff, 0xff, 0x00, 0x00, 0x00, 0x01,
  0x18, 0x00, 0x00, 0x00, 0x28, 0x00, 0x00, 0x00, 0x44, 0x00, 0x00, 0x00,
  0x13, 0x00, 0x00, 0x00, 0x00, 0x00, 0x00, 0x09, 0x90, 0x00, 0x00, 0x00,
  0x04, 0x00, 0x00, 0x00, 0xff, 0xff, 0xff, 0xff, 0x09, 0x01, 0x00, 0x00,
  0x11, 0x00, 0x00, 0x00, 0x10, 0x00, 0x00, 0x00, 0x6c, 0xf0, 0xff, 0xff,
  0x08, 0x00, 0x00, 0x00, 0x10, 0x00, 0x00, 0x00, 0x01, 0x00, 0x00, 0x00,
  0x80, 0xff, 0xff, 0xff, 0xff, 0xff, 0xff, 0xff, 0x01, 0x00, 0x00, 0x00,
  0xe8, 0xf8, 0x20, 0x3d, 0x51, 0x00, 0x00, 0x00, 0x6d, 0x6f, 0x64, 0x65,
  0x6c, 0x2f, 0x72, 0x65, 0x6c, 0x75, 0x31, 0x2f, 0x52, 0x65, 0x6c, 0x75,
  0x3b, 0x6d, 0x6f, 0x64, 0x65, 0x6c, 0x2f, 0x62, 0x6e, 0x31, 0x2f, 0x46,
  0x75, 0x73, 0x65, 0x64, 0x42, 0x61, 0x74, 0x63, 0x68, 0x4e, 0x6f, 0x72,
  0x6d, 0x56, 0x33, 0x3b, 0x6d, 0x6f, 0x64, 0x65, 0x6c, 0x2f, 0x63, 0x6f,
  0x6e, 0x76, 0x34, 0x2f, 0x43, 0x6f, 0x6e, 0x76, 0x32, 0x44, 0x3b, 0x6d,
  0x6f, 0x64, 0x65, 0x6c, 0x2f, 0x63, 0x6f, 0x6e, 0x76, 0x31, 0x2f, 0x43,
  0x6f, 0x6e, 0x76, 0x32, 0x44, 0x00, 0x00, 0x00, 0x04, 0x00, 0x00, 0x00,
  0x01, 0x00, 0x00, 0x00, 0x09, 0x01, 0x00, 0x00, 0x11, 0x00, 0x00, 0x00,
  0x10, 0x00, 0x00, 0x00, 0xae, 0xf1, 0xff, 0xff, 0x00, 0x00, 0x00, 0x01,
  0x14, 0x00, 0x00, 0x00, 0xe8, 0x00, 0x00, 0x00, 0x12, 0x00, 0x00, 0x00,
  0x00, 0x00, 0x00, 0x09, 0xf4, 0x00, 0x00, 0x00, 0x14, 0xf1, 0xff, 0xff,
  0x08, 0x00, 0x00, 0x00, 0x8c, 0x00, 0x00, 0x00, 0x10, 0x00, 0x00, 0x00,
  0x00, 0x00, 0x00, 0x00, 0x00, 0x00, 0x00, 0x00, 0x00, 0x00, 0x00, 0x00,
  0x00, 0x00, 0x00, 0x00, 0x00, 0x00, 0x00, 0x00, 0x00, 0x00, 0x00, 0x00,
  0x00, 0x00, 0x00, 0x00, 0x00, 0x00, 0x00, 0x00, 0x00, 0x00, 0x00, 0x00,
  0x00, 0x00, 0x00, 0x00, 0x00, 0x00, 0x00, 0x00, 0x00, 0x00, 0x00, 0x00,
  0x00, 0x00, 0x00, 0x00, 0x00, 0x00, 0x00, 0x00, 0x00, 0x00, 0x00, 0x00,
  0x00, 0x00, 0x00, 0x00, 0x00, 0x00, 0x00, 0x00, 0x00, 0x00, 0x00, 0x00,
  0x00, 0x00, 0x00, 0x00, 0x00, 0x00, 0x00, 0x00, 0x00, 0x00, 0x00, 0x00,
  0x00, 0x00, 0x00, 0x00, 0x00, 0x00, 0x00, 0x00, 0x00, 0x00, 0x00, 0x00,
  0x00, 0x00, 0x00, 0x00, 0x00, 0x00, 0x00, 0x00, 0x00, 0x00, 0x00, 0x00,
  0x00, 0x00, 0x00, 0x00, 0x00, 0x00, 0x00, 0x00, 0x00, 0x00, 0x00, 0x00,
  0x00, 0x00, 0x00, 0x00, 0x00, 0x00, 0x00, 0x00, 0x00, 0x00, 0x00, 0x00,
  0x10, 0x00, 0x00, 0x00, 0x92, 0x55, 0x5d, 0x3b, 0x66, 0x54, 0x0e, 0x3b,
  0x5a, 0xd1, 0x1f, 0x3b, 0x49, 0x0a, 0x83, 0x3b, 0x87, 0xb4, 0xde, 0x3a,
  0x23, 0x44, 0x13, 0x3b, 0x16, 0x5d, 0xc7, 0x3a, 0x70, 0xce, 0x0b, 0x3b,
  0x05, 0x31, 0x36, 0x3b, 0x61, 0x5c, 0xa4, 0x3a, 0xb7, 0xe4, 0xcf, 0x3a,
  0xea, 0xe5, 0xbd, 0x3a, 0x56, 0x4a, 0xc7, 0x3a, 0x45, 0x47, 0xbb, 0x3a,
  0x00, 0x8c, 0x61, 0x3b, 0x9e, 0x2a, 0x23, 0x3b, 0x12, 0x00, 0x00, 0x00,
  0x6d, 0x6f, 0x64, 0x65, 0x6c, 0x2f, 0x63, 0x6f, 0x6e, 0x76, 0x31, 0x2f,
  0x43, 0x6f, 0x6e, 0x76, 0x32, 0x44, 0x00, 0x00, 0x04, 0x00, 0x00, 0x00,
  0x10, 0x00, 0x00, 0x00, 0x0b, 0x00, 0x00, 0x00, 0x04, 0x00, 0x00, 0x00,
  0x01, 0x00, 0x00, 0x00, 0xce, 0xf2, 0xff, 0xff, 0x00, 0x00, 0x00, 0x01,
  0x14, 0x00, 0x00, 0x00, 0xe4, 0x00, 0x00, 0x00, 0x11, 0x00, 0x00, 0x00,
  0x00, 0x00, 0x00, 0x02, 0xf8, 0x00, 0x00, 0x00, 0x34, 0xf2, 0xff, 0xff,
  0x08, 0x00, 0x00, 0x00, 0x88, 0x00, 0x00, 0x00, 0x10, 0x00, 0x00, 0x00,
  0x00, 0x00, 0x00, 0x00, 0x00, 0x00, 0x00, 0x00, 0x00, 0x00, 0x00, 0x00,
  0x00, 0x00, 0x00, 0x00, 0x00, 0x00, 0x00, 0x00, 0x00, 0x00, 0x00, 0x00,
  0x00, 0x00, 0x00, 0x00, 0x00, 0x00, 0x00, 0x00, 0x00, 0x00, 0x00, 0x00,
  0x00, 0x00, 0x00, 0x00, 0x00, 0x00, 0x00, 0x00, 0x00, 0x00, 0x00, 0x00,
  0x00, 0x00, 0x00, 0x00, 0x00, 0x00, 0x00, 0x00, 0x00, 0x00, 0x00, 0x00,
  0x00, 0x00, 0x00, 0x00, 0x00, 0x00, 0x00, 0x00, 0x00, 0x00, 0x00, 0x00,
  0x00, 0x00, 0x00, 0x00, 0x00, 0x00, 0x00, 0x00, 0x00, 0x00, 0x00, 0x00,
  0x00, 0x00, 0x00, 0x00, 0x00, 0x00, 0x00, 0x00, 0x00, 0x00, 0x00, 0x00,
  0x00, 0x00, 0x00, 0x00, 0x00, 0x00, 0x00, 0x00, 0x00, 0x00, 0x00, 0x00,
  0x00, 0x00, 0x00, 0x00, 0x00, 0x00, 0x00, 0x00, 0x00, 0x00, 0x00, 0x00,
  0x00, 0x00, 0x00, 0x00, 0x00, 0x00, 0x00, 0x00, 0x10, 0x00, 0x00, 0x00,
  0x4e, 0x42, 0x68, 0x39, 0xd9, 0x5a, 0x15, 0x39, 0xc7, 0xb4, 0x27, 0x39,
  0x15, 0x82, 0x89, 0x39, 0x96, 0xb2, 0xe9, 0x38, 0xf7, 0x88, 0x1a, 0x39,
  0x35, 0x34, 0xd1, 0x38, 0x01, 0xb5, 0x12, 0x39, 0x28, 0x2f, 0x3f, 0x39,
  0x36, 0x79, 0xac, 0x38, 0x9d, 0x27, 0xda, 0x38, 0x6e, 0x45, 0xc7, 0x38,
  0x88, 0x20, 0xd1, 0x38, 0xaf, 0x85, 0xc4, 0x38, 0xf7, 0xad, 0x6c, 0x39,
  0x5b, 0x38, 0x2b, 0x39, 0x1a, 0x00, 0x00, 0x00, 0x6d, 0x6f, 0x64, 0x65,
  0x6c, 0x2f, 0x62, 0x6e, 0x31, 0x2f, 0x46, 0x75, 0x73, 0x65, 0x64, 0x42,
  0x61, 0x74, 0x63, 0x68, 0x4e, 0x6f, 0x72, 0x6d, 0x56, 0x33, 0x00, 0x00,
  0x01, 0x00, 0x00, 0x00, 0x10, 0x00, 0x00, 0x00, 0xe6, 0xf3, 0xff, 0xff,
  0x00, 0x00, 0x00, 0x01, 0x14, 0x00, 0x00, 0x00, 0xe8, 0x00, 0x00, 0x00,
  0x10, 0x00, 0x00, 0x00, 0x00, 0x00, 0x00, 0x09, 0xf4, 0x00, 0x00, 0x00,
  0x4c, 0xf3, 0xff, 0xff, 0x08, 0x00, 0x00, 0x00, 0x8c, 0x00, 0x00, 0x00,
  0x10, 0x00, 0x00, 0x00, 0x00, 0x00, 0x00, 0x00, 0x00, 0x00, 0x00, 0x00,
  0x00, 0x00, 0x00, 0x00, 0x00, 0x00, 0x00, 0x00, 0x00, 0x00, 0x00, 0x00,
  0x00, 0x00, 0x00, 0x00, 0x00, 0x00, 0x00, 0x00, 0x00, 0x00, 0x00, 0x00,
  0x00, 0x00, 0x00, 0x00, 0x00, 0x00, 0x00, 0x00, 0x00, 0x00, 0x00, 0x00,
  0x00, 0x00, 0x00, 0x00, 0x00, 0x00, 0x00, 0x00, 0x00, 0x00, 0x00, 0x00,
  0x00, 0x00, 0x00, 0x00, 0x00, 0x00, 0x00, 0x00, 0x00, 0x00, 0x00, 0x00,
  0x00, 0x00, 0x00, 0x00, 0x00, 0x00, 0x00, 0x00, 0x00, 0x00, 0x00, 0x00,
  0x00, 0x00, 0x00, 0x00, 0x00, 0x00, 0x00, 0x00, 0x00, 0x00, 0x00, 0x00,
  0x00, 0x00, 0x00, 0x00, 0x00, 0x00, 0x00, 0x00, 0x00, 0x00, 0x00, 0x00,
  0x00, 0x00, 0x00, 0x00, 0x00, 0x00, 0x00, 0x00, 0x00, 0x00, 0x00, 0x00,
  0x00, 0x00, 0x00, 0x00, 0x00, 0x00, 0x00, 0x00, 0x00, 0x00, 0x00, 0x00,
  0x00, 0x00, 0x00, 0x00, 0x10, 0x00, 0x00, 0x00, 0x5e, 0xe1, 0xc3, 0x3a,
  0x94, 0x0e, 0xde, 0x3a, 0xdd, 0xf5, 0xe9, 0x3a, 0x0f, 0xae, 0x49, 0x3b,
  0x7c, 0x84, 0x14, 0x3b, 0x36, 0x17, 0xf9, 0x3a, 0x96, 0xf9, 0x9f, 0x3a,
  0xb5, 0x9f, 0x37, 0x3b, 0xda, 0x57, 0xc9, 0x3a, 0x75, 0x94, 0xc8, 0x3a,
  0xbb, 0xf7, 0x3b, 0x3b, 0x88, 0xdf, 0xf6, 0x3a, 0xe9, 0x1d, 0x3e, 0x3b,
  0x27, 0x51, 0x20, 0x3b, 0x6a, 0x42, 0x9f, 0x3a, 0x1b, 0x73, 0x00, 0x3b,
  0x12, 0x00, 0x00, 0x00, 0x6d, 0x6f, 0x64, 0x65, 0x6c, 0x2f, 0x63, 0x6f,
  0x6e, 0x76, 0x32, 0x2f, 0x43, 0x6f, 0x6e, 0x76, 0x32, 0x44, 0x00, 0x00,
  0x04, 0x00, 0x00, 0x00, 0x10, 0x00, 0x00, 0x00, 0x05, 0x00, 0x00, 0x00,
  0x01, 0x00, 0x00, 0x00, 0x10, 0x00, 0x00, 0x00, 0x06, 0xf5, 0xff, 0xff,
  0x00, 0x00, 0x00, 0x01, 0x14, 0x00, 0x00, 0x00, 0xe4, 0x00, 0x00, 0x00,
  0x0f, 0x00, 0x00, 0x00, 0x00, 0x00, 0x00, 0x02, 0xf8, 0x00, 0x00, 0x00,
  0x6c, 0xf4, 0xff, 0xff, 0x08, 0x00, 0x00, 0x00, 0x88, 0x00, 0x00, 0x00,
  0x10, 0x00, 0x00, 0x00, 0x00, 0x00, 0x00, 0x00, 0x00, 0x00, 0x00, 0x00,
  0x00, 0x00, 0x00, 0x00, 0x00, 0x00, 0x00, 0x00, 0x00, 0x00, 0x00, 0x00,
  0x00, 0x00, 0x00, 0x00, 0x00, 0x00, 0x00, 0x00, 0x00, 0x00, 0x00, 0x00,
  0x00, 0x00, 0x00, 0x00, 0x00, 0x00, 0x00, 0x00, 0x00, 0x00, 0x00, 0x00,
  0x00, 0x00, 0x00, 0x00, 0x00, 0x00, 0x00, 0x00, 0x00, 0x00, 0x00, 0x00,
  0x00, 0x00, 0x00, 0x00, 0x00, 0x00, 0x00, 0x00, 0x00, 0x00, 0x00, 0x00,
  0x00, 0x00, 0x00, 0x00, 0x00, 0x00, 0x00, 0x00, 0x00, 0x00, 0x00, 0x00,
  0x00, 0x00, 0x00, 0x00, 0x00, 0x00, 0x00, 0x00, 0x00, 0x00, 0x00, 0x00,
  0x00, 0x00, 0x00, 0x00, 0x00, 0x00, 0x00, 0x00, 0x00, 0x00, 0x00, 0x00,
  0x00, 0x00, 0x00, 0x00, 0x00, 0x00, 0x00, 0x00, 0x00, 0x00, 0x00, 0x00,
  0x00, 0x00, 0x00, 0x00, 0x00, 0x00, 0x00, 0x00, 0x00, 0x00, 0x00, 0x00,
  0x10, 0x00, 0x00, 0x00, 0x9d, 0x56, 0x76, 0x38, 0x04, 0xa1, 0x8b, 0x38,
  0x24, 0x1d, 0x93, 0x38, 0xc2, 0xa1, 0xfd, 0x38, 0x69, 0xc6, 0xba, 0x38,
  0xb2, 0xa0, 0x9c, 0x38, 0x11, 0x2f, 0x49, 0x38, 0xb5, 0xec, 0xe6, 0x38,
  0x58, 0x35, 0x7d, 0x38, 0x9d, 0x3f, 0x7c, 0x38, 0x2e, 0x63, 0xec, 0x38,
  0xbd, 0x3b, 0x9b, 0x38, 0x16, 0x17, 0xef, 0x38, 0x31, 0x9d, 0xc9, 0x38,
  0xb6, 0x48, 0x48, 0x38, 0xaa, 0x89, 0xa1, 0x38, 0x1a, 0x00, 0x00, 0x00,
  0x6d, 0x6f, 0x64, 0x65, 0x6c, 0x2f, 0x62, 0x6e, 0x32, 0x2f, 0x46, 0x75,
  0x73, 0x65, 0x64, 0x42, 0x61, 0x74, 0x63, 0x68, 0x4e, 0x6f, 0x72, 0x6d,
  0x56, 0x33, 0x00, 0x00, 0x01, 0x00, 0x00, 0x00, 0x10, 0x00, 0x00, 0x00,
  0x1e, 0xf6, 0xff, 0xff, 0x00, 0x00, 0x00, 0x01, 0x14, 0x00, 0x00, 0x00,
  0xe8, 0x00, 0x00, 0x00, 0x0e, 0x00, 0x00, 0x00, 0x00, 0x00, 0x00, 0x09,
  0xf4, 0x00, 0x00, 0x00, 0x84, 0xf5, 0xff, 0xff, 0x08, 0x00, 0x00, 0x00,
  0x8c, 0x00, 0x00, 0x00, 0x10, 0x00, 0x00, 0x00, 0x00, 0x00, 0x00, 0x00,
  0x00, 0x00, 0x00, 0x00, 0x00, 0x00, 0x00, 0x00, 0x00, 0x00, 0x00, 0x00,
  0x00, 0x00, 0x00, 0x00, 0x00, 0x00, 0x00, 0x00, 0x00, 0x00, 0x00, 0x00,
  0x00, 0x00, 0x00, 0x00, 0x00, 0x00, 0x00, 0x00, 0x00, 0x00, 0x00, 0x00,
  0x00, 0x00, 0x00, 0x00, 0x00, 0x00, 0x00, 0x00, 0x00, 0x00, 0x00, 0x00,
  0x00, 0x00, 0x00, 0x00, 0x00, 0x00, 0x00, 0x00, 0x00, 0x00, 0x00, 0x00,
  0x00, 0x00, 0x00, 0x00, 0x00, 0x00, 0x00, 0x00, 0x00, 0x00, 0x00, 0x00,
  0x00, 0x00, 0x00, 0x00, 0x00, 0x00, 0x00, 0x00, 0x00, 0x00, 0x00, 0x00,
  0x00, 0x00, 0x00, 0x00, 0x00, 0x00, 0x00, 0x00, 0x00, 0x00, 0x00, 0x00,
  0x00, 0x00, 0x00, 0x00, 0x00, 0x00, 0x00, 0x00, 0x00, 0x00, 0x00, 0x00,
  0x00, 0x00, 0x00, 0x00, 0x00, 0x00, 0x00, 0x00, 0x00, 0x00, 0x00, 0x00,
  0x00, 0x00, 0x00, 0x00, 0x00, 0x00, 0x00, 0x00, 0x10, 0x00, 0x00, 0x00,
  0x26, 0x2b, 0x8c, 0x3b, 0x5f, 0x05, 0x06, 0x3c, 0x6e, 0xf7, 0x7c, 0x3b,
  0x26, 0xaa, 0x73, 0x3b, 0xd8, 0xff, 0xda, 0x3b, 0xd6, 0x41, 0x61, 0x3b,
  0xe5, 0xab, 0x8d, 0x3b, 0xad, 0xbe, 0x9c, 0x3b, 0x93, 0x45, 0x52, 0x3b,
  0x61, 0xa9, 0x92, 0x3b, 0x2c, 0xc3, 0xa1, 0x3b, 0x07, 0x56, 0x88, 0x3b,
  0x53, 0x65, 0xf1, 0x3b, 0xcb, 0xf8, 0x85, 0x3b, 0x3e, 0x79, 0x68, 0x3b,
  0xfe, 0x45, 0x92, 0x3b, 0x12, 0x00, 0x00, 0x00, 0x6d, 0x6f, 0x64, 0x65,
  0x6c, 0x2f, 0x63, 0x6f, 0x6e, 0x76, 0x33, 0x2f, 0x43, 0x6f, 0x6e, 0x76,
  0x32, 0x44, 0x00, 0x00, 0x04, 0x00, 0x00, 0x00, 0x10, 0x00, 0x00, 0x00,
  0x01, 0x00, 0x00, 0x00, 0x01, 0x00, 0x00, 0x00, 0x10, 0x00, 0x00, 0x00,
  0x3e, 0xf7, 0xff, 0xff, 0x00, 0x00, 0x00, 0x01, 0x14, 0x00, 0x00, 0x00,
  0xe4, 0x00, 0x00, 0x00, 0x0d, 0x00, 0x00, 0x00, 0x00, 0x00, 0x00, 0x02,
  0xf8, 0x00, 0x00, 0x00, 0xa4, 0xf6, 0xff, 0xff, 0x08, 0x00, 0x00, 0x00,
  0x88, 0x00, 0x00, 0x00, 0x10, 0x00, 0x00, 0x00, 0x00, 0x00, 0x00, 0x00,
  0x00, 0x00, 0x00, 0x00, 0x00, 0x00, 0x00, 0x00, 0x00, 0x00, 0x00, 0x00,
  0x00, 0x00, 0x00, 0x00, 0x00, 0x00, 0x00, 0x00, 0x00, 0x00, 0x00, 0x00,
  0x00, 0x00, 0x00, 0x00, 0x00, 0x00, 0x00, 0x00, 0x00, 0x00, 0x00, 0x00,
  0x00, 0x00, 0x00, 0x00, 0x00, 0x00, 0x00, 0x00, 0x00, 0x00, 0x00, 0x00,
  0x00, 0x00, 0x00, 0x00, 0x00, 0x00, 0x00, 0x00, 0x00, 0x00, 0x00, 0x00,
  0x00, 0x00, 0x00, 0x00, 0x00, 0x00, 0x00, 0x00, 0x00, 0x00, 0x00, 0x00,
  0x00, 0x00, 0x00, 0x00, 0x00, 0x00, 0x00, 0x00, 0x00, 0x00, 0x00, 0x00,
  0x00, 0x00, 0x00, 0x00, 0x00, 0x00, 0x00, 0x00, 0x00, 0x00, 0x00, 0x00,
  0x00, 0x00, 0x00, 0x00, 0x00, 0x00, 0x00, 0x00, 0x00, 0x00, 0x00, 0x00,
  0x00, 0x00, 0x00, 0x00, 0x00, 0x00, 0x00, 0x00, 0x00, 0x00, 0x00, 0x00,
  0x00, 0x00, 0x00, 0x00, 0x10, 0x00, 0x00, 0x00, 0x53, 0xe3, 0x25, 0x39,
  0xc6, 0x9c, 0x9e, 0x39, 0x0c, 0xb1, 0x15, 0x39, 0xf0, 0x2f, 0x10, 0x39,
  0x7b, 0x97, 0x81, 0x39, 0x73, 0x4b, 0x05, 0x39, 0xaa, 0xaa, 0x27, 0x39,
  0x7e, 0x81, 0x39, 0x39, 0xba, 0xda, 0xf8, 0x38, 0x8e, 0x92, 0x2d, 0x39,
  0xae, 0x71, 0x3f, 0x39, 0x2d, 0x5a, 0x21, 0x39, 0x3d, 0xd8, 0x8e, 0x39,
  0xe3, 0x8d, 0x1e, 0x39, 0xa5, 0x90, 0x09, 0x39, 0xef, 0x1c, 0x2d, 0x39,
  0x1a, 0x00, 0x00, 0x00, 0x6d, 0x6f, 0x64, 0x65, 0x6c, 0x2f, 0x62, 0x6e,
  0x33, 0x2f, 0x46, 0x75, 0x73, 0x65, 0x64, 0x42, 0x61, 0x74, 0x63, 0x68,
  0x4e, 0x6f, 0x72, 0x6d, 0x56, 0x33, 0x00, 0x00, 0x01, 0x00, 0x00, 0x00,
  0x10, 0x00, 0x00, 0x00, 0x56, 0xf8, 0xff, 0xff, 0x00, 0x00, 0x00, 0x01,
  0x14, 0x00, 0x00, 0x00, 0xe8, 0x00, 0x00, 0x00, 0x0c, 0x00, 0x00, 0x00,
  0x00, 0x00, 0x00, 0x09, 0xf4, 0x00, 0x00, 0x00, 0xbc, 0xf7, 0xff, 0xff,
  0x08, 0x00, 0x00, 0x00, 0x8c, 0x00, 0x00, 0x00, 0x10, 0x00, 0x00, 0x00,
  0x00, 0x00, 0x00, 0x00, 0x00, 0x00, 0x00, 0x00, 0x00, 0x00, 0x00, 0x00,
  0x00, 0x00, 0x00, 0x00, 0x00, 0x00, 0x00, 0x00, 0x00, 0x00, 0x00, 0x00,
  0x00, 0x00, 0x00, 0x00, 0x00, 0x00, 0x00, 0x00, 0x00, 0x00, 0x00, 0x00,
  0x00, 0x00, 0x00, 0x00, 0x00, 0x00, 0x00, 0x00, 0x00, 0x00, 0x00, 0x00,
  0x00, 0x00, 0x00, 0x00, 0x00, 0x00, 0x00, 0x00, 0x00, 0x00, 0x00, 0x00,
  0x00, 0x00, 0x00, 0x00, 0x00, 0x00, 0x00, 0x00, 0x00, 0x00, 0x00, 0x00,
  0x00, 0x00, 0x00, 0x00, 0x00, 0x00, 0x00, 0x00, 0x00, 0x00, 0x00, 0x00,
  0x00, 0x00, 0x00, 0x00, 0x00, 0x00, 0x00, 0x00, 0x00, 0x00, 0x00, 0x00,
  0x00, 0x00, 0x00, 0x00, 0x00, 0x00, 0x00, 0x00, 0x00, 0x00, 0x00, 0x00,
  0x00, 0x00, 0x00, 0x00, 0x00, 0x00, 0x00, 0x00, 0x00, 0x00, 0x00, 0x00,
  0x00, 0x00, 0x00, 0x00, 0x00, 0x00, 0x00, 0x00, 0x00, 0x00, 0x00, 0x00,
  0x10, 0x00, 0x00, 0x00, 0x2e, 0x73, 0xb5, 0x3b, 0x46, 0x1f, 0xf9, 0x3b,
  0x3f, 0xce, 0xed, 0x3b, 0xb9, 0x74, 0x7a, 0x3b, 0x84, 0xde, 0x1a, 0x3c,
  0xc9, 0xe3, 0x57, 0x3c, 0x1d, 0x8e, 0x97, 0x3b, 0x0d, 0xc1, 0xd0, 0x3b,
  0x87, 0xe2, 0x85, 0x3c, 0x22, 0xc7, 0x85, 0x3b, 0x48, 0x6a, 0xa4, 0x3b,
  0x64, 0x3b, 0x35, 0x3c, 0xff, 0xe4, 0x33, 0x3c, 0xf8, 0x86, 0x7e, 0x3b,
  0x0b, 0xb5, 0x99, 0x3b, 0xe0, 0x09, 0x7a, 0x3b, 0x12, 0x00, 0x00, 0x00,
  0x6d, 0x6f, 0x64, 0x65, 0x6c, 0x2f, 0x63, 0x6f, 0x6e, 0x76, 0x34, 0x2f,
  0x43, 0x6f, 0x6e, 0x76, 0x32, 0x44, 0x00, 0x00, 0x04, 0x00, 0x00, 0x00,
  0x10, 0x00, 0x00, 0x00, 0x01, 0x00, 0x00, 0x00, 0x01, 0x00, 0x00, 0x00,
  0x10, 0x00, 0x00, 0x00, 0x76, 0xf9, 0xff, 0xff, 0x00, 0x00, 0x00, 0x01,
  0x14, 0x00, 0x00, 0x00, 0xe4, 0x00, 0x00, 0x00, 0x0b, 0x00, 0x00, 0x00,
  0x00, 0x00, 0x00, 0x02, 0xf8, 0x00, 0x00, 0x00, 0xdc, 0xf8, 0xff, 0xff,
  0x08, 0x00, 0x00, 0x00, 0x88, 0x00, 0x00, 0x00, 0x10, 0x00, 0x00, 0x00,
  0x00, 0x00, 0x00, 0x00, 0x00, 0x00, 0x00, 0x00, 0x00, 0x00, 0x00, 0x00,
  0x00, 0x00, 0x00, 0x00, 0x00, 0x00, 0x00, 0x00, 0x00, 0x00, 0x00, 0x00,
  0x00, 0x00, 0x00, 0x00, 0x00, 0x00, 0x00, 0x00, 0x00, 0x00, 0x00, 0x00,
  0x00, 0x00, 0x00, 0x00, 0x00, 0x00, 0x00, 0x00, 0x00, 0x00, 0x00, 0x00,
  0x00, 0x00, 0x00, 0x00, 0x00, 0x00, 0x00, 0x00, 0x00, 0x00, 0x00, 0x00,
  0x00, 0x00, 0x00, 0x00, 0x00, 0x00, 0x00, 0x00, 0x00, 0x00, 0x00, 0x00,
  0x00, 0x00, 0x00, 0x00, 0x00, 0x00, 0x00, 0x00, 0x00, 0x00, 0x00, 0x00,
  0x00, 0x00, 0x00, 0x00, 0x00, 0x00, 0x00, 0x00, 0x00, 0x00, 0x00, 0x00,
  0x00, 0x00, 0x00, 0x00, 0x00, 0x00, 0x00, 0x00, 0x00, 0x00, 0x00, 0x00,
  0x00, 0x00, 0x00, 0x00, 0x00, 0x00, 0x00, 0x00, 0x00, 0x00, 0x00, 0x00,
  0x00, 0x00, 0x00, 0x00, 0x00, 0x00, 0x00, 0x00, 0x10, 0x00, 0x00, 0x00,
  0x1b, 0x8c, 0x49, 0x39, 0x82, 0x5b, 0x8a, 0x39, 0x8e, 0x12, 0x84, 0x39,
  0x24, 0x19, 0x0b, 0x39, 0xc2, 0x05, 0xac, 0x39, 0x3d, 0xcd, 0xef, 0x39,
  0x63, 0x57, 0x28, 0x39, 0x2c, 0xe0, 0x67, 0x39, 0xc5, 0xb6, 0x14, 0x3a,
  0x57, 0x98, 0x14, 0x39, 0x32, 0xa0, 0x36, 0x39, 0x23, 0x4e, 0xc9, 0x39,
  0xd2, 0xd1, 0xc7, 0x39, 0xfc, 0x5b, 0x0d, 0x39, 0x56, 0xbb, 0x2a, 0x39,
  0xcd, 0xdd, 0x0a, 0x39, 0x1a, 0x00, 0x00, 0x00, 0x6d, 0x6f, 0x64, 0x65,
  0x6c, 0x2f, 0x62, 0x6e, 0x34, 0x2f, 0x46, 0x75, 0x73, 0x65, 0x64, 0x42,
  0x61, 0x74, 0x63, 0x68, 0x4e, 0x6f, 0x72, 0x6d, 0x56, 0x33, 0x00, 0x00,
  0x01, 0x00, 0x00, 0x00, 0x10, 0x00, 0x00, 0x00, 0x8e, 0xfa, 0xff, 0xff,
  0x00, 0x00, 0x00, 0x01, 0x14, 0x00, 0x00, 0x00, 0x48, 0x01, 0x00, 0x00,
  0x0a, 0x00, 0x00, 0x00, 0x00, 0x00, 0x00, 0x09, 0x54, 0x01, 0x00, 0x00,
  0xf4, 0xf9, 0xff, 0xff, 0x08, 0x00, 0x00, 0x00, 0xcc, 0x00, 0x00, 0x00,
  0x18, 0x00, 0x00, 0x00, 0x00, 0x00, 0x00, 0x00, 0x00, 0x00, 0x00, 0x00,
  0x00, 0x00, 0x00, 0x00, 0x00, 0x00, 0x00, 0x00, 0x00, 0x00, 0x00, 0x00,
  0x00, 0x00, 0x00, 0x00, 0x00, 0x00, 0x00, 0x00, 0x00, 0x00, 0x00, 0x00,
  0x00, 0x00, 0x00, 0x00, 0x00, 0x00, 0x00, 0x00, 0x00, 0x00, 0x00, 0x00,
  0x00, 0x00, 0x00, 0x00, 0x00, 0x00, 0x00, 0x00, 0x00, 0x00, 0x00, 0x00,
  0x00, 0x00, 0x00, 0x00, 0x00, 0x00, 0x00, 0x00, 0x00, 0x00, 0x00, 0x00,
  0x00, 0x00, 0x00, 0x00, 0x00, 0x00, 0x00, 0x00, 0x00, 0x00, 0x00, 0x00,
  0x00, 0x00, 0x00, 0x00, 0x00, 0x00, 0x00, 0x00, 0x00, 0x00, 0x00, 0x00,
  0x00, 0x00, 0x00, 0x00, 0x00, 0x00, 0x00, 0x00, 0x00, 0x00, 0x00, 0x00,
  0x00, 0x00, 0x00, 0x00, 0x00, 0x00, 0x00, 0x00, 0x00, 0x00, 0x00, 0x00,
  0x00, 0x00, 0x00, 0x00, 0x00, 0x00, 0x00, 0x00, 0x00, 0x00, 0x00, 0x00,
  0x00, 0x00, 0x00, 0x00, 0x00, 0x00, 0x00, 0x00, 0x00, 0x00, 0x00, 0x00,
  0x00, 0x00, 0x00, 0x00, 0x00, 0x00, 0x00, 0x00, 0x00, 0x00, 0x00, 0x00,
  0x00, 0x00, 0x00, 0x00, 0x00, 0x00, 0x00, 0x00, 0x00, 0x00, 0x00, 0x00,
  0x00, 0x00, 0x00, 0x00, 0x00, 0x00, 0x00, 0x00, 0x00, 0x00, 0x00, 0x00,
  0x00, 0x00, 0x00, 0x00, 0x00, 0x00, 0x00, 0x00, 0x00, 0x00, 0x00, 0x00,
  0x00, 0x00, 0x00, 0x00, 0x00, 0x00, 0x00, 0x00, 0x18, 0x00, 0x00, 0x00,
  0xd9, 0x09, 0x93, 0x3b, 0x48, 0xa4, 0x81, 0x3b, 0x9a, 0x03, 0x91, 0x3b,
  0x3d, 0x79, 0x7b, 0x3b, 0xbf, 0x32, 0x73, 0x3b, 0x5b, 0xf7, 0xa8, 0x3b,
  0x55, 0x1c, 0x86, 0x3b, 0x5f, 0xba, 0x95, 0x3b, 0x19, 0x20, 0xae, 0x3b,
  0xf2, 0xcd, 0x7f, 0x3b, 0xed, 0xda, 0x87, 0x3b, 0xe0, 0x1d, 0xa4, 0x3b,
  0x21, 0x04, 0x80, 0x3b, 0x60, 0x14, 0x98, 0x3b, 0x64, 0x72, 0x9d, 0x3b,
  0x74, 0xdc, 0x69, 0x3b, 0xf4, 0xff, 0x81, 0x3b, 0xab, 0x61, 0x89, 0x3b,
  0xe7, 0x70, 0x89, 0x3b, 0x24, 0x66, 0x85, 0x3b, 0x4e, 0x06, 0x91, 0x3b,
  0x13, 0x2f, 0x8b, 0x3b, 0x5b, 0x91, 0x95, 0x3b, 0x83, 0xf5, 0x8e, 0x3b,
  0x12, 0x00, 0x00, 0x00, 0x6d, 0x6f, 0x64, 0x65, 0x6c, 0x2f, 0x63, 0x6f,
  0x6e, 0x76, 0x35, 0x2f, 0x43, 0x6f, 0x6e, 0x76, 0x32, 0x44, 0x00, 0x00,
  0x04, 0x00, 0x00, 0x00, 0x18, 0x00, 0x00, 0x00, 0x03, 0x00, 0x00, 0x00,
  0x03, 0x00, 0x00, 0x00, 0x10, 0x00, 0x00, 0x00, 0x0e, 0xfc, 0xff, 0xff,
  0x00, 0x00, 0x00, 0x01, 0x14, 0x00, 0x00, 0x00, 0x44, 0x01, 0x00, 0x00,
  0x09, 0x00, 0x00, 0x00, 0x00, 0x00, 0x00, 0x02, 0x58, 0x01, 0x00, 0x00,
  0x74, 0xfb, 0xff, 0xff, 0x08, 0x00, 0x00, 0x00, 0xc8, 0x00, 0x00, 0x00,
  0x18, 0x00, 0x00, 0x00, 0x00, 0x00, 0x00, 0x00, 0x00, 0x00, 0x00, 0x00,
  0x00, 0x00, 0x00, 0x00, 0x00, 0x00, 0x00, 0x00, 0x00, 0x00, 0x00, 0x00,
  0x00, 0x00, 0x00, 0x00, 0x00, 0x00, 0x00, 0x00, 0x00, 0x00, 0x00, 0x00,
  0x00, 0x00, 0x00, 0x00, 0x00, 0x00, 0x00, 0x00, 0x00, 0x00, 0x00, 0x00,
  0x00, 0x00, 0x00, 0x00, 0x00, 0x00, 0x00, 0x00, 0x00, 0x00, 0x00, 0x00,
  0x00, 0x00, 0x00, 0x00, 0x00, 0x00, 0x00, 0x00, 0x00, 0x00, 0x00, 0x00,
  0x00, 0x00, 0x00, 0x00, 0x00, 0x00, 0x00, 0x00, 0x00, 0x00, 0x00, 0x00,
  0x00, 0x00, 0x00, 0x00, 0x00, 0x00, 0x00, 0x00, 0x00, 0x00, 0x00, 0x00,
  0x00, 0x00, 0x00, 0x00, 0x00, 0x00, 0x00, 0x00, 0x00, 0x00, 0x00, 0x00,
  0x00, 0x00, 0x00, 0x00, 0x00, 0x00, 0x00, 0x00, 0x00, 0x00, 0x00, 0x00,
  0x00, 0x00, 0x00, 0x00, 0x00, 0x00, 0x00, 0x00, 0x00, 0x00, 0x00, 0x00,
  0x00, 0x00, 0x00, 0x00, 0x00, 0x00, 0x00, 0x00, 0x00, 0x00, 0x00, 0x00,
  0x00, 0x00, 0x00, 0x00, 0x00, 0x00, 0x00, 0x00, 0x00, 0x00, 0x00, 0x00,
  0x00, 0x00, 0x00, 0x00, 0x00, 0x00, 0x00, 0x00, 0x00, 0x00, 0x00, 0x00,
  0x00, 0x00, 0x00, 0x00, 0x00, 0x00, 0x00, 0x00, 0x00, 0x00, 0x00, 0x00,
  0x00, 0x00, 0x00, 0x00, 0x00, 0x00, 0x00, 0x00, 0x00, 0x00, 0x00, 0x00,
  0x00, 0x00, 0x00, 0x00, 0x18, 0x00, 0x00, 0x00, 0x96, 0x9d, 0x9f, 0x39,
  0x14, 0xbb, 0x8c, 0x39, 0x03, 0x6b, 0x9d, 0x39, 0xe9, 0x7d, 0x88, 0x39,
  0x0f, 0x00, 0x84, 0x39, 0x40, 0x6b, 0xb7, 0x39, 0xfd, 0x94, 0x91, 0x39,
  0x01, 0x89, 0xa2, 0x39, 0xf7, 0x04, 0xbd, 0x39, 0xae, 0xd7, 0x8a, 0x39,
  0xc8, 0x79, 0x93, 0x39, 0x94, 0x27, 0xb2, 0x39, 0x54, 0xf7, 0x8a, 0x39,
  0x80, 0x16, 0xa5, 0x39, 0x0b, 0xea, 0xaa, 0x39, 0x5e, 0xdd, 0x7d, 0x39,
  0x97, 0x1e, 0x8d, 0x39, 0xf2, 0x21, 0x95, 0x39, 0x7c, 0x32, 0x95, 0x39,
  0x36, 0xcf, 0x90, 0x39, 0xf2, 0x6d, 0x9d, 0x39, 0xd1, 0x16, 0x97, 0x39,
  0x7a, 0x5c, 0xa2, 0x39, 0xec, 0x2f, 0x9b, 0x39, 0x1a, 0x00, 0x00, 0x00,
  0x6d, 0x6f, 0x64, 0x65, 0x6c, 0x2f, 0x62, 0x6e, 0x35, 0x2f, 0x46, 0x75,
  0x73, 0x65, 0x64, 0x42, 0x61, 0x74, 0x63, 0x68, 0x4e, 0x6f, 0x72, 0x6d,
  0x56, 0x33, 0x00, 0x00, 0x01, 0x00, 0x00, 0x00, 0x18, 0x00, 0x00, 0x00,
  0x86, 0xfd, 0xff, 0xff, 0x00, 0x00, 0x00, 0x01, 0x14, 0x00, 0x00, 0x00,
  0x30, 0x00, 0x00, 0x00, 0x08, 0x00, 0x00, 0x00, 0x00, 0x00, 0x00, 0x09,
  0x3c, 0x00, 0x00, 0x00, 0xec, 0xfc, 0xff, 0xff, 0x08, 0x00, 0x00, 0x00,
  0x10, 0x00, 0x00, 0x00, 0x01, 0x00, 0x00, 0x00, 0x00, 0x00, 0x00, 0x00,
  0x00, 0x00, 0x00, 0x00, 0x01, 0x00, 0x00, 0x00, 0x7c, 0x5c, 0x7d, 0x3b,
  0x10, 0x00, 0x00, 0x00, 0x6d, 0x6f, 0x64, 0x65, 0x6c, 0x2f, 0x66, 0x63,
  0x31, 0x2f, 0x4d, 0x61, 0x74, 0x4d, 0x75, 0x6c, 0x00, 0x00, 0x00, 0x00,
  0x02, 0x00, 0x00, 0x00, 0x40, 0x00, 0x00, 0x00, 0x18, 0x00, 0x00, 0x00,
  0xe6, 0xfd, 0xff, 0xff, 0x00, 0x00, 0x00, 0x01, 0x14, 0x00, 0x00, 0x00,
  0x34, 0x00, 0x00, 0x00, 0x07, 0x00, 0x00, 0x00, 0x00, 0x00, 0x00, 0x02,
  0x50, 0x00, 0x00, 0x00, 0x4c, 0xfd, 0xff, 0xff, 0x08, 0x00, 0x00, 0x00,
  0x14, 0x00, 0x00, 0x00, 0x01, 0x00, 0x00, 0x00, 0x00, 0x00, 0x00, 0x00,
  0x00, 0x00, 0x00, 0x00, 0x00, 0x00, 0x00, 0x00, 0x01, 0x00, 0x00, 0x00,
  0x8c, 0x7c, 0x5e, 0x37, 0x20, 0x00, 0x00, 0x00, 0x6d, 0x6f, 0x64, 0x65,
  0x6c, 0x2f, 0x66, 0x63, 0x31, 0x2f, 0x42, 0x69, 0x61, 0x73, 0x41, 0x64,
  0x64, 0x2f, 0x52, 0x65, 0x61, 0x64, 0x56, 0x61, 0x72, 0x69, 0x61, 0x62,
  0x6c, 0x65, 0x4f, 0x70, 0x00, 0x00, 0x00, 0x00, 0x01, 0x00, 0x00, 0x00,
  0x40, 0x00, 0x00, 0x00, 0x56, 0xfe, 0xff, 0xff, 0x00, 0x00, 0x00, 0x01,
  0x14, 0x00, 0x00, 0x00, 0x30, 0x00, 0x00, 0x00, 0x06, 0x00, 0x00, 0x00,
  0x00, 0x00, 0x00, 0x09, 0x3c, 0x00, 0x00, 0x00, 0xbc, 0xfd, 0xff, 0xff,
  0x08, 0x00, 0x00, 0x00, 0x10, 0x00, 0x00, 0x00, 0x01, 0x00, 0x00, 0x00,
  0x00, 0x00, 0x00, 0x00, 0x00, 0x00, 0x00, 0x00, 0x01, 0x00, 0x00, 0x00,
  0xf5, 0x12, 0x3f, 0x3c, 0x10, 0x00, 0x00, 0x00, 0x6d, 0x6f, 0x64, 0x65,
  0x6c, 0x2f, 0x66, 0x63, 0x32, 0x2f, 0x4d, 0x61, 0x74, 0x4d, 0x75, 0x6c,
  0x00, 0x00, 0x00, 0x00, 0x02, 0x00, 0x00, 0x00, 0x10, 0x00, 0x00, 0x00,
  0x40, 0x00, 0x00, 0x00, 0xb6, 0xfe, 0xff, 0xff, 0x00, 0x00, 0x00, 0x01,
  0x14, 0x00, 0x00, 0x00, 0x34, 0x00, 0x00, 0x00, 0x05, 0x00, 0x00, 0x00,
  0x00, 0x00, 0x00, 0x02, 0x50, 0x00, 0x00, 0x00, 0x1c, 0xfe, 0xff, 0xff,
  0x08, 0x00, 0x00, 0x00, 0x14, 0x00, 0x00, 0x00, 0x01, 0x00, 0x00, 0x00,
  0x00, 0x00, 0x00, 0x00, 0x00, 0x00, 0x00, 0x00, 0x00, 0x00, 0x00, 0x00,
  0x01, 0x00, 0x00, 0x00, 0x8f, 0xfb, 0x54, 0x39, 0x20, 0x00, 0x00, 0x00,
  0x6d, 0x6f, 0x64, 0x65, 0x6c, 0x2f, 0x66, 0x63, 0x32, 0x2f, 0x42, 0x69,
  0x61, 0x73, 0x41, 0x64, 0x64, 0x2f, 0x52, 0x65, 0x61, 0x64, 0x56, 0x61,
  0x72, 0x69, 0x61, 0x62, 0x6c, 0x65, 0x4f, 0x70, 0x00, 0x00, 0x00, 0x00,
  0x01, 0x00, 0x00, 0x00, 0x10, 0x00, 0x00, 0x00, 0x26, 0xff, 0xff, 0xff,
  0x00, 0x00, 0x00, 0x01, 0x14, 0x00, 0x00, 0x00, 0x34, 0x00, 0x00, 0x00,
  0x04, 0x00, 0x00, 0x00, 0x00, 0x00, 0x00, 0x09, 0x44, 0x00, 0x00, 0x00,
  0x8c, 0xfe, 0xff, 0xff, 0x08, 0x00, 0x00, 0x00, 0x14, 0x00, 0x00, 0x00,
  0x01, 0x00, 0x00, 0x00, 0x00, 0x00, 0x00, 0x00, 0x00, 0x00, 0x00, 0x00,
  0x00, 0x00, 0x00, 0x00, 0x01, 0x00, 0x00, 0x00, 0x6f, 0x3d, 0xba, 0x3b,
  0x17, 0x00, 0x00, 0x00, 0x6d, 0x6f, 0x64, 0x65, 0x6c, 0x2f, 0x62, 0x70,
  0x6d, 0x5f, 0x6f, 0x75, 0x74, 0x70, 0x75, 0x74, 0x2f, 0x4d, 0x61, 0x74,
  0x4d, 0x75, 0x6c, 0x00, 0x02, 0x00, 0x00, 0x00, 0x01, 0x00, 0x00, 0x00,
  0x10, 0x00, 0x00, 0x00, 0x8e, 0xff, 0xff, 0xff, 0x00, 0x00, 0x00, 0x01,
  0x14, 0x00, 0x00, 0x00, 0x30, 0x00, 0x00, 0x00, 0x03, 0x00, 0x00, 0x00,
  0x00, 0x00, 0x00, 0x02, 0x50, 0x00, 0x00, 0x00, 0xf4, 0xfe, 0xff, 0xff,
  0x08, 0x00, 0x00, 0x00, 0x10, 0x00, 0x00, 0x00, 0x01, 0x00, 0x00, 0x00,
  0x00, 0x00, 0x00, 0x00, 0x00, 0x00, 0x00, 0x00, 0x01, 0x00, 0x00, 0x00,
  0xbc, 0xb5, 0x5b, 0x3a, 0x27, 0x00, 0x00, 0x00, 0x6d, 0x6f, 0x64, 0x65,
  0x6c, 0x2f, 0x62, 0x70, 0x6d, 0x5f, 0x6f, 0x75, 0x74, 0x70, 0x75, 0x74,
  0x2f, 0x42, 0x69, 0x61, 0x73, 0x41, 0x64, 0x64, 0x2f, 0x52, 0x65, 0x61,
  0x64, 0x56, 0x61, 0x72, 0x69, 0x61, 0x62, 0x6c, 0x65, 0x4f, 0x70, 0x00,
  0x01, 0x00, 0x00, 0x00, 0x01, 0x00, 0x00, 0x00, 0x00, 0x00, 0x16, 0x00,
  0x1c, 0x00, 0x18, 0x00, 0x17, 0x00, 0x10, 0x00, 0x0c, 0x00, 0x08, 0x00,
  0x00, 0x00, 0x00, 0x00, 0x00, 0x00, 0x07, 0x00, 0x16, 0x00, 0x00, 0x00,
  0x00, 0x00, 0x00, 0x01, 0x18, 0x00, 0x00, 0x00, 0x18, 0x00, 0x00, 0x00,
  0x02, 0x00, 0x00, 0x00, 0x00, 0x00, 0x00, 0x02, 0x34, 0x00, 0x00, 0x00,
  0x04, 0x00, 0x04, 0x00, 0x04, 0x00, 0x00, 0x00, 0x20, 0x00, 0x00, 0x00,
  0x6d, 0x6f, 0x64, 0x65, 0x6c, 0x2f, 0x67, 0x61, 0x70, 0x2f, 0x4d, 0x65,
  0x61, 0x6e, 0x2f, 0x72, 0x65, 0x64, 0x75, 0x63, 0x74, 0x69, 0x6f, 0x6e,
  0x5f, 0x69, 0x6e, 0x64, 0x69, 0x63, 0x65, 0x73, 0x00, 0x00, 0x00, 0x00,
  0x01, 0x00, 0x00, 0x00, 0x02, 0x00, 0x00, 0x00, 0x00, 0x00, 0x16, 0x00,
  0x20, 0x00, 0x1c, 0x00, 0x1b, 0x00, 0x14, 0x00, 0x10, 0x00, 0x0c, 0x00,
  0x00, 0x00, 0x00, 0x00, 0x08, 0x00, 0x07, 0x00, 0x16, 0x00, 0x00, 0x00,
  0x00, 0x00, 0x00, 0x01, 0x18, 0x00, 0x00, 0x00, 0x34, 0x00, 0x00, 0x00,
  0x50, 0x00, 0x00, 0x00, 0x01, 0x00, 0x00, 0x00, 0x00, 0x00, 0x00, 0x09,
  0x68, 0x00, 0x00, 0x00, 0x04, 0x00, 0x00, 0x00, 0xff, 0xff, 0xff, 0xff,
  0x33, 0x05, 0x00, 0x00, 0x14, 0x00, 0x00, 0x00, 0x01, 0x00, 0x00, 0x00,
  0x0c, 0x00, 0x0c, 0x00, 0x00, 0x00, 0x00, 0x00, 0x08, 0x00, 0x04, 0x00,
  0x0c, 0x00, 0x00, 0x00, 0x08, 0x00, 0x00, 0x00, 0x10, 0x00, 0x00, 0x00,
  0x01, 0x00, 0x00, 0x00, 0x17, 0x00, 0x00, 0x00, 0x00, 0x00, 0x00, 0x00,
  0x01, 0x00, 0x00, 0x00, 0x62, 0x51, 0x86, 0x3d, 0x1c, 0x00, 0x00, 0x00,
  0x73, 0x65, 0x72, 0x76, 0x69, 0x6e, 0x67, 0x5f, 0x64, 0x65, 0x66, 0x61,
  0x75, 0x6c, 0x74, 0x5f, 0x6d, 0x66, 0x63, 0x63, 0x5f, 0x69, 0x6e, 0x70,
  0x75, 0x74, 0x3a, 0x30, 0x00, 0x00, 0x00, 0x00, 0x04, 0x00, 0x00, 0x00,
  0x01, 0x00, 0x00, 0x00, 0x33, 0x05, 0x00, 0x00, 0x14, 0x00, 0x00, 0x00,
  0x01, 0x00, 0x00, 0x00, 0x04, 0x00, 0x00, 0x00, 0x4c, 0x00, 0x00, 0x00,
  0x2c, 0x00, 0x00, 0x00, 0x18, 0x00, 0x00, 0x00, 0x04, 0x00, 0x00, 0x00,
  0xd0, 0xff, 0xff, 0xff, 0x09, 0x00, 0x00, 0x00, 0x04, 0x00, 0x00, 0x00,
  0x00, 0x00, 0x00, 0x09, 0xe0, 0xff, 0xff, 0xff, 0x28, 0x00, 0x00, 0x00,
  0x02, 0x00, 0x00, 0x00, 0x00, 0x00, 0x00, 0x28, 0xf0, 0xff, 0xff, 0xff,
  0x11, 0x00, 0x00, 0x00, 0x02, 0x00, 0x00, 0x00, 0x00, 0x00, 0x00, 0x11,
  0x0c, 0x00, 0x10, 0x00, 0x0f, 0x00, 0x00, 0x00, 0x08, 0x00, 0x04, 0x00,
  0x0c, 0x00, 0x00, 0x00, 0x03, 0x00, 0x00, 0x00, 0x03, 0x00, 0x00, 0x00,
  0x00, 0x00, 0x00, 0x03
};

const unsigned int g_heart_model_data_len = 16768;

#ifdef __cplusplus
}
#endif

#endif /* G_HEART_MODEL_DATA_H */